/*
Navicat MySQL Data Transfer

Source Server         : 207.226.141.212
Source Server Version : 50621
Source Host           : 127.0.0.1:3306
Source Database       : mrblog

Target Server Type    : MYSQL
Target Server Version : 50621
File Encoding         : 65001

Date: 2015-03-26 15:26:07
*/

SET FOREIGN_KEY_CHECKS=0;

-- ----------------------------
-- Table structure for `bk_access`
-- ----------------------------
DROP TABLE IF EXISTS `bk_access`;
CREATE TABLE `bk_access` (
  `id` int(11) NOT NULL AUTO_INCREMENT,
  `role_id` int(11) NOT NULL COMMENT '角色的ID',
  `permission_id` int(11) NOT NULL COMMENT '节点的ID',
  `type` tinyint(1) NOT NULL DEFAULT '1' COMMENT '标识是用户组还是用户1为用户组2为用户,默认为用户组',
  PRIMARY KEY (`id`),
  KEY `role_id` (`role_id`) USING BTREE,
  KEY `node_id` (`permission_id`) USING BTREE
) ENGINE=InnoDB AUTO_INCREMENT=377 DEFAULT CHARSET=utf8 COMMENT='权限表_by_jiang';

-- ----------------------------
-- Records of bk_access
-- ----------------------------
INSERT INTO `bk_access` VALUES ('318', '4', '85', '1');
INSERT INTO `bk_access` VALUES ('327', '4', '22', '1');
INSERT INTO `bk_access` VALUES ('328', '4', '12', '1');
INSERT INTO `bk_access` VALUES ('330', '29', '29', '2');
INSERT INTO `bk_access` VALUES ('331', '29', '11', '2');
INSERT INTO `bk_access` VALUES ('332', '7', '20', '2');
INSERT INTO `bk_access` VALUES ('333', '7', '22', '2');
INSERT INTO `bk_access` VALUES ('334', '7', '27', '2');
INSERT INTO `bk_access` VALUES ('335', '7', '28', '2');
INSERT INTO `bk_access` VALUES ('336', '7', '29', '2');
INSERT INTO `bk_access` VALUES ('337', '7', '35', '2');
INSERT INTO `bk_access` VALUES ('349', '7', '20', '1');
INSERT INTO `bk_access` VALUES ('350', '7', '22', '1');
INSERT INTO `bk_access` VALUES ('351', '7', '27', '1');
INSERT INTO `bk_access` VALUES ('352', '7', '28', '1');
INSERT INTO `bk_access` VALUES ('353', '7', '29', '1');
INSERT INTO `bk_access` VALUES ('354', '7', '8', '1');
INSERT INTO `bk_access` VALUES ('355', '7', '37', '1');
INSERT INTO `bk_access` VALUES ('356', '7', '12', '1');
INSERT INTO `bk_access` VALUES ('357', '7', '21', '1');
INSERT INTO `bk_access` VALUES ('358', '7', '34', '1');
INSERT INTO `bk_access` VALUES ('359', '7', '36', '1');
INSERT INTO `bk_access` VALUES ('360', '7', '35', '1');
INSERT INTO `bk_access` VALUES ('361', '1', '34', '2');
INSERT INTO `bk_access` VALUES ('362', '1', '36', '2');
INSERT INTO `bk_access` VALUES ('363', '1', '35', '2');
INSERT INTO `bk_access` VALUES ('364', '30', '34', '2');
INSERT INTO `bk_access` VALUES ('365', '30', '36', '2');
INSERT INTO `bk_access` VALUES ('366', '30', '35', '2');
INSERT INTO `bk_access` VALUES ('367', '30', '37', '2');
INSERT INTO `bk_access` VALUES ('368', '30', '42', '2');
INSERT INTO `bk_access` VALUES ('369', '4', '1', '1');
INSERT INTO `bk_access` VALUES ('370', '4', '2', '1');
INSERT INTO `bk_access` VALUES ('371', '4', '3', '1');
INSERT INTO `bk_access` VALUES ('372', '4', '4', '1');
INSERT INTO `bk_access` VALUES ('373', '4', '34', '1');
INSERT INTO `bk_access` VALUES ('374', '4', '36', '1');
INSERT INTO `bk_access` VALUES ('375', '4', '37', '1');
INSERT INTO `bk_access` VALUES ('376', '4', '42', '1');

-- ----------------------------
-- Table structure for `bk_article_classify`
-- ----------------------------
DROP TABLE IF EXISTS `bk_article_classify`;
CREATE TABLE `bk_article_classify` (
  `id` int(11) unsigned NOT NULL AUTO_INCREMENT,
  `name` char(32) NOT NULL COMMENT '分类名称',
  `sort` int(11) NOT NULL COMMENT '排序码',
  `is_active` tinyint(1) NOT NULL COMMENT '是否激活（0-未激活、1-激活）',
  `is_delete` tinyint(1) NOT NULL COMMENT '是否删除（做软删除）（0-删除、1-未删除）',
  `time` int(11) NOT NULL COMMENT '操作时间',
  PRIMARY KEY (`id`),
  KEY `is_active` (`is_active`) USING BTREE,
  KEY `is_delete` (`is_delete`) USING BTREE,
  KEY `sort` (`sort`) USING BTREE,
  KEY `name` (`name`) USING BTREE
) ENGINE=InnoDB AUTO_INCREMENT=26 DEFAULT CHARSET=utf8 COMMENT='文章分类配置表';

-- ----------------------------
-- Records of bk_article_classify
-- ----------------------------
INSERT INTO `bk_article_classify` VALUES ('1', '金融', '0', '1', '0', '0');
INSERT INTO `bk_article_classify` VALUES ('2', '汽车', '0', '1', '0', '0');
INSERT INTO `bk_article_classify` VALUES ('3', 'js', '0', '1', '1', '0');
INSERT INTO `bk_article_classify` VALUES ('4', 'centos', '0', '1', '1', '0');
INSERT INTO `bk_article_classify` VALUES ('5', 'php', '0', '1', '1', '1421918154');
INSERT INTO `bk_article_classify` VALUES ('6', '测试分类1', '0', '1', '0', '1421898630');
INSERT INTO `bk_article_classify` VALUES ('7', '123131a', '0', '0', '0', '1421900997');
INSERT INTO `bk_article_classify` VALUES ('8', '12311a', '0', '1', '0', '1421917477');
INSERT INTO `bk_article_classify` VALUES ('9', '测试分类', '0', '0', '0', '0');
INSERT INTO `bk_article_classify` VALUES ('10', '123123aa', '0', '1', '0', '0');
INSERT INTO `bk_article_classify` VALUES ('11', '测试分类', '0', '1', '0', '0');
INSERT INTO `bk_article_classify` VALUES ('12', '测试分类账1', '0', '1', '0', '0');
INSERT INTO `bk_article_classify` VALUES ('24', '测试测试', '0', '1', '0', '0');
INSERT INTO `bk_article_classify` VALUES ('25', 'd1', '0', '0', '0', '0');

-- ----------------------------
-- Table structure for `bk_article_classify_relation`
-- ----------------------------
DROP TABLE IF EXISTS `bk_article_classify_relation`;
CREATE TABLE `bk_article_classify_relation` (
  `id` int(11) unsigned NOT NULL AUTO_INCREMENT,
  `article_id` int(11) NOT NULL COMMENT '文章ID',
  `classify_id` int(11) NOT NULL COMMENT '分类ID',
  `time` int(11) NOT NULL COMMENT '操作时间',
  PRIMARY KEY (`id`),
  KEY `classify_id` (`classify_id`) USING BTREE,
  KEY `article_id` (`article_id`) USING BTREE
) ENGINE=InnoDB AUTO_INCREMENT=171 DEFAULT CHARSET=utf8 COMMENT='文章所属分类表';

-- ----------------------------
-- Records of bk_article_classify_relation
-- ----------------------------
INSERT INTO `bk_article_classify_relation` VALUES ('1', '1', '1', '0');
INSERT INTO `bk_article_classify_relation` VALUES ('2', '2', '1', '0');
INSERT INTO `bk_article_classify_relation` VALUES ('3', '11', '1', '0');
INSERT INTO `bk_article_classify_relation` VALUES ('24', '7', '4', '1421745548');
INSERT INTO `bk_article_classify_relation` VALUES ('25', '6', '2', '1421745590');
INSERT INTO `bk_article_classify_relation` VALUES ('35', '13', '3', '1421916884');
INSERT INTO `bk_article_classify_relation` VALUES ('36', '15', '5', '1421981555');
INSERT INTO `bk_article_classify_relation` VALUES ('37', '9', '3', '1421983993');
INSERT INTO `bk_article_classify_relation` VALUES ('42', '8', '2', '1421984146');
INSERT INTO `bk_article_classify_relation` VALUES ('43', '10', '3', '1421984187');
INSERT INTO `bk_article_classify_relation` VALUES ('44', '10', '4', '1421984187');
INSERT INTO `bk_article_classify_relation` VALUES ('45', '12', '1', '1421984213');
INSERT INTO `bk_article_classify_relation` VALUES ('46', '12', '2', '1421984213');
INSERT INTO `bk_article_classify_relation` VALUES ('47', '17', '1', '1421995588');
INSERT INTO `bk_article_classify_relation` VALUES ('50', '19', '1', '1422261564');
INSERT INTO `bk_article_classify_relation` VALUES ('51', '19', '5', '1422261564');
INSERT INTO `bk_article_classify_relation` VALUES ('52', '18', '5', '1422264857');
INSERT INTO `bk_article_classify_relation` VALUES ('53', '21', '1', '1422269285');
INSERT INTO `bk_article_classify_relation` VALUES ('54', '22', '5', '1422330735');
INSERT INTO `bk_article_classify_relation` VALUES ('55', '23', '5', '1422352131');
INSERT INTO `bk_article_classify_relation` VALUES ('56', '24', '1', '1422356202');
INSERT INTO `bk_article_classify_relation` VALUES ('57', '26', '5', '1422413723');
INSERT INTO `bk_article_classify_relation` VALUES ('58', '16', '1', '1422418172');
INSERT INTO `bk_article_classify_relation` VALUES ('59', '16', '2', '1422418172');
INSERT INTO `bk_article_classify_relation` VALUES ('60', '49', '4', '1426756312');
INSERT INTO `bk_article_classify_relation` VALUES ('61', '49', '3', '1426756312');
INSERT INTO `bk_article_classify_relation` VALUES ('62', '50', '4', '1426756397');
INSERT INTO `bk_article_classify_relation` VALUES ('63', '50', '3', '1426756397');
INSERT INTO `bk_article_classify_relation` VALUES ('69', '51', '4', '1426819574');
INSERT INTO `bk_article_classify_relation` VALUES ('70', '51', '3', '1426819574');
INSERT INTO `bk_article_classify_relation` VALUES ('71', '51', '2', '1426819574');
INSERT INTO `bk_article_classify_relation` VALUES ('83', '52', '5', '1426823650');
INSERT INTO `bk_article_classify_relation` VALUES ('84', '52', '4', '1426823650');
INSERT INTO `bk_article_classify_relation` VALUES ('85', '52', '3', '1426823650');
INSERT INTO `bk_article_classify_relation` VALUES ('86', '52', '2', '1426823650');
INSERT INTO `bk_article_classify_relation` VALUES ('142', '53', '5', '1427198477');
INSERT INTO `bk_article_classify_relation` VALUES ('143', '54', '5', '1427198491');
INSERT INTO `bk_article_classify_relation` VALUES ('144', '55', '5', '1427198506');
INSERT INTO `bk_article_classify_relation` VALUES ('145', '56', '5', '1427198518');
INSERT INTO `bk_article_classify_relation` VALUES ('146', '57', '5', '1427198529');
INSERT INTO `bk_article_classify_relation` VALUES ('147', '63', '5', '1427198544');
INSERT INTO `bk_article_classify_relation` VALUES ('148', '63', '4', '1427198544');
INSERT INTO `bk_article_classify_relation` VALUES ('149', '62', '5', '1427198558');
INSERT INTO `bk_article_classify_relation` VALUES ('150', '62', '4', '1427198558');
INSERT INTO `bk_article_classify_relation` VALUES ('151', '61', '4', '1427198568');
INSERT INTO `bk_article_classify_relation` VALUES ('152', '60', '4', '1427198576');
INSERT INTO `bk_article_classify_relation` VALUES ('153', '59', '5', '1427198592');
INSERT INTO `bk_article_classify_relation` VALUES ('154', '59', '4', '1427198592');
INSERT INTO `bk_article_classify_relation` VALUES ('155', '58', '5', '1427198609');
INSERT INTO `bk_article_classify_relation` VALUES ('156', '58', '4', '1427198609');
INSERT INTO `bk_article_classify_relation` VALUES ('157', '64', '5', '1427206381');
INSERT INTO `bk_article_classify_relation` VALUES ('159', '65', '5', '1427206660');
INSERT INTO `bk_article_classify_relation` VALUES ('160', '66', '4', '1427206838');
INSERT INTO `bk_article_classify_relation` VALUES ('162', '68', '3', '1427207602');
INSERT INTO `bk_article_classify_relation` VALUES ('163', '69', '4', '1427207907');
INSERT INTO `bk_article_classify_relation` VALUES ('164', '67', '4', '1427208041');
INSERT INTO `bk_article_classify_relation` VALUES ('165', '70', '4', '1427208192');
INSERT INTO `bk_article_classify_relation` VALUES ('170', '71', '5', '1427285900');

-- ----------------------------
-- Table structure for `bk_article_detail`
-- ----------------------------
DROP TABLE IF EXISTS `bk_article_detail`;
CREATE TABLE `bk_article_detail` (
  `id` int(11) unsigned NOT NULL AUTO_INCREMENT,
  `user_id` int(11) NOT NULL COMMENT '用户ID',
  `article_id` int(11) NOT NULL COMMENT '文章ID',
  `content` longtext NOT NULL COMMENT '文章内容',
  `time` int(11) NOT NULL COMMENT '操作时间',
  PRIMARY KEY (`id`),
  KEY `article_id` (`article_id`) USING BTREE,
  KEY `user_id` (`user_id`) USING BTREE
) ENGINE=InnoDB AUTO_INCREMENT=59 DEFAULT CHARSET=utf8 COMMENT='文章副表';

-- ----------------------------
-- Records of bk_article_detail
-- ----------------------------
INSERT INTO `bk_article_detail` VALUES ('6', '47', '1', '<p class=\"f_15\"><strong>投稿须知</strong></p><p>·我们每年将发放不少于1000万元的稿酬给界面\r\n 作者，界面为推送到首页的稿件支付500至5000\r\n 元的稿酬。决定稿酬和额外奖励的因素包括是否\r\n 独家供稿、编辑部评定以及用户和数据反馈等；\r\n 界面编辑部保留计算稿酬、支付等条款的更改权\r\n 和解释权。<br /><br />·我们希望收到的文章是：重大商业事件独到的分\r\n 析或评论；对宏观、金融领域具有前瞻价值的文\r\n 章；有一手采访的独家商业新闻（欢迎专业财经\r\n 记者为我们撰稿）；与本人工作有关的值得被分\r\n 享的内容；十分独特的排行榜；图片报道；原创\r\n 的足够幽默的内容。一般情况下，文章的字数请\r\n 保持在1000到2000字之间。<br /><br />·我们不建议你发送的文章：没有一手信息或独\r\n 家评论的重大新闻报道；带有攻击性或侵犯他\r\n 人隐私的文章；软文或带有关键词营销的文章。</p><p><img src=\"http://img.wownn.net/20150116/1421400328435653.jpg\" title=\"1421400328435653.jpg\" alt=\"ewm.jpg\" /></p>', '1421400344');
INSERT INTO `bk_article_detail` VALUES ('7', '47', '9', '<p class=\"f_15\"><strong>投稿须知</strong></p><p>·我们每年将发放不少于1000万元的稿酬给界面\r\n 作者，界面为推送到首页的稿件支付500至5000\r\n 元的稿酬。决定稿酬和额外奖励的因素包括是否\r\n 独家供稿、编辑部评定以及用户和数据反馈等；\r\n 界面编辑部保留计算稿酬、支付等条款的更改权\r\n 和解释权。<br/><br/>·我们希望收到的文章是：重大商业事件独到的分\r\n 析或评论；对宏观、金融领域具有前瞻价值的文\r\n 章；有一手采访的独家商业新闻（欢迎专业财经\r\n 记者为我们撰稿）；与本人工作有关的值得被分\r\n 享的内容；十分独特的排行榜；图片报道；原创\r\n 的足够幽默的内容。一般情况下，文章的字数请\r\n 保持在1000到2000字之间。<br/><br/>·我们不建议你发送的文章：没有一手信息或独\r\n 家评论的重大新闻报道；带有攻击性或侵犯他\r\n 人隐私的文章；软文或带有关键词营销的文章。</p><p><img src=\"http://img.wownn.net/20150116/1421400328435653.jpg\" title=\"1421400328435653.jpg\" alt=\"ewm.jpg\"/></p>', '1421400510');
INSERT INTO `bk_article_detail` VALUES ('8', '47', '10', '<p class=\"f_15\"><strong>投稿须知</strong></p><p>·我们每年将发放不少于1000万元的稿酬给界面\r\n 作者，界面为推送到首页的稿件支付500至5000\r\n 元的稿酬。决定稿酬和额外奖励的因素包括是否\r\n 独家供稿、编辑部评定以及用户和数据反馈等；\r\n 界面编辑部保留计算稿酬、支付等条款的更改权\r\n 和解释权。<br/><br/>·我们希望收到的文章是：重大商业事件独到的分\r\n 析或评论；对宏观、金融领域具有前瞻价值的文\r\n 章；有一手采访的独家商业新闻（欢迎专业财经\r\n 记者为我们撰稿）；与本人工作有关的值得被分\r\n 享的内容；十分独特的排行榜；图片报道；原创\r\n 的足够幽默的内容。一般情况下，文章的字数请\r\n 保持在1000到2000字之间。<br/><br/>·我们不建议你发送的文章：没有一手信息或独\r\n 家评论的重大新闻报道；带有攻击性或侵犯他\r\n 人隐私的文章；软文或带有关键词营销的文章。</p><p><img src=\"http://img.wownn.net/20150116/1421400328435653.jpg\" title=\"1421400328435653.jpg\" alt=\"ewm.jpg\"/></p><p><img src=\"http://img.wownn.net/20150116/1421400328435653.jpg\" title=\"1421400328435653.jpg\" alt=\"ewm.jpg\"/></p><p><br/></p>', '1421400718');
INSERT INTO `bk_article_detail` VALUES ('9', '47', '11', '<p>额外奖励的因素包括</p><p><img src=\"http://img.wownn.net/20150116/1421401447102484.png\" title=\"1421401447102484.png\" alt=\"1421401447102484.png\" /></p><p><img src=\"http://img.wownn.net/20150116/1421401451162746.jpg\" title=\"1421401451162746.jpg\" alt=\"1421401451162746.jpg\" /></p><p><br /></p>', '1421401459');
INSERT INTO `bk_article_detail` VALUES ('10', '47', '12', '<p class=\"f_15\"><strong>投稿须知</strong></p><p>·我们每年将发放不少于1000万元的稿酬给界面\r\n 作者，界面为推送到首页的稿件支付500至5000\r\n 元的稿酬。决定稿酬和额外奖励的因素包括是否\r\n 独家供稿、编辑部评定以及用户和数据反馈等；\r\n 界面编辑部保留计算稿酬、支付等条款的更改权\r\n 和解释权。<br/><br/>·我们希望收到的文章是：重大商业事件独到的分\r\n 析或评论；对宏观、金融领域具有前瞻价值的文\r\n 章；有一手采访的独家商业新闻（欢迎专业财经\r\n 记者为我们撰稿）；与本人工作有关的值得被分\r\n 享的内容；十分独特的排行榜；图片报道；原创\r\n 的足够幽默的内容。一般情况下，文章的字数请\r\n 保持在1000到2000字之间。<br/><br/>·我们不建议你发送的文章：没有一手信息或独\r\n 家评论的重大新闻报道；带有攻击性或侵犯他\r\n 人隐私的文章；软文或带有关键词营销的文章。</p><p><img src=\"http://img.wownn.net/20150116/1421400328435653.jpg\" title=\"1421400328435653.jpg\" alt=\"ewm.jpg\"/></p><p><img src=\"http://img.wownn.net/20150116/1421400328435653.jpg\" title=\"1421400328435653.jpg\" alt=\"ewm.jpg\"/></p><p><br/></p>', '1421632451');
INSERT INTO `bk_article_detail` VALUES ('11', '47', '13', '<p class=\"f_15\"><strong>投稿须知</strong></p><p>·我们每年将发放不少于1000万元的稿酬给界面\r\n 作者，界面为推送到首页的稿件支付500至5000\r\n 元的稿酬。决定稿酬和额外奖励的因素包括是否\r\n 独家供稿、编辑部评定以及用户和数据反馈等；\r\n 界面编辑部保留计算稿酬、支付等条款的更改权\r\n 和解释权。<br/><br/>·我们希望收到的文章是：重大商业事件独到的分\r\n 析或评论；对宏观、金融领域具有前瞻价值的文\r\n 章；有一手采访的独家商业新闻（欢迎专业财经\r\n 记者为我们撰稿）；与本人工作有关的值得被分\r\n 享的内容；十分独特的排行榜；图片报道；原创\r\n 的足够幽默的内容。一般情况下，文章的字数请\r\n 保持在1000到2000字之间。<br/><br/>·我们不建议你发送的文章：没有一手信息或独\r\n 家评论的重大新闻报道；带有攻击性或侵犯他\r\n 人隐私的文章；软文或带有关键词营销的文章。</p><p><br/></p>', '1421916667');
INSERT INTO `bk_article_detail` VALUES ('12', '47', '14', '<p>这个是测试这个是测试这个是测试这个是测试这个是测试这个是测试这个是测试这个是测试这个是测试这个是测试这个是测试这个是测试这个是测试这个是测试这个是测试这个是测试这个是测试这个是测试这个是测试这个是测试这个是测试这个是测试这个是测试这个是测试这个是测试这个是测试这个是测试这个是测试这个是测试这个是测试这个是测试这个是测试这个是测试这个是测试这个是测试这个是测试这个是测试这个是测试这个是测试这个是测试这个是测试这个是测试这个是测试这个是测试这个是测试这个是测试这个是测试这个是测试这个是测试这个是测试这个是测试这个是测试这个是测试这个是测试这个是测试这个是测试这个是测试这个是测试这个是测试这个是测试这个是测试这个是测试这个是测试这个是测试这个是测试这个是测试这个是测试这个是测试这个是测试这个是测试这个是测试这个是测试这个是测试这个是测试v</p><p><img src=\"http://img.wownn.net/20150123/1421978601272921.png\" title=\"1421978601272921.png\" alt=\"55.png\" /></p>', '1421978622');
INSERT INTO `bk_article_detail` VALUES ('13', '47', '15', '<p>这些是内容测试这些是内容测试这些是内容测试这些是内容测试这些是内容测试这些是内容测试这些是内容测试这些是内容测试这些是内容测试这些是内容测试这些是内容测试这些是内容测试这些是内容测试这些是内容测试这些是内容测试这些是内容测试这些是内容测试这些是内容测试这些是内容测试这些是内容测试这些是内容测试这些是内容测试这些是内容测试这些是内容测试这些是内容测试这些是内容测试这些是内容测试这些是内容测试这些是内容测试这些是内容测试这些是内容测试这些是内容测试这些是内容测试这些是内容测试这些是内容测试这些是内容测试这些是内容测试这些是内容测试这些是内容测试这些是内容测试这些是内容测试这些是内容测试这些是内容测试这些是内容测试这些是内容测试这些是内容测试这些是内容测试这些是内容测试这些是</p><p><img src=\"http://img.wownn.net/20150123/1421979301128463.png\" title=\"1421979301128463.png\" alt=\"55.png\"/></p><p>内容测试这些是内容测试这些是内容测试这些是内容测试这些是内容测试这些是内容测试这些是内容测试这些是内容测试这些是内容测试这些是内容测试这些是内容测试这些是内容测试这些是内容测试这些是内容测试这些是内容测试这些是内容测试这些是内容测试这些是内容测试这些是内容测试这些是内容测试这些是内容测试这些是内容测试</p><p><img src=\"http://img.wownn.net/20150123/1421979266294571.jpg\" title=\"1421979266294571.jpg\" alt=\"ewm.jpg\"/></p>', '1421979337');
INSERT INTO `bk_article_detail` VALUES ('14', '54', '16', '<h1 label=\"标题居中\" style=\"font-size: 32px; font-weight: bold; border-bottom-color: rgb(204, 204, 204); border-bottom-width: 2px; border-bottom-style: solid; padding: 0px 4px 0px 0px; text-align: center; margin: 0px 0px 20px;\">自己测试<br/></h1><h1>h1</h1><h2>h2<br/></h2><h3>h3<br/></h3><h4>h4<br/></h4><h5>h5<br/></h5><h6>h6<br/></h6><p style=\"text-indent: 2em;\"><strong>·我们每年将发放不少于1000万元的稿酬给界面 作者，界面为推送到首页的稿件支付500至5000 元的稿酬。决定稿酬和额外奖励的因素包括是否 独家供稿、编辑部评定以及用户和数据反馈等； 界面编辑部保留计算稿酬、支付等条款的更改权 和解释权。</strong><br/><br/><em>·我们希望收到的文章是：重大商业事件独到的分 析或评论；对宏观、金融领域具有前瞻价值的文 章；有一手采访的独家商业新闻（欢迎专业财经 记者为我们撰稿）；与本人工作有关的值得被分 享的内容；十分独特的排行榜；图片报道；原创 的足够幽默的内容。一般情况下，文章的字数请 保持在1000到2000字之间。</em><br/><br/><span style=\"text-decoration: underline;\">·我们不建议你发送的文章：没有一手信息或独 家评论的重大新闻报道；带有攻击性或侵犯他 人隐私的文章；软文或带有关键词营销的文章。</span></p><p style=\"text-indent: 2em;\"><span style=\"text-decoration: underline;\"><br/></span></p><p style=\"text-indent: 2em;\"><span style=\"text-decoration: line-through;\"><span style=\"text-decoration:underline;\">换两行</span></span></p><p style=\"text-indent: 2em;\"><span style=\"text-decoration: line-through;\"><span style=\"text-decoration:underline;\">换一行</span></span></p><p style=\"text-indent: 2em;\"><span style=\"text-decoration: line-through;\"><span style=\"text-decoration:underline;\">上标</span></span></p><p style=\"text-indent: 2em;\"><span style=\"text-decoration: line-through;\"><span style=\"text-decoration:underline;\"><sup>下标</sup></span></span></p><blockquote><p>引用</p></blockquote><p>纯文本<br/></p><p><span style=\"color: rgb(255, 0, 0);\">红色字体</span></p><p><span style=\"color: rgb(255, 0, 0); background-color: rgb(255, 255, 0);\">背景色字体</span></p><ol class=\" list-paddingleft-2\" style=\"list-style-type: decimal;\"><li><p>段落一段落一段落一段落一</p></li><li><p>段落一段落一段落一段落一</p></li><li><p>段落一段落一段落一段落一</p></li></ol><p style=\"margin-top: 20px;\">段前距20</p><p style=\"margin-bottom: 20px;\">段后距20</p><p style=\"margin-bottom: 20px; line-height: 2em;\">行距2</p><h1 label=\"标题居左\" style=\"font-size: 32px; font-weight: bold; border-bottom-color: rgb(204, 204, 204); border-bottom-width: 2px; border-bottom-style: solid; padding: 0px 4px 0px 0px; text-align: left; margin: 0px 0px 10px;\">左标题<br/></h1><p><span label=\"强调\" style=\"font-size: 16px; font-style: italic; font-weight: bold; line-height: 18px;\">强调</span><br/></p><p><span label=\"强调\" style=\"font-size: 16px; font-style: italic; font-weight: bold; line-height: 18px;\"><span label=\"明显强调\" style=\"font-size: 16px; font-style: italic; font-weight: bold; line-height: 18px; color: rgb(51, 153, 204);\">明显强调</span></span></p><p><span style=\"font-family: 宋体, SimSun;\">宋体</span><br/></p><p><span style=\"font-family: 微软雅黑, &#39;Microsoft YaHei&#39;; font-size: 18px;\">微软雅黑18</span></p><p style=\"text-indent: 2em;\">首项缩进<br/></p><p style=\"text-align: left;\">文字居左<br/></p><p style=\"text-align: center;\">文字居中</p><p style=\"text-align: right;\">文字居右</p><p style=\"text-align: justify;\">两端对齐<br/></p><p style=\"text-align: justify;\"><a href=\"http://www.baidu.com\" target=\"_self\" title=\"百度\">搜索</a><br/></p><p style=\"text-align: justify;\"><a name=\"a\"></a><br/></p><p style=\"text-align: justify;\"><img src=\"http://img.baidu.com/hi/jx2/j_0001.gif\"/><img src=\"http://img.baidu.com/hi/jx2/j_0015.gif\"/></p><p style=\"text-align: justify;\"><br/></p><p><br/></p><blockquote><p><br/></p><p><br/></p></blockquote><blockquote><p><br/></p></blockquote><p><img src=\"http://img.wownn.net/2015/0128/20150128115951902.png\"/><br/></p><p><img src=\"http://img.wownn.net/2015/0128/20150128120235273.png\"/>文字没换行<br/></p><p>文字换行了</p><p><img width=\"530\" height=\"340\" src=\"http://api.map.baidu.com/staticimage?center=116.404,39.915&zoom=10&width=530&height=340&markers=116.404,39.915\"/></p><p><br/></p>_ueditor_page_break_tag_<p>2015-01-2812:04:35★</p><table><tbody><tr class=\"firstRow\"><td width=\"242\" valign=\"top\" style=\"word-break: break-all;\">1</td><td width=\"242\" valign=\"top\"><br/></td><td width=\"242\" valign=\"top\"><br/></td></tr><tr><td width=\"242\" valign=\"top\" style=\"word-break: break-all;\">2</td><td width=\"242\" valign=\"top\"><br/></td><td width=\"242\" valign=\"top\"><br/></td></tr><tr><td width=\"242\" valign=\"top\" style=\"word-break: break-all;\">3</td><td width=\"242\" valign=\"top\"><br/></td><td width=\"242\" valign=\"top\"><br/></td></tr></tbody></table><p>放不少于1000万元的稿酬给界面 作者，界面为推送到首页的稿件支付500至5000 元的稿酬。决定稿酬和额外奖励的因素包括是否 独家供</p><p>放不少于1000万元的稿酬给界面 作者，界面为推送到首页的稿件支付500至5000 元的稿酬。决定稿酬和额外奖励的因素包括是否 独家供</p><p><img src=\"http://img.wownn.net/2015/0128/20150128120751452.png\"/>放不少于1000万元的稿酬给界面 作者，界面为推送到首页的稿件支付500至5000 元的稿酬。决定稿酬和额外奖励的因素包括是否 独家供</p><p><br/></p><p><img src=\"http://img.wownn.net/2015/0128/20150128120810571.png\"/><br/></p><p>放不少于1000万元的稿酬给界面 作者，界面为推送到首页的稿件支付500至5000 元的稿酬。决定稿酬和额外奖励的因素包括是否 独家供</p>', '1421985443');
INSERT INTO `bk_article_detail` VALUES ('15', '3', '17', '<p>这个是投稿内容</p><p><img src=\"http://img.wownn.net/20150123/1421995514340138.png\" title=\"1421995514340138.png\" alt=\"55.png\"/></p>', '1421995527');
INSERT INTO `bk_article_detail` VALUES ('16', '1', '18', '<p>的发生发的撒范德萨发的发的发生时的发生的说法发生的说法的发生发的撒范德萨发的发的发生时的发生的说法发生的的发生发的撒范德萨发的发的发生时的发生的说法发生的的发生发的撒范德萨发的发的发生时的发生的说法发生的的发生发的撒范德萨发的发的发生时的发生的说法发生的的发生发的撒范德萨发的发的发生时的发生的说法发生的的发生发的撒范德萨发的发的发生时的发生的说法发生的的发生发的撒范德萨发的发的发生时的发生的说法发生的的发生发的撒范德萨发的发的发生时的发生的说法发生的的发生发的撒范德萨发的发的发生时的发生的说法发生的的发生发的撒范德萨发的发的发生时的发生的说法发生的的发生发的撒范德萨发的发的发生时的发生的说法发生的的发生发的撒范德萨发的发的发生时的发生的说法发生的的发生发的撒范德萨发的发的发生时的发生的说法发生的的发生发的撒范德萨发的发的发生时的发生的说法发生的的发生发的撒范德萨发的发的发生时的发生的说法发生的的发生发的撒范德萨发的发的发生时的发生的说法发生的的发生发的撒范德萨发的发的发生时的发生的说法发生的的发生发的撒范德萨发的发的发生时的发生的说法发生的的发生发的撒范德萨发的发的发生时的发生的说法发生的的发生发的撒范德萨发的发的发生时的发生的说法发生的的发生发的撒范德萨发的发的发生时的发生的说法发生的的发生发的撒范德萨发的发的发生时的发生的说法发生的的发生发的撒范德萨发的发的发生时的发生的说法发生的的发生发的撒范德萨发的发的发生时的发生的说法发生的的发生发的撒范德萨发的发的发生时的发生的说法发生的的发生发的撒范德萨发的发的发生时的发生的说法发生的的发生发的撒范德萨发的发的发生时的发生的说法发生的的发生发的撒范德萨发的发的发生时的发生的说法发生的的发生发的撒范德萨发的发的发生时的发生的说法发生的的发生发的撒范德萨发的发的发生时的发生的说法发生的</p>', '1422237836');
INSERT INTO `bk_article_detail` VALUES ('17', '56', '19', '<p>　　距今年春节还有3周，不过“红包大战”已经提前打响。今天支付宝钱包App应用更新至8.5版，最瞩目新功能莫过于“新春红包”，就连图标也相应变化加入“亿万红包”字样，和微信红包类似，自己包现金红包分享给朋友的玩法。</p><p style=\"text-align: center; \"><img alt=\"加入“新春红包”功能：支付宝钱包App应用 更新至8.5版\" src=\"http://am.zdmimg.com/201501/26/54c5d52036f34.png_e600.jpg\"/></p><p>　　进入支付宝钱包应用，会发现“新春红包”放置在页面正中的显著位置，共有个人红包、接龙红包、群红包和面对面红包4种形式：</p><ol class=\" list-paddingleft-2\"><li><p>个人红包：包括“现金”和“逗比模式”2种，前者是给联系人列表朋友发固定现金，后者是随机生成金额让朋友猜，猜中全部拿走，猜不中也能得一半，剩下一半继续分享；</p></li><li><p>接龙红包：包个红包分享给朋友让大家猜金额，猜中领走，猜不中金额范围缩小，接龙给朋友继续猜，朋友猜中双双都有获得；</p></li><li><p>群红包：设定好总金额和个数，分享到群里，抢到人随机分，人品好的拿的多；</p></li><li><p>面对面红包：需要和小伙伴们面对面一起，通过玩游戏来抢。</p></li></ol><p>　　具体玩法在应用中都有详细说明，包括如何发、如何领、退回说明等，准备尝试的值友可提前了解。为方便红包扩散，“我的朋友”栏目也加入至“探索”频道下，社交属性被强化。此外据称支付宝此次将联合大批商家推广红包，力度比双十二还大。</p><p style=\"text-align: center; \"><img src=\"http://img.wownn.net/20150126/1422259390555278.png\" title=\"1422259390555278.png\" alt=\"QQ截图20150126152801.png\"/></p><p>　　去年春节，微信红包在朋友圈中着实火了一把，今年阿里先来个阻击，下面看看腾讯如何接招吧。<br/></p><p><br/></p>', '1422260531');
INSERT INTO `bk_article_detail` VALUES ('18', '1', '20', '<p><span>投稿测试我们每年将发放不少于1000万元的稿酬给界</span><span>投稿测试我们每年将发放不少于1000万元的稿酬给界</span><span>投稿测试我们每年将发放不少于1000万元的稿酬给界</span><span>投稿测试我们每年将发放不少于1000万元的稿酬给界</span><span>投稿测试我们每年将发放不少于1000万元的稿酬给界</span><span>投稿测试我们每年将发放不少于1000万元的稿酬给界</span><span>投稿测试我们每年将发放不少于1000万元的稿酬给界</span><span>投稿测试我们每年将发放不少于1000万元的稿酬给界</span><span>投稿测试我们每年将发放不少于1000万元的稿酬给界</span><span>投稿测试我们每年将发放不少于1000万元的稿酬给界</span><span>投稿测试我们每年将发放不少于1000万元的稿酬给界</span><span>投稿测试我们每年将发放不少于1000万元的稿酬给界</span><span>投稿测试我们每年将发放不少于1000万元的稿酬给界</span><span>投稿测试我们每年将发放不少于1000万元的稿酬给界</span><span>投稿测试我们每年将发放不少于1000万元的稿酬给界</span><span>投稿测试我们每年将发放不少于1000万元的稿酬给界</span><span>投稿测试我们每年将发放不少于1000万元的稿酬给界</span><span>投稿测试我们每年将发放不少于1000万元的稿酬给界</span><span>投稿测试我们每年将发放不少于1000万元的稿酬给界</span><span>投稿测试我们每年将发放不少于1000万元的稿酬给界</span><span>投稿测试我们每年将发放不少于1000万元的稿酬给界</span><span>投稿测试我们每年将发放不少于1000万元的稿酬给界</span><span>投稿测试我们每年将发放不少于1000万元的稿酬给界</span><span>投稿测试我们每年将发放不少于1000万元的稿酬给界</span><span>投稿测试我们每年将发放不少于1000万元的稿酬给界</span></p>', '1422265982');
INSERT INTO `bk_article_detail` VALUES ('19', '1', '21', '<p class=\"detailPic\"><img width=\"550\" height=\"366\" alt=\"\" src=\"http://y3.ifengimg.com/a/2015_05/908947e16a0d87a.png\"/></p><p class=\"picIntro\">习近平在正定</p><p>【学习小组按】</p><p><strong>1984年6月17日，31岁的县委书记习近平的名字第一次出现在人民日报二版刊发的通讯《正定翻身记》中。</strong></p><p>《正定翻身记》原文5300多字，人民日报当年刊用2100多字。这里刊登的全文版,首次披露习近平在县委书记的岗位上，解放思想、锐意改革、执政为民的许多细节。</p><p>上世纪八十年代的正定改革，有血有肉有精神，如今仍然给人启迪、催人奋发。了解习近平当年的远见和作为，便不难理解，今天他夙夜在公带领全党和全国人民实现中华民族伟大复兴的历史必然性。</p><p>本文由作者赵德润授权学习小组独家刊发，（微信号：xuexixiaozu）任何媒体转载务必注明出处。赵德润，现为中央文史研究馆馆员，曾任光明日报副总编辑、新华社河南分社社长等职。</p><p><strong>正定翻身记</strong></p><p>本报记者赵德润 通讯员高培琦</p><p>七十年代初，河北省正定县曾以我国北方第一个粮食高产县而名噪一时。从那时起，它被一步步“逼上粮山”，成了闻名全国的高产穷县。这个沉重的包袱一直背了十几年。最近，记者访问这里，强烈地感到：高产穷县已成历史，商品生产正推动全县城乡大踏步向高产富县迈进。<strong>县委书记习近平高兴地对记者说：“依托城市，引进智力，加速‘两个转化’的新战略，使我们扭转了多年的被动局面，也给正定带来了新的起飞。”</strong></p><p><strong>“高产穷县”得救了</strong></p><p>1981年秋天，胡耀邦同志到河北视察时指出：单算粮食生产不行，要搞多种经营，算全面账，让农民尽快富起来。这个意见切中要害。在党的十一届三中全会以后的几年里，我国广大农村由传统农业向现代农业转化，由自给半自给经济向商品生产转化。而正定一直在单一经营的死胡同里兜圈子，每到夏秋季节，正定的粮食作物照例是第一流的长势，第一流的收成。年终一算账，人均收入总是在百元以下。</p><p>高产为什么和贫穷跑到一块？记者曾对正定的经济做过一次调查：从1971年到1980年，这个县片面追求粮食高产，一面踩棉花，挤油料，压瓜果，砍副业；一面不顾成本，盲目增加水肥，结果，粮食亩产过“长江”、超千斤，农民纯收入的比例却逐年下降。许多生产队每年的纯收入不足社员分配的实物占款，只好靠贷款分配现金。全县有一半左右的生产队还不清当年贷款，以累欠维持再生产。到1980年底，全县生产队累欠贷款达755万元。具有讽刺意味的是，“粮食高产县”竟然缺粮吃，不少农民到外县买高价粮糊口。</p><p>直到两年前，正定还出现过这样的怪事：省里一个经济部门准备投资在正定建一座化工厂，居然遭到拒绝。理由很简单：建工厂就要占地，一亩地就是一千斤粮食呀！结果财神爷让别人请走了。</p><p>两年后的今天，许多意想不到的变化迫使你改变成见，刮目相看。翻开统计部门提供的资料可以看到，正定县近两年经济发展出现了惊人的高速度：1983年工农业总产值2.7亿元，比1981年增长56％，其中工业总产值增长55.3%；粮食单产和总产都超过历史最高水平；人均收入373元，比1981年增长75％。这样的发展速度在正定历史上是前所未有的。</p><p>到农村走一走，更加令人兴奋。田野上难得看到多少人在劳动，村子里随风飘荡着机器的轰鸣声。农村实行大包干以后，解放出来的大批劳动力都投入工副业生产。原来的队部、仓库和饲养棚大都被专业户和联合体租用了，安上机器，变成了企业；许多农家小院也搭起席棚，办起家庭工厂。县里的同志说，近两年，商品生产的闸门一开，各种专业户和联合体像潮水一样涌出来。到今年第一季度，全县专业户发展到3万多个，联合体发展到3000多个。目前，仍是大发展的势头。</p><p>商品生产神话般地改善了农民的生活。许多农家第一年创业，还清旧债;第二年就盖起了新房，添置了新式家具。在二十几天的时间里，我们走访了数十户，看到农民普遍丰衣足食，许多农家添置了电视机、录音机等高档商品，有的人还骑上了摩托<a href=\"http://auto.ifeng.com/\">车</a>。</p><p>正定人过去忌讳谈论“高产穷县”。原因是一部分干部放不下“粮食高产县”的架子，不愿承认“左”的影响；广大农民则心里有气：年年粮食丰收，年年缺吃少穿，到头来落一顶高产穷县的帽子，多丧气！如今，他们投身到农村变革的洪流中，开始走上富裕之路，便开诚布公地和你讨论“高产穷县”的教训，探索正定经济起飞的路子。一些农民反映，没想到两年时间领导就把高产穷县的一盘死棋走活了。县里的干部则说，是胡耀邦同志的指示帮我们打开了思路。过去单一经济，路子越走越窄；现在，我们学会从自己的优势出发，同城市做买卖，请专家出主意，路子越走越宽了。</p><p><br/></p>', '1422269223');
INSERT INTO `bk_article_detail` VALUES ('20', '69', '22', '<p>　　半个月前，小米在北京国家会议中心召开发布会，正式发布了新旗舰小米Note。</p><p>　　具体配置方面，小米Note提供一块5.7英寸1080p显示屏，搭载骁龙801四核2.5GHz处理器，内置3GB内存和16/64GB机身存储，提供一颗400万像素前置摄像头和一颗1300万像素光学防抖后置摄像头，电池容量3000mAh，运行基于Android 4.4.4的MIUI 6系统。</p><p>　　此外，<strong>小米Note还首次搭载了ESS ES9018K2M音频芯片以及2颗德州仪器OPA1612运放芯片，支持Hi-Fi音效。机身厚度则仅为6.95mm，正面采用2.5D玻璃，而背面则是3D玻璃。</strong></p><p>　　值得一提的是，小米Note还提供了高配版，屏幕分辨率升级到2K，处理器换成了八核心64位骁龙810，内存也变成了4GB LPDDR4，标配64GB机身存储，其余配置和普通版相同，售价3299元。</p><p>　　今天中午，售价2299元的标准版小米Note将首发开卖，支持移动联通的2G/3G/4G网络。虽然小米这次并没有公布具体供货数量，但据说备货了非常充足。</p><p>　　你会买吗？</p><p style=\"text-align: center;\"><img src=\"http://img.wownn.net/20150127/1422330506777680.jpg\" title=\"1422330506777680.jpg\" alt=\"QQ截图20140813160022.jpg\"/></p>', '1422330540');
INSERT INTO `bk_article_detail` VALUES ('21', '56', '23', '<p>　　这是迄今为止最像iPhone 6的国产手机！</p><p>　　去年12月3日，大可乐3如期亮相，一时亮瞎所有人的双眼：圆形Home键、三段式背部结构、弧形边框，就连按键摆放和接口位置都模仿的惟妙惟肖。</p><p>　　这款“iPhone 6”配备5寸屏幕，所以机身三围介于iPhone 6和iPhone 6 Plus之间，1080P的分辨率比后两者都要细腻。其屏幕玻璃为蓝宝石材质，没有2.5D打磨，更适合贴膜？</p><p>　　设计方面，大可乐3采用航铝机身及钛合金内部框架，宣称绝对不会弯，其厚度为7.25mm，比iPhone 6稍后，好处是摄像头没有凸出。</p><p>　　到底有多像呢？下面来看图赏，评测文章敬请期待。</p><p style=\"text-align: center;\"><img src=\"http://img.wownn.net/20150127/1422351708221155.jpg\" title=\"1422351708221155.jpg\" alt=\"1422351708221155.jpg\"/></p><p style=\"text-align: center;\"><img src=\"http://img.wownn.net/20150127/1422351708445030.jpg\" title=\"1422351708445030.jpg\" alt=\"1422351708445030.jpg\"/></p><p style=\"text-align: center;\"><img src=\"http://img.wownn.net/20150127/1422351708208772.jpg\" title=\"1422351708208772.jpg\" alt=\"1422351708208772.jpg\"/></p><p style=\"text-align: center;\"><img src=\"http://img.wownn.net/20150127/1422351708739179.jpg\" title=\"1422351708739179.jpg\" alt=\"1422351708739179.jpg\"/></p><p style=\"text-align: center;\"><img src=\"http://img.wownn.net/20150127/1422351708464655.jpg\" title=\"1422351708464655.jpg\" alt=\"1422351708464655.jpg\"/></p><p style=\"text-align: center;\"><img src=\"http://img.wownn.net/20150127/1422351708306913.jpg\" title=\"1422351708306913.jpg\" alt=\"1422351708306913.jpg\"/></p><p><br/></p>', '1422351758');
INSERT INTO `bk_article_detail` VALUES ('22', '56', '24', '<p>　　日前中国奶协召开了“南方巴氏鲜奶发展论坛”，素有中国乳业“大炮”之称的广州市奶业协会理事长王丁棉对记者表示，中国乳业行业标准是全球最差标准；但又有人认为：中国奶业现状取决于国情，同时披露现行标准门槛低系因农业部顾及散户奶农利益。</p><p><br/></p><p>　　细菌数允许200万个/毫升——“这是全球最差的牛奶标准！”</p><p><br/></p><p>　　按照我国最新奶业安全标准，蛋白质含量由原标准中的每100克含2.95克，下降到了2.8克，远低于发达国家3.0克以上的标准；而每毫升牛奶中的菌落总数标准却由原来的50万上升到了200万，比美国、欧盟10万的标准高出20倍！</p><p><br/></p>', '1422356046');
INSERT INTO `bk_article_detail` VALUES ('23', '69', '25', '<blockquote><ol class=\"custom_num list-paddingleft-1\"><li class=\"list-num-1-1 list-num-paddingleft-1\"><p>　　<em>铝合金三脚</em><strong>反折便携</strong><span>架满减好</span><span>价~以下是</span><span>我站网友“</span><sup>孙小明”的推</sup><span><sup>荐理由</sup>：意<span>“manfrotto是</span></span><span>大利顶级三脚</span>架厂商。befree是其近两年新推出反折脚架（应该也是manfrotto唯一一款反折脚架)。主打轻便，非常适合微单用户使用（A7什么的最合适了），据网友实测，5D2+小白兔也能勉强支撑。脚架本体意大利生产，做工精湛。云台中国产相对一般。值得一提的是脚架的红黑配色非常漂亮”。还有我站网友“schumin”的推荐理由：“脚架承载4公斤，但是收纳后40cm的长度，正好可以放在右侧的小包里，完美搭配，旅行用用不错，对承载有要求的，也可以自行更换其他云台后外挂在外面的脚架位”。</p></li></ol></blockquote><ul class=\"list-paddingleft-2\"><li><p>　　<a href=\"http://www.smzdm.com/URL/AA/YH/953661D565F57427\">京东</a>目前特价到899元包邮，并且参加<a href=\"http://www.smzdm.com/URL/AA/YH/78763A4DA8FA8979\">满500-150</a>活动，实付749元包邮，历史低价，<a href=\"http://www.smzdm.com/URL/AA/YH/8A3A27D0D33BED98\">淘宝</a>价格从900-1400元不等，价格优势明显。 经常外出旅行，追求便携，随身携带的朋友可以考虑入手。</p></li></ul><p><br /></p>', '1422413473');
INSERT INTO `bk_article_detail` VALUES ('24', '69', '26', '<blockquote><ol class=\"custom_num list-paddingleft-1\"><li class=\"list-num-1-1 list-num-paddingleft-1\"><p>　　<em>铝合金三脚</em><strong>反折便携</strong>架满减好价~以下是我站网友“<sup>孙小明”的推</sup><sup>荐理由</sup>：意“manfrotto是大利顶级三脚架厂商。befree是其近两年新推出反折脚架（应该也是manfrotto唯一一款反折脚架)。主打轻便，非常适合微单用户使用（A7什么的最合适了），据网友实测，5D2+小白兔也能勉强支撑。脚架本体意大利生产，做工精湛。云台中国产相对一般。值得一提的是脚架的红黑配色非常漂亮”。还有我站网友“schumin”的推荐理由：“脚架承载4公斤，但是收纳后40cm的长度，正好可以放在右侧的小包里，完美搭配，旅行用用不错，对承载有要求的，也可以自行更换其他云台后外挂在外面的脚架位”。</p></li><li class=\"list-num-1-2 list-num-paddingleft-1\"><p style=\"text-align: center; \"><img src=\"http://img.wownn.net/20150128/1422413572589508.png\" title=\"1422413572589508.png\" alt=\"1422413572589508.png\"/></p></li><li class=\"list-num-1-3 list-num-paddingleft-1\"><p style=\"text-align: center; \"><img src=\"http://img.wownn.net/20150128/1422413572714627.png\" title=\"1422413572714627.png\" alt=\"1422413572714627.png\"/></p></li></ol></blockquote><ul class=\" list-paddingleft-2\"><li><p>　　<a href=\"http://www.smzdm.com/URL/AA/YH/953661D565F57427\">京东</a>目前特价到899元包邮，并且参加满500-150活动，实付749元包邮，历史低价，<a href=\"http://www.smzdm.com/URL/AA/YH/8A3A27D0D33BED98\">淘宝</a>价格从900-1400元不等，价格优势明显。 经常外出旅行，追求便携，随身携带的朋友可以考虑入手。</p></li></ul><p><br/></p>', '1422413598');
INSERT INTO `bk_article_detail` VALUES ('25', '69', '27', '<p><img src=\"http://img.wownn.net/20150128/1422432089532795.jpg\" title=\"1422432089532795.jpg\" alt=\"s_261f131907f74f9487101195c8d8e988.jpg\" /></p>', '1422432103');
INSERT INTO `bk_article_detail` VALUES ('26', '69', '28', '<p><img src=\"http://img.wownn.net/20150128/1422432167984133.jpg\" title=\"1422432167984133.jpg\" alt=\"哇喔WOW微信二维码.jpg\" /></p>', '1422432181');
INSERT INTO `bk_article_detail` VALUES ('27', '69', '29', '<p><img src=\"http://img.wownn.net/20150128/1422432215480644.jpg\" title=\"1422432215480644.jpg\" alt=\"哇喔WOW微信二维码.jpg\" /></p>', '1422432225');
INSERT INTO `bk_article_detail` VALUES ('28', '69', '30', '<p style=\"text-align:center;\"><img src=\"http://img.wownn.net/20150128/1422434003390871.jpg\" title=\"1422434003390871.jpg\" alt=\"哇喔WOW微信二维码.jpg\" /></p>', '1422434023');
INSERT INTO `bk_article_detail` VALUES ('29', '69', '31', '<p>　　2015年，比亚迪打算一口气推出14款新车，其中名为S3的紧凑型SUV是为数不多的纯燃油新车型中关注度颇高的一款车型。</p><p>　　继近日有关S3的实车无伪装照片登上媒体报道之后，现在该车的售价也遭到曝光。</p><p>　　最新消息显示，比亚迪S3的售价从7.59万一路覆盖到11.09万元，共分为8款车型，提供2.0L自然吸气和1.5T涡轮增压两种动力选择。</p><p>　　从比亚迪S3的谍照来看，奇瑞的瑞虎3应该是主要竞争者之一，而瑞虎3目前国内官方价格报在7.39万-9.89万元区间，虽然低于S3，但不排除比亚迪通过堆配置的做法来提升竞争力。</p><p>　　按计划，比亚迪S3将于今年第二季度上市。</p><p><br /></p><p><img src=\"http://img.wownn.net/20150128/1422434450520492.jpg\" title=\"1422434450520492.jpg\" alt=\"1422434450520492.jpg\" /></p><p><img src=\"http://img.wownn.net/20150128/1422434450983916.jpg\" title=\"1422434450983916.jpg\" alt=\"1422434450983916.jpg\" /></p><p><img src=\"http://img.wownn.net/20150128/1422434450843708.jpg\" title=\"1422434450843708.jpg\" alt=\"1422434450843708.jpg\" /></p><p><img src=\"http://img.wownn.net/20150128/1422434450577503.jpg\" title=\"1422434450577503.jpg\" alt=\"1422434450577503.jpg\" /></p><p><img src=\"http://img.wownn.net/20150128/1422434450624720.jpg\" title=\"1422434450624720.jpg\" alt=\"1422434450624720.jpg\" /></p><p><img src=\"http://img.wownn.net/20150128/1422434450326017.jpg\" title=\"1422434450326017.jpg\" alt=\"1422434450326017.jpg\" /></p><p><br /></p>', '1422435106');
INSERT INTO `bk_article_detail` VALUES ('30', '69', '32', '<p>　　2015年，比亚迪打算一口气推出14款新车，其中名为S3的紧凑型SUV是为数不多的纯燃油新车型中关注度颇高的一款车型。</p><p>　　继近日有关S3的实车无伪装照片登上媒体报道之后，现在该车的售价也遭到曝光。</p><p>　　最新消息显示，比亚迪S3的售价从7.59万一路覆盖到11.09万元，共分为8款车型，提供2.0L自然吸气和1.5T涡轮增压两种动力选择。</p><p>　　从比亚迪S3的谍照来看，奇瑞的瑞虎3应该是主要竞争者之一，而瑞虎3目前国内官方价格报在7.39万-9.89万元区间，虽然低于S3，但不排除比亚迪通过堆配置的做法来提升竞争力。</p><p>　　按计划，比亚迪S3将于今年第二季度上市。</p><p style=\"text-align:center;\"><img src=\"http://img.wownn.net/20150128/1422435159483465.jpg\" title=\"1422435159483465.jpg\" alt=\"1422435159483465.jpg\" /></p><p style=\"text-align:center;\"><img src=\"http://img.wownn.net/20150128/1422435159226795.jpg\" title=\"1422435159226795.jpg\" alt=\"1422435159226795.jpg\" /></p><p style=\"text-align:center;\"><img src=\"http://img.wownn.net/20150128/1422435159861283.jpg\" title=\"1422435159861283.jpg\" alt=\"1422435159861283.jpg\" /></p><p style=\"text-align:center;\"><img src=\"http://img.wownn.net/20150128/1422435159758939.jpg\" title=\"1422435159758939.jpg\" alt=\"1422435159758939.jpg\" /></p><p style=\"text-align:center;\"><img src=\"http://img.wownn.net/20150128/1422435159232159.jpg\" title=\"1422435159232159.jpg\" alt=\"1422435159232159.jpg\" /></p><p style=\"text-align:center;\"><img src=\"http://img.wownn.net/20150128/1422435159796721.jpg\" title=\"1422435159796721.jpg\" alt=\"1422435159796721.jpg\" /></p>', '1422435264');
INSERT INTO `bk_article_detail` VALUES ('31', '1', '44', '<p><img alt=\"ewm.jpg\" src=\"/ueditor/php/upload/image/20150319/1426750267939340.jpg\" title=\"1426750267939340.jpg\"/></p>', '1426751196');
INSERT INTO `bk_article_detail` VALUES ('32', '1', '45', '<p>123<br/></p>', '1426751226');
INSERT INTO `bk_article_detail` VALUES ('33', '1', '46', '<p>123<br/></p>', '1426752015');
INSERT INTO `bk_article_detail` VALUES ('34', '1', '47', '<p>测试啦测试啦测试啦测试啦测试啦测试啦测试啦测试啦测试啦测试啦测试啦测试啦</p>', '1426756181');
INSERT INTO `bk_article_detail` VALUES ('35', '1', '48', '<p>测试啦测试啦测试啦测试啦测试啦测试啦测试啦测试啦测试啦测试啦测试啦测试啦</p>', '1426756264');
INSERT INTO `bk_article_detail` VALUES ('36', '1', '49', '<p>测试啦测试啦测试啦测试啦测试啦测试啦测试啦测试啦测试啦测试啦测试啦测试啦</p>', '1426756312');
INSERT INTO `bk_article_detail` VALUES ('37', '1', '50', '<p>测试一下啦</p>', '1426756397');
INSERT INTO `bk_article_detail` VALUES ('38', '1', '51', '<p>测试一下增加文章a</p>', '1426814855');
INSERT INTO `bk_article_detail` VALUES ('39', '1', '52', '<p>测试增加文章2</p>', '1426819991');
INSERT INTO `bk_article_detail` VALUES ('40', '1', '53', '<h1>入门指导</h1><p style=\"box-sizing: border-box; margin-top: 0px; margin-bottom: 16px; color: rgb(51, 51, 51); font-family: &#39;Helvetica Neue&#39;, Helvetica, &#39;Segoe UI&#39;, Arial, freesans, sans-serif; font-size: 16px; line-height: 25px; white-space: normal;\">Zephir还有这本手册，是为了PHP开发者想开发C扩展并降低复杂度面打算的。</p><p style=\"box-sizing: border-box; margin-top: 0px; margin-bottom: 16px; color: rgb(51, 51, 51); font-family: &#39;Helvetica Neue&#39;, Helvetica, &#39;Segoe UI&#39;, Arial, freesans, sans-serif; font-size: 16px; line-height: 25px; white-space: normal;\">我们假设你有编程语言的基础。我们会在介绍的时候尽可能的向PHP，C，Javascript等语言的特点来陈述。 如果你懂得这些语言中的某一种的话，我们会指出它们来Zephir的相似点。当然其它的一些Zephir的新特性还有 不同点我们也会一一介绍。</p><p><span id=\"OSC_h2_2\"></span></p><h2><a name=\"user-content-检测安装情况\" href=\"https://github.com/pfdtk/zephir-docs/blob/master/zh_cn/tutorial.rst#%E6%A3%80%E6%B5%8B%E5%AE%89%E8%A3%85%E6%83%85%E5%86%B5\" rel=\"nofollow\"></a>检测安装情况</h2><p style=\"box-sizing: border-box; margin-top: 0px; margin-bottom: 16px; color: rgb(51, 51, 51); font-family: &#39;Helvetica Neue&#39;, Helvetica, &#39;Segoe UI&#39;, Arial, freesans, sans-serif; font-size: 16px; line-height: 25px; white-space: normal;\">如果你成功的安装了Zephir，你可以在命令行中执行下面的命令:</p><pre>$&nbsp;zephir&nbsp;help</pre><p><br/></p><p style=\"box-sizing: border-box; margin-top: 0px; margin-bottom: 16px; color: rgb(51, 51, 51); font-family: &#39;Helvetica Neue&#39;, Helvetica, &#39;Segoe UI&#39;, Arial, freesans, sans-serif; font-size: 16px; line-height: 25px; white-space: normal;\">如果安装正确的话，你会看到下面的提示:</p><pre>&nbsp;_____&nbsp;&nbsp;&nbsp;&nbsp;&nbsp;&nbsp;&nbsp;&nbsp;&nbsp;&nbsp;&nbsp;&nbsp;&nbsp;&nbsp;__&nbsp;&nbsp;&nbsp;&nbsp;_\r\n/__&nbsp;&nbsp;/&nbsp;&nbsp;___&nbsp;&nbsp;____&nbsp;&nbsp;/&nbsp;/_&nbsp;&nbsp;(_)____\r\n&nbsp;&nbsp;/&nbsp;/&nbsp;&nbsp;/&nbsp;_&nbsp;\\/&nbsp;__&nbsp;\\/&nbsp;__&nbsp;\\/&nbsp;/&nbsp;___/\r\n&nbsp;/&nbsp;/__/&nbsp;&nbsp;__/&nbsp;/_/&nbsp;/&nbsp;/&nbsp;/&nbsp;/&nbsp;/&nbsp;/\r\n/____/\\___/&nbsp;.___/_/&nbsp;/_/_/_/\r\n&nbsp;&nbsp;&nbsp;&nbsp;&nbsp;&nbsp;&nbsp;&nbsp;&nbsp;/_/\r\n\r\nZephir&nbsp;version&nbsp;0.4.5a\r\n\r\nUsage:&nbsp;&nbsp;&nbsp;&nbsp;command&nbsp;[options]Available&nbsp;commands:\r\n&nbsp;&nbsp;&nbsp;&nbsp;build&nbsp;&nbsp;&nbsp;&nbsp;&nbsp;&nbsp;&nbsp;&nbsp;&nbsp;&nbsp;&nbsp;&nbsp;&nbsp;&nbsp;&nbsp;Generate/Compile/Install&nbsp;a&nbsp;Zephir&nbsp;extension\r\n&nbsp;&nbsp;&nbsp;&nbsp;clean&nbsp;&nbsp;&nbsp;&nbsp;&nbsp;&nbsp;&nbsp;&nbsp;&nbsp;&nbsp;&nbsp;&nbsp;&nbsp;&nbsp;&nbsp;Cleans&nbsp;the&nbsp;generated&nbsp;object&nbsp;files&nbsp;in&nbsp;compilation\r\n&nbsp;&nbsp;&nbsp;&nbsp;compile&nbsp;&nbsp;&nbsp;&nbsp;&nbsp;&nbsp;&nbsp;&nbsp;&nbsp;&nbsp;&nbsp;&nbsp;&nbsp;Compile&nbsp;a&nbsp;Zephir&nbsp;extension\r\n&nbsp;&nbsp;&nbsp;&nbsp;full-clean&nbsp;&nbsp;&nbsp;&nbsp;&nbsp;&nbsp;&nbsp;&nbsp;&nbsp;&nbsp;Cleans&nbsp;the&nbsp;generated&nbsp;object&nbsp;files&nbsp;in&nbsp;compilation\r\n&nbsp;&nbsp;&nbsp;&nbsp;generate&nbsp;&nbsp;&nbsp;&nbsp;&nbsp;&nbsp;&nbsp;&nbsp;&nbsp;&nbsp;&nbsp;&nbsp;Generates&nbsp;C&nbsp;code&nbsp;from&nbsp;the&nbsp;Zephir&nbsp;code&nbsp;&nbsp;&nbsp;&nbsp;help&nbsp;&nbsp;&nbsp;&nbsp;&nbsp;&nbsp;&nbsp;&nbsp;&nbsp;&nbsp;&nbsp;&nbsp;&nbsp;&nbsp;&nbsp;&nbsp;Displays&nbsp;this&nbsp;help&nbsp;&nbsp;&nbsp;&nbsp;init&nbsp;[namespace]&nbsp;&nbsp;&nbsp;&nbsp;Initializes&nbsp;a&nbsp;Zephir&nbsp;extension\r\n&nbsp;&nbsp;&nbsp;&nbsp;install&nbsp;&nbsp;&nbsp;&nbsp;&nbsp;&nbsp;&nbsp;&nbsp;&nbsp;&nbsp;&nbsp;&nbsp;&nbsp;Installs&nbsp;the&nbsp;extension&nbsp;(requires&nbsp;root&nbsp;password)\r\n&nbsp;&nbsp;&nbsp;&nbsp;version&nbsp;&nbsp;&nbsp;&nbsp;&nbsp;&nbsp;&nbsp;&nbsp;&nbsp;&nbsp;&nbsp;&nbsp;&nbsp;Shows&nbsp;Zephir&nbsp;version</pre><p><span id=\"OSC_h2_3\"></span></p><h2><a name=\"user-content-目录结构\" href=\"https://github.com/pfdtk/zephir-docs/blob/master/zh_cn/tutorial.rst#%E7%9B%AE%E5%BD%95%E7%BB%93%E6%9E%84\" rel=\"nofollow\"></a>目录结构</h2><p style=\"box-sizing: border-box; margin-top: 0px; margin-bottom: 16px; color: rgb(51, 51, 51); font-family: &#39;Helvetica Neue&#39;, Helvetica, &#39;Segoe UI&#39;, Arial, freesans, sans-serif; font-size: 16px; line-height: 25px; white-space: normal;\">首先我们要做的是建立一个基础的项目结构，它为我们开发扩展提供了基本的结构。这里，我们建立了一个扩展叫做&quot;utils&quot;:</p><pre>$&nbsp;zephir&nbsp;init&nbsp;utils</pre><p><br/></p><p style=\"box-sizing: border-box; margin-top: 0px; margin-bottom: 16px; color: rgb(51, 51, 51); font-family: &#39;Helvetica Neue&#39;, Helvetica, &#39;Segoe UI&#39;, Arial, freesans, sans-serif; font-size: 16px; line-height: 25px; white-space: normal;\">执行上面的命令后，一个名为&quot;utils&quot;的目录被建立在当前的目录下：</p><pre>utils/\r\n&nbsp;&nbsp;&nbsp;ext/\r\n&nbsp;&nbsp;&nbsp;utils/</pre><p><br/></p><p style=\"box-sizing: border-box; margin-top: 0px; margin-bottom: 16px; color: rgb(51, 51, 51); font-family: &#39;Helvetica Neue&#39;, Helvetica, &#39;Segoe UI&#39;, Arial, freesans, sans-serif; font-size: 16px; line-height: 25px; white-space: normal;\">目录 &quot;ext/&quot; (inside utils) 包含了编译器将会用到来编译扩展的代码. 另一个目录是&quot;utils&quot;，这个目录的名字必须要和我们的扩展名字保持一至。我们写的Zephir代码将会被放到这里。</p><p style=\"box-sizing: border-box; margin-top: 0px; margin-bottom: 16px; color: rgb(51, 51, 51); font-family: &#39;Helvetica Neue&#39;, Helvetica, &#39;Segoe UI&#39;, Arial, freesans, sans-serif; font-size: 16px; line-height: 25px; white-space: normal;\">We need to change the working directory to &quot;utils&quot; to start compiling our code:</p><pre>$&nbsp;cd&nbsp;utils\r\n$&nbsp;ls\r\next/&nbsp;utils/&nbsp;config.json</pre><p><br/></p><p style=\"box-sizing: border-box; margin-top: 0px; margin-bottom: 16px; color: rgb(51, 51, 51); font-family: &#39;Helvetica Neue&#39;, Helvetica, &#39;Segoe UI&#39;, Arial, freesans, sans-serif; font-size: 16px; line-height: 25px; white-space: normal;\">列出的目录中，还有一个文件叫做&quot;config.json&quot;，这个文件包括了一些配置，它可以用来改变Zephir和扩展的行为。</p><p><span id=\"OSC_h2_4\"></span></p><h2><a name=\"user-content-增加我们的第一个类\" href=\"https://github.com/pfdtk/zephir-docs/blob/master/zh_cn/tutorial.rst#%E5%A2%9E%E5%8A%A0%E6%88%91%E4%BB%AC%E7%9A%84%E7%AC%AC%E4%B8%80%E4%B8%AA%E7%B1%BB\" rel=\"nofollow\"></a>增加我们的第一个类</h2><p style=\"box-sizing: border-box; margin-top: 0px; margin-bottom: 16px; color: rgb(51, 51, 51); font-family: &#39;Helvetica Neue&#39;, Helvetica, &#39;Segoe UI&#39;, Arial, freesans, sans-serif; font-size: 16px; line-height: 25px; white-space: normal;\">Zephir是被设计成开发面向对象扩展的。为了开发出我们的第一个功能，我们增加一个类到扩展中。</p><p style=\"box-sizing: border-box; margin-top: 0px; margin-bottom: 16px; color: rgb(51, 51, 51); font-family: &#39;Helvetica Neue&#39;, Helvetica, &#39;Segoe UI&#39;, Arial, freesans, sans-serif; font-size: 16px; line-height: 25px; white-space: normal;\">就像很多工具和语言一样，第一件事就是去写&quot;hello world&quot;。同时也检测Zephir是不是可以正常运作。 所以我们的第一个类就叫作&quot;Utils\\Greeting&quot;，它包含了一个函数，这个函数会打印出&quot;hello world!&quot;。</p><p style=\"box-sizing: border-box; margin-top: 0px; margin-bottom: 16px; color: rgb(51, 51, 51); font-family: &#39;Helvetica Neue&#39;, Helvetica, &#39;Segoe UI&#39;, Arial, freesans, sans-serif; font-size: 16px; line-height: 25px; white-space: normal;\">The code for this class must be placed in &quot;utils/utils/greeting.zep&quot;:</p><pre>namespace&nbsp;Utils;\r\nclass&nbsp;Greeting{\r\n\r\n&nbsp;&nbsp;&nbsp;&nbsp;public&nbsp;static&nbsp;function&nbsp;say()\r\n&nbsp;&nbsp;&nbsp;&nbsp;{\r\n&nbsp;&nbsp;&nbsp;&nbsp;&nbsp;&nbsp;&nbsp;&nbsp;echo&nbsp;&quot;hello&nbsp;world!&quot;;\r\n&nbsp;&nbsp;&nbsp;&nbsp;}\r\n}</pre><p><br/></p><p style=\"box-sizing: border-box; margin-top: 0px; margin-bottom: 16px; color: rgb(51, 51, 51); font-family: &#39;Helvetica Neue&#39;, Helvetica, &#39;Segoe UI&#39;, Arial, freesans, sans-serif; font-size: 16px; line-height: 25px; white-space: normal;\">下面开始编译并生成扩展：</p><pre>$&nbsp;zephir&nbsp;build</pre><p><br/></p><p style=\"box-sizing: border-box; margin-top: 0px; margin-bottom: 16px; color: rgb(51, 51, 51); font-family: &#39;Helvetica Neue&#39;, Helvetica, &#39;Segoe UI&#39;, Arial, freesans, sans-serif; font-size: 16px; line-height: 25px; white-space: normal;\">首先，只会在第一次执行的时候，大量的内部命令被执行，并产生了一些必要的代码和配置文件，最终把这个类生成PHP的扩展。 如果一切顺利的话，你将会看到：</p><pre>...Extension&nbsp;installed!\r\nAdd&nbsp;extension=utils.so\r\nto&nbsp;your&nbsp;php.iniDon&#39;t&nbsp;forget&nbsp;to&nbsp;restart&nbsp;your&nbsp;web&nbsp;server</pre><p><br/></p><p style=\"box-sizing: border-box; margin-top: 0px; margin-bottom: 16px; color: rgb(51, 51, 51); font-family: &#39;Helvetica Neue&#39;, Helvetica, &#39;Segoe UI&#39;, Arial, freesans, sans-serif; font-size: 16px; line-height: 25px; white-space: normal;\">在上面的步骤中，你可能需要提供你的root帐号和密码去安装这个扩展。 最后，这个扩展必须增加到php.ini文件中，以便PHP可以加载它： extension=utils.so</p><p><span id=\"OSC_h2_5\"></span></p><h2><a name=\"user-content-初始化测试\" href=\"https://github.com/pfdtk/zephir-docs/blob/master/zh_cn/tutorial.rst#%E5%88%9D%E5%A7%8B%E5%8C%96%E6%B5%8B%E8%AF%95\" rel=\"nofollow\"></a>初始化测试</h2><p style=\"box-sizing: border-box; margin-top: 0px; margin-bottom: 16px; color: rgb(51, 51, 51); font-family: &#39;Helvetica Neue&#39;, Helvetica, &#39;Segoe UI&#39;, Arial, freesans, sans-serif; font-size: 16px; line-height: 25px; white-space: normal;\">现在这个扩展已经增加到php.ini文件中了，执行下面的命令来确认扩展是否已经正确的加载进来了：</p><pre>$&nbsp;php&nbsp;-m\r\n[PHP&nbsp;Modules]\r\nCore\r\ndate\r\nlibxml\r\npcre\r\nReflection\r\nsession\r\nSPL\r\nstandard\r\ntokenizer\r\nutils\r\nxdebug\r\nxml</pre><p><br/></p><p style=\"box-sizing: border-box; margin-top: 0px; margin-bottom: 16px; color: rgb(51, 51, 51); font-family: &#39;Helvetica Neue&#39;, Helvetica, &#39;Segoe UI&#39;, Arial, freesans, sans-serif; font-size: 16px; line-height: 25px; white-space: normal;\">扩展utils必须要出现在上面的列表中。那么现在，我们尝试在PHP中运行这个hello world扩展。 为了完成这个测试，我们写了一个简单的PHP代码来执行扩展中的静态函数：</p><pre>&lt;?php\r\necho&nbsp;Utils\\Greeting::say(),&nbsp;&quot;\\n&quot;;</pre><p><br/></p><p style=\"box-sizing: border-box; margin-top: 0px; margin-bottom: 16px; color: rgb(51, 51, 51); font-family: &#39;Helvetica Neue&#39;, Helvetica, &#39;Segoe UI&#39;, Arial, freesans, sans-serif; font-size: 16px; line-height: 25px; white-space: normal;\">恭喜！，你已经完成你的第一个PHP扩展了。</p><p><span id=\"OSC_h2_6\"></span></p><h2><a name=\"user-content-一些有用的类\" href=\"https://github.com/pfdtk/zephir-docs/blob/master/zh_cn/tutorial.rst#%E4%B8%80%E4%BA%9B%E6%9C%89%E7%94%A8%E7%9A%84%E7%B1%BB\" rel=\"nofollow\"></a>一些有用的类</h2><p style=\"box-sizing: border-box; margin-top: 0px; margin-bottom: 16px; color: rgb(51, 51, 51); font-family: &#39;Helvetica Neue&#39;, Helvetica, &#39;Segoe UI&#39;, Arial, freesans, sans-serif; font-size: 16px; line-height: 25px; white-space: normal;\">&quot;hello world&quot;这个类的扩展是用来检测我们的不幸是否正确的。现在，让我们建立一些其它更有用处的类。</p><p style=\"box-sizing: border-box; margin-top: 0px; margin-bottom: 16px; color: rgb(51, 51, 51); font-family: &#39;Helvetica Neue&#39;, Helvetica, &#39;Segoe UI&#39;, Arial, freesans, sans-serif; font-size: 16px; line-height: 25px; white-space: normal;\">第一个有用的类我们将要增加到PHP扩展中将会提供一个过滤工具给用户。 这个类就叫做&quot;Utils\\Filter&quot;，这个类的代码必须要放在&quot;utils/utils/filter.zep&quot;中:</p><p style=\"box-sizing: border-box; margin-top: 0px; margin-bottom: 16px; color: rgb(51, 51, 51); font-family: &#39;Helvetica Neue&#39;, Helvetica, &#39;Segoe UI&#39;, Arial, freesans, sans-serif; font-size: 16px; line-height: 25px; white-space: normal;\">这个类的基本的框架如下:</p><pre>namespace&nbsp;Utils;\r\nclass&nbsp;Filter{}</pre><p><br/></p><p style=\"box-sizing: border-box; margin-top: 0px; margin-bottom: 16px; color: rgb(51, 51, 51); font-family: &#39;Helvetica Neue&#39;, Helvetica, &#39;Segoe UI&#39;, Arial, freesans, sans-serif; font-size: 16px; line-height: 25px; white-space: normal;\">这个类包含了一个函数，这个函数的作用是帮助用户去过滤一些不合法的字符。 第一个函数叫做&quot;alpha&quot;，它的目标就是去过滤非ascii码的字符。 开始，我们只是简单的打印出字符串的每一个字节：</p><pre>namespace&nbsp;Utils;class&nbsp;Filter{\r\n\r\n&nbsp;&nbsp;&nbsp;&nbsp;public&nbsp;function&nbsp;alpha(string&nbsp;str)\r\n&nbsp;&nbsp;&nbsp;&nbsp;{\r\n&nbsp;&nbsp;&nbsp;&nbsp;&nbsp;&nbsp;&nbsp;&nbsp;char&nbsp;ch;\r\n\r\n&nbsp;&nbsp;&nbsp;&nbsp;&nbsp;&nbsp;&nbsp;&nbsp;for&nbsp;ch&nbsp;in&nbsp;str&nbsp;{\r\n&nbsp;&nbsp;&nbsp;&nbsp;&nbsp;&nbsp;&nbsp;&nbsp;&nbsp;&nbsp;&nbsp;&nbsp;echo&nbsp;ch,&nbsp;&quot;\\n&quot;;\r\n&nbsp;&nbsp;&nbsp;&nbsp;&nbsp;&nbsp;&nbsp;&nbsp;}\r\n\r\n&nbsp;&nbsp;&nbsp;&nbsp;}\r\n}</pre><p><br/></p><p style=\"box-sizing: border-box; margin-top: 0px; margin-bottom: 16px; color: rgb(51, 51, 51); font-family: &#39;Helvetica Neue&#39;, Helvetica, &#39;Segoe UI&#39;, Arial, freesans, sans-serif; font-size: 16px; line-height: 25px; white-space: normal;\">当调用这个函数的时候:</p><pre>&lt;?php$f&nbsp;=&nbsp;new&nbsp;Utils\\Filter();$f-&gt;alpha(&quot;hello&quot;);</pre><p><br/></p><p style=\"box-sizing: border-box; margin-top: 0px; margin-bottom: 16px; color: rgb(51, 51, 51); font-family: &#39;Helvetica Neue&#39;, Helvetica, &#39;Segoe UI&#39;, Arial, freesans, sans-serif; font-size: 16px; line-height: 25px; white-space: normal;\">You will see:</p><pre>hello</pre><p><br/></p><p style=\"box-sizing: border-box; margin-top: 0px; margin-bottom: 16px; color: rgb(51, 51, 51); font-family: &#39;Helvetica Neue&#39;, Helvetica, &#39;Segoe UI&#39;, Arial, freesans, sans-serif; font-size: 16px; line-height: 25px; white-space: normal;\">检查字符串中的每一个字符是一个直接了当的方法，现在我们建立另一个正确过滤字符的函数：</p><pre>class&nbsp;Filter{\r\n\r\n&nbsp;&nbsp;&nbsp;&nbsp;public&nbsp;function&nbsp;alpha(string&nbsp;str)&nbsp;-&gt;&nbsp;string\r\n&nbsp;&nbsp;&nbsp;&nbsp;{\r\n&nbsp;&nbsp;&nbsp;&nbsp;&nbsp;&nbsp;&nbsp;&nbsp;char&nbsp;ch;&nbsp;string&nbsp;filtered&nbsp;=&nbsp;&quot;&quot;;\r\n\r\n&nbsp;&nbsp;&nbsp;&nbsp;&nbsp;&nbsp;&nbsp;&nbsp;for&nbsp;ch&nbsp;in&nbsp;str&nbsp;{\r\n&nbsp;&nbsp;&nbsp;&nbsp;&nbsp;&nbsp;&nbsp;&nbsp;&nbsp;&nbsp;&nbsp;&nbsp;if&nbsp;(ch&nbsp;&gt;=&nbsp;&#39;a&#39;&nbsp;&amp;&amp;&nbsp;ch&nbsp;&lt;=&nbsp;&#39;z&#39;)&nbsp;||&nbsp;(ch&nbsp;&gt;=&nbsp;&#39;A&#39;&nbsp;&amp;&amp;&nbsp;ch&nbsp;&lt;=&nbsp;&#39;Z&#39;)&nbsp;{\r\n&nbsp;&nbsp;&nbsp;&nbsp;&nbsp;&nbsp;&nbsp;&nbsp;&nbsp;&nbsp;&nbsp;&nbsp;&nbsp;&nbsp;&nbsp;&nbsp;let&nbsp;filtered&nbsp;.=&nbsp;ch;\r\n&nbsp;&nbsp;&nbsp;&nbsp;&nbsp;&nbsp;&nbsp;&nbsp;&nbsp;&nbsp;&nbsp;&nbsp;}\r\n&nbsp;&nbsp;&nbsp;&nbsp;&nbsp;&nbsp;&nbsp;&nbsp;}\r\n\r\n&nbsp;&nbsp;&nbsp;&nbsp;&nbsp;&nbsp;&nbsp;&nbsp;return&nbsp;filtered;\r\n&nbsp;&nbsp;&nbsp;&nbsp;}\r\n}</pre><p><br/></p><p style=\"box-sizing: border-box; margin-top: 0px; margin-bottom: 16px; color: rgb(51, 51, 51); font-family: &#39;Helvetica Neue&#39;, Helvetica, &#39;Segoe UI&#39;, Arial, freesans, sans-serif; font-size: 16px; line-height: 25px; white-space: normal;\">这个写好的函数可以像刚才一样测试:</p><pre>&lt;?php\r\n$f&nbsp;=&nbsp;new&nbsp;Utils\\Filter();\r\necho&nbsp;$f-&gt;alpha(&quot;hello&quot;);&nbsp;//&nbsp;prints&nbsp;&quot;hello&quot;</pre><p><br/></p><p style=\"box-sizing: border-box; margin-top: 0px; margin-bottom: 16px; color: rgb(51, 51, 51); font-family: &#39;Helvetica Neue&#39;, Helvetica, &#39;Segoe UI&#39;, Arial, freesans, sans-serif; font-size: 16px; line-height: 25px; white-space: normal;\">下面的视频演示了上面的这些过程:</p><p><span id=\"OSC_h2_7\"></span></p><h2><a name=\"user-content-结论\" href=\"https://github.com/pfdtk/zephir-docs/blob/master/zh_cn/tutorial.rst#%E7%BB%93%E8%AE%BA\" rel=\"nofollow\"></a>结论</h2><p style=\"box-sizing: border-box; margin-top: 0px; color: rgb(51, 51, 51); font-family: &#39;Helvetica Neue&#39;, Helvetica, &#39;Segoe UI&#39;, Arial, freesans, sans-serif; font-size: 16px; line-height: 25px; white-space: normal; margin-bottom: 0px !important;\">这是一个简单的指导教程，但是正如你所见到的，使用Zephir你可以很容易的建立一个PHP扩展。 我们建议你继续阅读这个手册，以便你可以了解更多Zephir的特性。</p><p><br/></p>', '1426954976');
INSERT INTO `bk_article_detail` VALUES ('41', '1', '54', '<h1>安装Zephir</h1><p style=\"box-sizing: border-box; margin-top: 0px; margin-bottom: 16px; color: rgb(51, 51, 51); font-family: &#39;Helvetica Neue&#39;, Helvetica, &#39;Segoe UI&#39;, Arial, freesans, sans-serif; font-size: 16px; line-height: 25px; white-space: normal;\">为了安装Zephir，请根据下面的步骤来做：</p><p><span id=\"OSC_h2_2\"></span></p><h2><a name=\"user-content-预备知识\" href=\"https://github.com/pfdtk/zephir-docs/blob/master/zh_cn/install.rst#%E9%A2%84%E5%A4%87%E7%9F%A5%E8%AF%86\" rel=\"nofollow\"></a>预备知识</h2><p style=\"box-sizing: border-box; margin-top: 0px; margin-bottom: 16px; color: rgb(51, 51, 51); font-family: &#39;Helvetica Neue&#39;, Helvetica, &#39;Segoe UI&#39;, Arial, freesans, sans-serif; font-size: 16px; line-height: 25px; white-space: normal;\">使用Zephir来编译PHP扩展，下面的一些软件是必须的：</p><ul class=\" list-paddingleft-2\"><li><p>gcc &gt;= 4.x/clang &gt;= 3.x</p></li><li><p>re2c 0.13 or later</p></li><li><p>gnu make 3.81 or later</p></li><li><p>autoconf 2.31 or later</p></li><li><p>automake 1.14 or later</p></li><li><p>libpcre3</p></li><li><p>php development headers and tools</p></li></ul><p style=\"box-sizing: border-box; margin-top: 0px; margin-bottom: 16px; color: rgb(51, 51, 51); font-family: &#39;Helvetica Neue&#39;, Helvetica, &#39;Segoe UI&#39;, Arial, freesans, sans-serif; font-size: 16px; line-height: 25px; white-space: normal;\">如果你在使用Ubuntu，你可以使用依赖包来安装：</p><pre>$&nbsp;sudo&nbsp;apt-get&nbsp;update\r\n$&nbsp;sudo&nbsp;apt-get&nbsp;install&nbsp;git&nbsp;gcc&nbsp;make&nbsp;re2c&nbsp;php5&nbsp;php5-json&nbsp;php5-dev&nbsp;libpcre3-dev</pre><p><br/></p><p style=\"box-sizing: border-box; margin-top: 0px; margin-bottom: 16px; color: rgb(51, 51, 51); font-family: &#39;Helvetica Neue&#39;, Helvetica, &#39;Segoe UI&#39;, Arial, freesans, sans-serif; font-size: 16px; line-height: 25px; white-space: normal;\">因为Zephir是基于PHP来编写的，你必须安装最新的PHP版本，并确保你能在终端中执行php,php-config,phize等命令（一般编译默认是不会加到$PATH中的，加个软连吧）：</p><pre>$&nbsp;php&nbsp;-v\r\nPHP&nbsp;5.5.7&nbsp;(cli)&nbsp;(built:&nbsp;Dec&nbsp;14&nbsp;2013&nbsp;00:44:43)Copyright&nbsp;(c)&nbsp;1997-2013&nbsp;The&nbsp;PHP&nbsp;Group\r\nZend&nbsp;Engine&nbsp;v2.5.0,&nbsp;Copyright&nbsp;(c)&nbsp;1998-2013&nbsp;Zend&nbsp;Technologies</pre><p><br/></p><p style=\"box-sizing: border-box; margin-top: 0px; margin-bottom: 16px; color: rgb(51, 51, 51); font-family: &#39;Helvetica Neue&#39;, Helvetica, &#39;Segoe UI&#39;, Arial, freesans, sans-serif; font-size: 16px; line-height: 25px; white-space: normal;\">还有，请确保PHP的开发库已经被安装：</p><pre>$&nbsp;phpize&nbsp;-v\r\nConfiguring&nbsp;for:\r\nPHP&nbsp;Api&nbsp;Version:&nbsp;&nbsp;&nbsp;&nbsp;&nbsp;&nbsp;&nbsp;&nbsp;&nbsp;20121113\r\nZend&nbsp;Module&nbsp;Api&nbsp;No:&nbsp;&nbsp;&nbsp;&nbsp;&nbsp;&nbsp;20121212\r\nZend&nbsp;Extension&nbsp;Api&nbsp;No:&nbsp;&nbsp;&nbsp;220121212</pre><p><br/></p><p style=\"box-sizing: border-box; margin-top: 0px; margin-bottom: 16px; color: rgb(51, 51, 51); font-family: &#39;Helvetica Neue&#39;, Helvetica, &#39;Segoe UI&#39;, Arial, freesans, sans-serif; font-size: 16px; line-height: 25px; white-space: normal;\">执行上面的命令的输出可能会有所不同，但是这几条命令是非常重要的，所以请事先安装好它们。</p><p><span id=\"OSC_h2_3\"></span></p><h2><a name=\"user-content-安装-zephir\" href=\"https://github.com/pfdtk/zephir-docs/blob/master/zh_cn/install.rst#%E5%AE%89%E8%A3%85-zephir\" rel=\"nofollow\"></a>安装 Zephir</h2><p style=\"box-sizing: border-box; margin-top: 0px; margin-bottom: 16px; color: rgb(51, 51, 51); font-family: &#39;Helvetica Neue&#39;, Helvetica, &#39;Segoe UI&#39;, Arial, freesans, sans-serif; font-size: 16px; line-height: 25px; white-space: normal;\">Json-C 是用来解析Zephir语法的，请先安装它：</p><pre>$&nbsp;git&nbsp;submodule&nbsp;update&nbsp;--init\r\n$&nbsp;cd&nbsp;json-c$&nbsp;sh&nbsp;autogen.sh\r\n$&nbsp;./configure\r\n$&nbsp;make&nbsp;&amp;&amp;&nbsp;sudo&nbsp;make&nbsp;install</pre><p><br/></p><p style=\"box-sizing: border-box; margin-top: 0px; margin-bottom: 16px; color: rgb(51, 51, 51); font-family: &#39;Helvetica Neue&#39;, Helvetica, &#39;Segoe UI&#39;, Arial, freesans, sans-serif; font-size: 16px; line-height: 25px; white-space: normal;\">在github中克隆Zephir:</p><pre>$&nbsp;git&nbsp;clone&nbsp;https://github.com/phalcon/zephir</pre><p><br/></p><p style=\"box-sizing: border-box; margin-top: 0px; margin-bottom: 16px; color: rgb(51, 51, 51); font-family: &#39;Helvetica Neue&#39;, Helvetica, &#39;Segoe UI&#39;, Arial, freesans, sans-serif; font-size: 16px; line-height: 25px; white-space: normal;\">执行安装： .. code-block:: bash</p><blockquote>$ cd zephir</blockquote><blockquote>$ ./install -c</blockquote><p><span id=\"OSC_h2_4\"></span></p><h2><a name=\"user-content-测试是否安装成功\" href=\"https://github.com/pfdtk/zephir-docs/blob/master/zh_cn/install.rst#%E6%B5%8B%E8%AF%95%E6%98%AF%E5%90%A6%E5%AE%89%E8%A3%85%E6%88%90%E5%8A%9F\" rel=\"nofollow\"></a>测试是否安装成功</h2><p style=\"box-sizing: border-box; margin-top: 0px; margin-bottom: 16px; color: rgb(51, 51, 51); font-family: &#39;Helvetica Neue&#39;, Helvetica, &#39;Segoe UI&#39;, Arial, freesans, sans-serif; font-size: 16px; line-height: 25px; white-space: normal;\">执行下面的命令来测试是否已经安装成功:</p><pre>$&nbsp;zephir&nbsp;help</pre><p><br/></p>', '1426955799');
INSERT INTO `bk_article_detail` VALUES ('42', '1', '55', '<h1>介绍 Zephir</h1><p style=\"box-sizing: border-box; margin-top: 0px; margin-bottom: 16px; color: rgb(51, 51, 51); font-family: &#39;Helvetica Neue&#39;, Helvetica, &#39;Segoe UI&#39;, Arial, freesans, sans-serif; font-size: 16px; line-height: 25px; white-space: normal;\">Zephir是一种可以让PHP开发者尝试编写和编译可以被PHP执行代码的一种语言。它是动态/静态类型，它的一些特性对于PHP 开发者来说是非常的相似的。</p><p style=\"box-sizing: border-box; margin-top: 0px; margin-bottom: 16px; color: rgb(51, 51, 51); font-family: &#39;Helvetica Neue&#39;, Helvetica, &#39;Segoe UI&#39;, Arial, freesans, sans-serif; font-size: 16px; line-height: 25px; white-space: normal;\">Zephir的名字是取自Zend Engine/PHP/Intermediate的缩写。建议发音为zephyr相同。<a href=\"https://github.com/pfdtk/zephir-docs/blob/master/zh_cn/intro.rst#id2\" rel=\"nofollow\">事实上Zephir的创造者发音为zaefire_</a>.</p><h2><a name=\"user-content-hello-world\" href=\"https://github.com/pfdtk/zephir-docs/blob/master/zh_cn/intro.rst#hello-world\" rel=\"nofollow\"></a>Hello World!</h2><p style=\"box-sizing: border-box; margin-top: 0px; margin-bottom: 16px; color: rgb(51, 51, 51); font-family: &#39;Helvetica Neue&#39;, Helvetica, &#39;Segoe UI&#39;, Arial, freesans, sans-serif; font-size: 16px; line-height: 25px; white-space: normal;\">每一种语言都会有它们的&quot;Hello World!&quot;例子，对于Zehpir来说也不例外，下面的这个引导例子列举了许多它重要的特性。</p><p style=\"box-sizing: border-box; margin-top: 0px; margin-bottom: 16px; color: rgb(51, 51, 51); font-family: &#39;Helvetica Neue&#39;, Helvetica, &#39;Segoe UI&#39;, Arial, freesans, sans-serif; font-size: 16px; line-height: 25px; white-space: normal;\">Zephir的代码必须放置在类中。Zephir是基于面向对象类/框架打造的。所以代码放置在类的外面是不允许的。另外，一个命名空间 也是必须的：</p><pre>namespace&nbsp;Test;\r\n/**\r\n&nbsp;*&nbsp;This&nbsp;is&nbsp;a&nbsp;sample&nbsp;class\r\n&nbsp;*/\r\nclass&nbsp;Hello{\r\n&nbsp;&nbsp;&nbsp;&nbsp;/**\r\n&nbsp;&nbsp;&nbsp;&nbsp;&nbsp;*&nbsp;This&nbsp;is&nbsp;a&nbsp;sample&nbsp;method\r\n&nbsp;&nbsp;&nbsp;&nbsp;&nbsp;*/\r\n&nbsp;&nbsp;&nbsp;&nbsp;public&nbsp;function&nbsp;say()\r\n&nbsp;&nbsp;&nbsp;&nbsp;{\r\n&nbsp;&nbsp;&nbsp;&nbsp;&nbsp;&nbsp;&nbsp;&nbsp;echo&nbsp;&quot;Hello&nbsp;World!&quot;;\r\n&nbsp;&nbsp;&nbsp;&nbsp;}\r\n}</pre><p><br/></p><p style=\"box-sizing: border-box; margin-top: 0px; margin-bottom: 16px; color: rgb(51, 51, 51); font-family: &#39;Helvetica Neue&#39;, Helvetica, &#39;Segoe UI&#39;, Arial, freesans, sans-serif; font-size: 16px; line-height: 25px; white-space: normal;\">一但这个类被编译完成，它会产生下面的一段C代码（gcc/clang/vc++编译）:</p><pre>#ifdef&nbsp;HAVE_CONFIG_H\r\n#include&nbsp;&quot;config.h&quot;\r\n#endif#include&nbsp;&quot;php.h&quot;\r\n#include&nbsp;&quot;php_test.h&quot;\r\n#include&nbsp;&quot;test.h&quot;\r\n#include&nbsp;&quot;kernel/main.h&quot;\r\n/**\r\n&nbsp;*&nbsp;This&nbsp;is&nbsp;a&nbsp;sample&nbsp;class\r\n&nbsp;*/\r\nZEPHIR_INIT_CLASS(Test_Hello)&nbsp;{\r\n&nbsp;&nbsp;&nbsp;&nbsp;ZEPHIR_REGISTER_CLASS(Test,&nbsp;Hello,&nbsp;hello,&nbsp;test_hello_method_entry,&nbsp;0);\r\n&nbsp;&nbsp;&nbsp;&nbsp;return&nbsp;SUCCESS;\r\n}\r\n/**\r\n&nbsp;*&nbsp;This&nbsp;is&nbsp;a&nbsp;sample&nbsp;method\r\n&nbsp;*/\r\nPHP_METHOD(Test_Hello,&nbsp;say)&nbsp;{\r\n&nbsp;&nbsp;&nbsp;&nbsp;php_printf(&quot;%s&quot;,&nbsp;&quot;Hello&nbsp;World!&quot;);\r\n}</pre><p><br/></p><p style=\"box-sizing: border-box; margin-top: 0px; margin-bottom: 16px; color: rgb(51, 51, 51); font-family: &#39;Helvetica Neue&#39;, Helvetica, &#39;Segoe UI&#39;, Arial, freesans, sans-serif; font-size: 16px; line-height: 25px; white-space: normal;\">事实上，使用Zephir的开发者无需懂得C语言，如果你有使用编译器，或者php内部的构造，或者C语言本身的经验， 在使用Zephir的时候你将会感到更加的清晰。</p><h2><a name=\"user-content-zephir初试\" href=\"https://github.com/pfdtk/zephir-docs/blob/master/zh_cn/intro.rst#zephir%E5%88%9D%E8%AF%95\" rel=\"nofollow\"></a>Zephir初试</h2><p style=\"box-sizing: border-box; margin-top: 0px; margin-bottom: 16px; color: rgb(51, 51, 51); font-family: &#39;Helvetica Neue&#39;, Helvetica, &#39;Segoe UI&#39;, Arial, freesans, sans-serif; font-size: 16px; line-height: 25px; white-space: normal;\">在接下来的例子中，我们将会尽详细的描述，以便你知道是怎么回事。 我们的目标是让你感觉一下到底Zephir是怎么样的一个东西。 随便我们将会详细的探索Zephir的新特性。</p><p style=\"box-sizing: border-box; margin-top: 0px; margin-bottom: 16px; color: rgb(51, 51, 51); font-family: &#39;Helvetica Neue&#39;, Helvetica, &#39;Segoe UI&#39;, Arial, freesans, sans-serif; font-size: 16px; line-height: 25px; white-space: normal;\">下面的例子很简单，它提供一个类和一个函数，检测一个数组的类型</p><p style=\"box-sizing: border-box; margin-top: 0px; margin-bottom: 16px; color: rgb(51, 51, 51); font-family: &#39;Helvetica Neue&#39;, Helvetica, &#39;Segoe UI&#39;, Arial, freesans, sans-serif; font-size: 16px; line-height: 25px; white-space: normal;\">让我们认真的检查下面的代码，开始认真的的学习Zephir. 这几行代码包括了很多详细的东西，我们将会慢慢的解释：</p><pre>namespace&nbsp;Test;\r\n/**\r\n&nbsp;*&nbsp;MyTest&nbsp;(test/mytest.zep)\r\n&nbsp;*/\r\nclass&nbsp;MyTest{\r\n&nbsp;&nbsp;&nbsp;&nbsp;public&nbsp;function&nbsp;someMethod()\r\n&nbsp;&nbsp;&nbsp;&nbsp;{\r\n&nbsp;&nbsp;&nbsp;&nbsp;&nbsp;&nbsp;&nbsp;&nbsp;/*&nbsp;Variables&nbsp;must&nbsp;be&nbsp;declared&nbsp;*/\r\n&nbsp;&nbsp;&nbsp;&nbsp;&nbsp;&nbsp;&nbsp;&nbsp;var&nbsp;myArray;\r\n&nbsp;&nbsp;&nbsp;&nbsp;&nbsp;&nbsp;&nbsp;&nbsp;int&nbsp;i&nbsp;=&nbsp;0,&nbsp;length;\r\n\r\n&nbsp;&nbsp;&nbsp;&nbsp;&nbsp;&nbsp;&nbsp;&nbsp;/*&nbsp;Create&nbsp;an&nbsp;array&nbsp;*/\r\n&nbsp;&nbsp;&nbsp;&nbsp;&nbsp;&nbsp;&nbsp;&nbsp;let&nbsp;myArray&nbsp;=&nbsp;[&quot;hello&quot;,&nbsp;0,&nbsp;100.25,&nbsp;false,&nbsp;null];\r\n\r\n&nbsp;&nbsp;&nbsp;&nbsp;&nbsp;&nbsp;&nbsp;&nbsp;/*&nbsp;Count&nbsp;the&nbsp;array&nbsp;into&nbsp;a&nbsp;&#39;int&#39;&nbsp;variable&nbsp;*/\r\n&nbsp;&nbsp;&nbsp;&nbsp;&nbsp;&nbsp;&nbsp;&nbsp;let&nbsp;length&nbsp;=&nbsp;count(myArray);\r\n\r\n&nbsp;&nbsp;&nbsp;&nbsp;&nbsp;&nbsp;&nbsp;&nbsp;/*&nbsp;Print&nbsp;value&nbsp;types&nbsp;*/\r\n&nbsp;&nbsp;&nbsp;&nbsp;&nbsp;&nbsp;&nbsp;&nbsp;while&nbsp;i&nbsp;&lt;&nbsp;length&nbsp;{\r\n&nbsp;&nbsp;&nbsp;&nbsp;&nbsp;&nbsp;&nbsp;&nbsp;&nbsp;&nbsp;&nbsp;&nbsp;echo&nbsp;typeof&nbsp;myArray[i],&nbsp;&quot;\\n&quot;;\r\n&nbsp;&nbsp;&nbsp;&nbsp;&nbsp;&nbsp;&nbsp;&nbsp;&nbsp;&nbsp;&nbsp;&nbsp;let&nbsp;i++;\r\n&nbsp;&nbsp;&nbsp;&nbsp;&nbsp;&nbsp;&nbsp;&nbsp;}\r\n\r\n&nbsp;&nbsp;&nbsp;&nbsp;&nbsp;&nbsp;&nbsp;&nbsp;return&nbsp;myArray;\r\n&nbsp;&nbsp;&nbsp;&nbsp;}\r\n}</pre><p><br/></p><p style=\"box-sizing: border-box; margin-top: 0px; margin-bottom: 16px; color: rgb(51, 51, 51); font-family: &#39;Helvetica Neue&#39;, Helvetica, &#39;Segoe UI&#39;, Arial, freesans, sans-serif; font-size: 16px; line-height: 25px; white-space: normal;\">在函数中，第一行使用了&#39;var&#39; 和 &#39;int&#39; 关键词来声明一个函数内的私有变量。 在函数中的每一个变量必须事先声明它们自己的类型。这些声明并不是随意的，它帮助编译器来报告给你关于 错误的变量，或者变量的使用是否超出的它的范围，通常它会在最后抛出错误。</p><p style=\"box-sizing: border-box; margin-top: 0px; margin-bottom: 16px; color: rgb(51, 51, 51); font-family: &#39;Helvetica Neue&#39;, Helvetica, &#39;Segoe UI&#39;, Arial, freesans, sans-serif; font-size: 16px; line-height: 25px; white-space: normal;\">动态的变量必须以关键词&#39;var&#39;来声明。这些变量可以被指定或再指定成不同的变量类型。 另一方面，&#39;i&#39; and &#39;length&#39;使用了整数的静态变量，在执行程序的过程中，它只能改变值，而不能改变变量的类型。</p><p style=\"box-sizing: border-box; margin-top: 0px; margin-bottom: 16px; color: rgb(51, 51, 51); font-family: &#39;Helvetica Neue&#39;, Helvetica, &#39;Segoe UI&#39;, Arial, freesans, sans-serif; font-size: 16px; line-height: 25px; white-space: normal;\">与PHP不同的是，你不用在变量的前面加上($)符号。</p><p style=\"box-sizing: border-box; margin-top: 0px; margin-bottom: 16px; color: rgb(51, 51, 51); font-family: &#39;Helvetica Neue&#39;, Helvetica, &#39;Segoe UI&#39;, Arial, freesans, sans-serif; font-size: 16px; line-height: 25px; white-space: normal;\">Zephir的注释和Java, C#, C++等等一些语言的一样。例如：</p><p style=\"box-sizing: border-box; margin-top: 0px; margin-bottom: 16px; color: rgb(51, 51, 51); font-family: &#39;Helvetica Neue&#39;, Helvetica, &#39;Segoe UI&#39;, Arial, freesans, sans-serif; font-size: 16px; line-height: 25px; white-space: normal;\">&nbsp;A //comment goes to the end of a line, while a /* comment */ can cross line boundaries.</p><p style=\"box-sizing: border-box; margin-top: 0px; margin-bottom: 16px; color: rgb(51, 51, 51); font-family: &#39;Helvetica Neue&#39;, Helvetica, &#39;Segoe UI&#39;, Arial, freesans, sans-serif; font-size: 16px; line-height: 25px; white-space: normal;\">默认的，变量是不变的，意思是说Zephir期望大部分的变量保持不变。 变量保持它们原始的值不变可以优化成静态常量。 如果需要改变变量的值，请使用关键词&#39;let&#39;：</p><pre>/*&nbsp;建立一个数组&nbsp;*/\r\nlet&nbsp;myArray&nbsp;=&nbsp;[&quot;hello&quot;,&nbsp;0,&nbsp;100.25,&nbsp;false,&nbsp;null];</pre><p><br/></p><p style=\"box-sizing: border-box; margin-top: 0px; margin-bottom: 16px; color: rgb(51, 51, 51); font-family: &#39;Helvetica Neue&#39;, Helvetica, &#39;Segoe UI&#39;, Arial, freesans, sans-serif; font-size: 16px; line-height: 25px; white-space: normal;\">默认的，数组是一种象PHP一样的动态变量，它包含了许多不同类型的值。 令人吃惊的是，PHP内部的函数可以在Zephir中使用，在下面的例子中，&#39;count&#39; 函数被使用了， 编辑器可以以最佳的状态来执行，因为它已经知道了数组的长度了。</p><pre>/*&nbsp;计算出数组的大小&nbsp;*/\r\nlet&nbsp;length&nbsp;=&nbsp;count(myArray);</pre><p><br/></p><p style=\"box-sizing: border-box; margin-top: 0px; margin-bottom: 16px; color: rgb(51, 51, 51); font-family: &#39;Helvetica Neue&#39;, Helvetica, &#39;Segoe UI&#39;, Arial, freesans, sans-serif; font-size: 16px; line-height: 25px; white-space: normal;\">同样的，我们可以使用花括号来控制程序的流程.</p><pre>while&nbsp;i&nbsp;&lt;&nbsp;length&nbsp;{\r\n&nbsp;&nbsp;&nbsp;&nbsp;echo&nbsp;typeof&nbsp;myArray[i],&nbsp;&quot;\\n&quot;;\r\n&nbsp;&nbsp;&nbsp;&nbsp;let&nbsp;i++;\r\n}</pre><p><br/></p><p style=\"box-sizing: border-box; margin-top: 0px; color: rgb(51, 51, 51); font-family: &#39;Helvetica Neue&#39;, Helvetica, &#39;Segoe UI&#39;, Arial, freesans, sans-serif; font-size: 16px; line-height: 25px; white-space: normal; margin-bottom: 0px !important;\">PHP的变量总是动态的，函数总是返回的是可变的动态变量，这就意味着如果一个静态变量在Zphir中被返回了，在PHP的调用中 你得到的却是一个动态变量。请注意，内存是在编译器中自动管理的，所以你没有必要像C语言一样去分配和释放内存。这和PHP是 很相似的。</p><p><br/></p>', '1427022148');
INSERT INTO `bk_article_detail` VALUES ('43', '1', '56', '<h1 style=\"font-size: 30px; margin-top: 10px; font-family: 微软雅黑, Verdana, sans-serif, 宋体; white-space: normal;\">为什么选择 Zephir?</h1><p style=\"margin-top: 0px; margin-bottom: 16px; line-height: 25px; white-space: normal; box-sizing: border-box; color: rgb(51, 51, 51); font-family: &#39;Helvetica Neue&#39;, Helvetica, &#39;Segoe UI&#39;, Arial, freesans, sans-serif;\">目前的PHP应用必须使用得稳定性、性能、和功能性保持平衡。 每一个PHP应用是建立在大量的通用组件上的，而这些组件又基于大量的其它应用。</p><p style=\"margin-top: 0px; margin-bottom: 16px; line-height: 25px; white-space: normal; box-sizing: border-box; color: rgb(51, 51, 51); font-family: &#39;Helvetica Neue&#39;, Helvetica, &#39;Segoe UI&#39;, Arial, freesans, sans-serif;\">这些通用的组件可能是一个类/框架，或者是它们的结合。一但它们被安装，框架很少会改变。 作为一个应用的基础，它们必须保持很高的功能性，同时也要保持速度优势。</p><p style=\"margin-top: 0px; margin-bottom: 16px; line-height: 25px; white-space: normal; box-sizing: border-box; color: rgb(51, 51, 51); font-family: &#39;Helvetica Neue&#39;, Helvetica, &#39;Segoe UI&#39;, Arial, freesans, sans-serif;\">快速强大的类库会变得很难懂，这是由于它们是高度抽象的实现的。考虑到这些基本的类库和框架很少会改变， 这就为编写一个可以提高性能和节省计算机资源的扩展提供了一个机会。</p><p style=\"margin-top: 0px; margin-bottom: 16px; line-height: 25px; white-space: normal; box-sizing: border-box; color: rgb(51, 51, 51); font-family: &#39;Helvetica Neue&#39;, Helvetica, &#39;Segoe UI&#39;, Arial, freesans, sans-serif;\">通过Zephir，你可以实现面向对象的/框架/应用，并使你的PHP程序提高到一个高的层次，让你的应用更快，同时改善用户的体验。</p><h2 style=\"font-size: 24px; margin-top: 10px; font-family: 微软雅黑, Verdana, sans-serif, 宋体; white-space: normal;\"><a name=\"user-content-如果你是一个php程序员\" href=\"https://github.com/pfdtk/zephir-docs/blob/master/zh_cn/motivation.rst#%E5%A6%82%E6%9E%9C%E4%BD%A0%E6%98%AF%E4%B8%80%E4%B8%AAphp%E7%A8%8B%E5%BA%8F%E5%91%98\" rel=\"nofollow\"></a>如果你是一个PHP程序员...</h2><p style=\"margin-top: 0px; margin-bottom: 16px; line-height: 25px; white-space: normal; box-sizing: border-box; color: rgb(51, 51, 51); font-family: &#39;Helvetica Neue&#39;, Helvetica, &#39;Segoe UI&#39;, Arial, freesans, sans-serif;\">PHP是众多流行的网站应用开发语言之一。 像PHP这种动态解析语言，因为它的灵活性，为应用开发提供了很高的生产力。</p><p style=\"margin-top: 0px; margin-bottom: 16px; line-height: 25px; white-space: normal; box-sizing: border-box; color: rgb(51, 51, 51); font-family: &#39;Helvetica Neue&#39;, Helvetica, &#39;Segoe UI&#39;, Arial, freesans, sans-serif;\">从4.x到5.x版本，PHP开始基于Zend引擎实现。Zend引擎其实是一个用来执行PHP代码的字节码实现的虚拟机。 Zend引擎几乎出现在每一个安装PHP的机器上，而通过Zephir，你可以建立运行在Zend引擎的PHP扩展。</p><p style=\"margin-top: 0px; margin-bottom: 16px; line-height: 25px; white-space: normal; box-sizing: border-box; color: rgb(51, 51, 51); font-family: &#39;Helvetica Neue&#39;, Helvetica, &#39;Segoe UI&#39;, Arial, freesans, sans-serif;\">Zephir是通过PHP延申出来的，所以它们有很多的相似点。但是它们的重要的不同点在于Zephir它自己所拥有的特点。 比如说：Zephir更加的严格，相对PHP编译来说，它需要更少的资源。</p><h2 style=\"font-size: 24px; margin-top: 10px; font-family: 微软雅黑, Verdana, sans-serif, 宋体; white-space: normal;\"><a name=\"user-content-如果你是一个c程序员\" href=\"https://github.com/pfdtk/zephir-docs/blob/master/zh_cn/motivation.rst#%E5%A6%82%E6%9E%9C%E4%BD%A0%E6%98%AF%E4%B8%80%E4%B8%AAc%E7%A8%8B%E5%BA%8F%E5%91%98\" rel=\"nofollow\"></a>如果你是一个C程序员...</h2><p style=\"margin-top: 0px; margin-bottom: 16px; line-height: 25px; white-space: normal; box-sizing: border-box; color: rgb(51, 51, 51); font-family: &#39;Helvetica Neue&#39;, Helvetica, &#39;Segoe UI&#39;, Arial, freesans, sans-serif;\">C是一种强大而流行的开发语言。事实上，PHP语言就是C所编写的。这就是为什么PHP的扩展可以使用C语言来开发的原因之一。 C语言可以自由的管理内存，使用底层的类型，甚至可以内嵌汇编语言。</p><p style=\"margin-top: 0px; margin-bottom: 16px; line-height: 25px; white-space: normal; box-sizing: border-box; color: rgb(51, 51, 51); font-family: &#39;Helvetica Neue&#39;, Helvetica, &#39;Segoe UI&#39;, Arial, freesans, sans-serif;\">但是相对PHP和Zephir来说，开发一个大的应用，使用C语言会花费更多的时间。而且如果你不是非常精通C语言，一些程序错误会很难发现。</p><p style=\"margin-top: 0px; margin-bottom: 16px; line-height: 25px; white-space: normal; box-sizing: border-box; color: rgb(51, 51, 51); font-family: &#39;Helvetica Neue&#39;, Helvetica, &#39;Segoe UI&#39;, Arial, freesans, sans-serif;\">Zephir语言被设计成安全的，所以它并不支持指针和内存管理，所以如果你是一个C程序员，也许你会感觉Zephir功能没有C那么强大，但是 Zephir要比C更加的人性化。</p><h2 style=\"font-size: 24px; margin-top: 10px; font-family: 微软雅黑, Verdana, sans-serif, 宋体; white-space: normal;\"><a name=\"user-content-编译和解析哪种更好\" href=\"https://github.com/pfdtk/zephir-docs/blob/master/zh_cn/motivation.rst#%E7%BC%96%E8%AF%91%E5%92%8C%E8%A7%A3%E6%9E%90%E5%93%AA%E7%A7%8D%E6%9B%B4%E5%A5%BD\" rel=\"nofollow\"></a>编译和解析哪种更好</h2><p style=\"margin-top: 0px; margin-bottom: 16px; line-height: 25px; white-space: normal; box-sizing: border-box; color: rgb(51, 51, 51); font-family: &#39;Helvetica Neue&#39;, Helvetica, &#39;Segoe UI&#39;, Arial, freesans, sans-serif;\">编译通常会减缓开发的进度。你需要更耐心的等待程序的编译，之后你才可以执行它。另一方面，解析型语言会牺牲一点性能来获得 更大的生产力。在一些应用中，不论是编译型语言还是解析型语言，在速度上相差的不会太多。</p><p style=\"margin-top: 0px; margin-bottom: 16px; line-height: 25px; white-space: normal; box-sizing: border-box; color: rgb(51, 51, 51); font-family: &#39;Helvetica Neue&#39;, Helvetica, &#39;Segoe UI&#39;, Arial, freesans, sans-serif;\">Zephir是需要预先编译的，但是功能的实现是基于PHP来实现的。</p><p style=\"margin-top: 0px; margin-bottom: 16px; line-height: 25px; white-space: normal; box-sizing: border-box; color: rgb(51, 51, 51); font-family: &#39;Helvetica Neue&#39;, Helvetica, &#39;Segoe UI&#39;, Arial, freesans, sans-serif;\">一但代码被编译成功，执行的时间就无需再次编译，但是解析型语言则不同，它会在每一次请求的时候重新解析一次。 开发者可以自由的决定你的应用中哪一部份需要用Zephir来处理，哪一部分不需要。</p><h2 style=\"font-size: 24px; margin-top: 10px; font-family: 微软雅黑, Verdana, sans-serif, 宋体; white-space: normal;\"><a name=\"user-content-静态类型对比静态类型语言强类型语言对比弱类型语言\" href=\"https://github.com/pfdtk/zephir-docs/blob/master/zh_cn/motivation.rst#%E9%9D%99%E6%80%81%E7%B1%BB%E5%9E%8B%E5%AF%B9%E6%AF%94%E9%9D%99%E6%80%81%E7%B1%BB%E5%9E%8B%E8%AF%AD%E8%A8%80%E5%BC%BA%E7%B1%BB%E5%9E%8B%E8%AF%AD%E8%A8%80%E5%AF%B9%E6%AF%94%E5%BC%B1%E7%B1%BB%E5%9E%8B%E8%AF%AD%E8%A8%80\" rel=\"nofollow\"></a>静态类型对比静态类型语言（强类型语言对比弱类型语言）</h2><p style=\"margin-top: 0px; margin-bottom: 16px; line-height: 25px; white-space: normal; box-sizing: border-box; color: rgb(51, 51, 51); font-family: &#39;Helvetica Neue&#39;, Helvetica, &#39;Segoe UI&#39;, Arial, freesans, sans-serif;\">一般来说，在静态类型语言中，一个变量一定要预先声明它的变量类型。而且它的类型不能该变，只允许类型引用和操作。 像C/C++来说：</p><pre style=\"margin-top: 5px; margin-bottom: 10px; margin-left: 10px; padding: 5px; border-top-left-radius: 2px; border-top-right-radius: 2px; border-bottom-right-radius: 2px; border-bottom-left-radius: 2px; background-color: rgb(246, 246, 246); line-height: 18px; font-size: 12px; font-family: Consolas, 微软雅黑, monospace, Verdana, sans-serif, 宋体; border-width: 1px 1px 1px 5px; border-style: solid; border-color: rgb(221, 221, 221) rgb(221, 221, 221) rgb(221, 221, 221) rgb(108, 226, 108);\">int&nbsp;a&nbsp;=&nbsp;0;a&nbsp;=&nbsp;&quot;hello&quot;;&nbsp;//&nbsp;不允许</pre><p style=\"margin-bottom: 10px; line-height: 23px; font-family: 微软雅黑, Verdana, sans-serif, 宋体; font-size: 13px; white-space: normal;\"><br/></p><p style=\"margin-top: 0px; margin-bottom: 16px; line-height: 25px; white-space: normal; box-sizing: border-box; color: rgb(51, 51, 51); font-family: &#39;Helvetica Neue&#39;, Helvetica, &#39;Segoe UI&#39;, Arial, freesans, sans-serif;\">对于动态语言来说，变量的类型是和变量的值绑定的，并不是变量本身。所以当变量的值的类型该变的时候，变量的类型也会 根着该变。像Javascript/PHP来说：</p><pre style=\"margin-top: 5px; margin-bottom: 10px; margin-left: 10px; padding: 5px; border-top-left-radius: 2px; border-top-right-radius: 2px; border-bottom-right-radius: 2px; border-bottom-left-radius: 2px; background-color: rgb(246, 246, 246); line-height: 18px; font-size: 12px; font-family: Consolas, 微软雅黑, monospace, Verdana, sans-serif, 宋体; border-width: 1px 1px 1px 5px; border-style: solid; border-color: rgb(221, 221, 221) rgb(221, 221, 221) rgb(221, 221, 221) rgb(108, 226, 108);\">var&nbsp;a&nbsp;=&nbsp;0;a&nbsp;=&nbsp;&quot;hello&quot;;&nbsp;//&nbsp;可以这样使用</pre><p style=\"margin-bottom: 10px; line-height: 23px; font-family: 微软雅黑, Verdana, sans-serif, 宋体; font-size: 13px; white-space: normal;\"><br/></p><p style=\"margin-top: 0px; margin-bottom: 16px; line-height: 25px; white-space: normal; box-sizing: border-box; color: rgb(51, 51, 51); font-family: &#39;Helvetica Neue&#39;, Helvetica, &#39;Segoe UI&#39;, Arial, freesans, sans-serif;\">尽管动态解析语言有生产忧势，但是它并不是所有应用的最佳选择，特别是一些大数量级的代码和性能的应用。</p><p style=\"margin-top: 0px; margin-bottom: 16px; line-height: 25px; white-space: normal; box-sizing: border-box; color: rgb(51, 51, 51); font-family: &#39;Helvetica Neue&#39;, Helvetica, &#39;Segoe UI&#39;, Arial, freesans, sans-serif;\">优化动态语言，比如PHP，会比静态语言，比如C来说会更具挑战性。 对于静态语言来说，优化可以根据类型的信息来做决定。而对于动态语言来说，会更少的些类信息来做优化，这就使得动态语言的优化更加的困难。</p><p style=\"margin-top: 0px; margin-bottom: 16px; line-height: 25px; white-space: normal; box-sizing: border-box; color: rgb(51, 51, 51); font-family: &#39;Helvetica Neue&#39;, Helvetica, &#39;Segoe UI&#39;, Arial, freesans, sans-serif;\">然尔近来我们看到了优化动态语言的进展（像JIT编译），但是相对静态语言来说它还是处于劣势。所以，如果你 需要一个高性能的工具，静态语言可能更为的安全可靠。</p><p style=\"margin-top: 0px; margin-bottom: 16px; line-height: 25px; white-space: normal; box-sizing: border-box; color: rgb(51, 51, 51); font-family: &#39;Helvetica Neue&#39;, Helvetica, &#39;Segoe UI&#39;, Arial, freesans, sans-serif;\">另一个小的优势，静态语言会额外的检测代码编译的过程。编译器不会发现逻辑错误，但是更重要的是编译器可以预先的知道 程序的错误。而对于动态解析语言来说，只有在执行的时候才会发现错误。</p><p style=\"margin-top: 0px; margin-bottom: 16px; line-height: 25px; white-space: normal; box-sizing: border-box; color: rgb(51, 51, 51); font-family: &#39;Helvetica Neue&#39;, Helvetica, &#39;Segoe UI&#39;, Arial, freesans, sans-serif;\">Zephir既是静态语言也是动态语言，你可以很方便的使用两者语言的优势。</p><h2 style=\"font-size: 24px; margin-top: 10px; font-family: 微软雅黑, Verdana, sans-serif, 宋体; white-space: normal;\"><a name=\"user-content-编译方案\" href=\"https://github.com/pfdtk/zephir-docs/blob/master/zh_cn/motivation.rst#%E7%BC%96%E8%AF%91%E6%96%B9%E6%A1%88\" rel=\"nofollow\"></a>编译方案</h2><p style=\"margin-top: 0px; margin-bottom: 16px; line-height: 25px; white-space: normal; box-sizing: border-box; color: rgb(51, 51, 51); font-family: &#39;Helvetica Neue&#39;, Helvetica, &#39;Segoe UI&#39;, Arial, freesans, sans-serif;\">Zephir提供原代码的生成（目前会编译成C语言），像gcc/clang/vc++编译器优化代码并编译成机器代码，下面的一张图片 演示了处理的过程：</p><p style=\"margin-bottom: 10px; line-height: 23px; font-family: 微软雅黑, Verdana, sans-serif, 宋体; font-size: 13px; white-space: normal;\"><a href=\"https://github.com/pfdtk/zephir-docs/blob/master/_static/img/scheme.png\" target=\"_blank\" rel=\"nofollow\"><img alt=\"../_static/img/scheme.png\" src=\"http://static.oschina.net/uploads/img/201409/26123456_KLNa.png\" style=\"max-width: 650px;\"/></a></p><p style=\"margin-top: 0px; margin-bottom: 16px; line-height: 25px; white-space: normal; box-sizing: border-box; color: rgb(51, 51, 51); font-family: &#39;Helvetica Neue&#39;, Helvetica, &#39;Segoe UI&#39;, Arial, freesans, sans-serif;\">Zephir除了提供这个外，在处理的过程中，编译器还会实施大量的优化来提高应用的性能。</p><ul class=\" list-paddingleft-2\" style=\"width: 656.4375px; font-family: 微软雅黑, Verdana, sans-serif, 宋体; font-size: 13px; white-space: normal;\"><li><p style=\"margin-bottom: 10px; line-height: 23px;\"><a href=\"http://gcc.gnu.org/onlinedocs/gcc-4.1.0/gcc/Optimize-Options.html\" rel=\"nofollow\">GCC optimizations</a></p></li><li><p style=\"margin-bottom: 10px; line-height: 23px;\"><a href=\"http://llvm.org/docs/Passes.html\" rel=\"nofollow\">LLVM passes</a></p></li><li><p style=\"margin-bottom: 10px; line-height: 23px;\"><a href=\"http://msdn.microsoft.com/en-us/library/k1ack8f1.aspx\" rel=\"nofollow\">Visual C/C++ optimizations</a></p></li></ul><h2 style=\"font-size: 24px; margin-top: 10px; font-family: 微软雅黑, Verdana, sans-serif, 宋体; white-space: normal;\"><a name=\"user-content-代码保护\" href=\"https://github.com/pfdtk/zephir-docs/blob/master/zh_cn/motivation.rst#%E4%BB%A3%E7%A0%81%E4%BF%9D%E6%8A%A4\" rel=\"nofollow\"></a>代码保护</h2><p style=\"margin-top: 0px; margin-bottom: 16px; line-height: 25px; white-space: normal; box-sizing: border-box; color: rgb(51, 51, 51); font-family: &#39;Helvetica Neue&#39;, Helvetica, &#39;Segoe UI&#39;, Arial, freesans, sans-serif;\">在一些情况下，编译器并不会提高应用的性能，这可能是由于应用的瓶颈是I/O计算大于内存计算。 但是编译代码可以起到对代码的一种保护作用。通过Zephir，保护本地的文件，你完全有能力去保护你的代码，并 把它们带给你的用户和客户。</p><h2 style=\"font-size: 24px; margin-top: 10px; font-family: 微软雅黑, Verdana, sans-serif, 宋体; white-space: normal;\"><a name=\"user-content-结论\" href=\"https://github.com/pfdtk/zephir-docs/blob/master/zh_cn/motivation.rst#%E7%BB%93%E8%AE%BA\" rel=\"nofollow\"></a>结论</h2><p style=\"margin-top: 0px; line-height: 25px; white-space: normal; box-sizing: border-box; color: rgb(51, 51, 51); font-family: &#39;Helvetica Neue&#39;, Helvetica, &#39;Segoe UI&#39;, Arial, freesans, sans-serif; margin-bottom: 0px !important;\">Zephir并不是为了代替PHP或C产生的，而是补充它们的不足，它允许开发者尝试编译和开发静态语言。 Zephir是对PHP和C语言的一些优秀的一些东西的融合的一点尝试，从而令得人的应用更加的快速。</p><p><br/></p>', '1427022228');
INSERT INTO `bk_article_detail` VALUES ('44', '1', '57', '<p>最新更新请留意我的github:&nbsp;<a href=\"https://github.com/pfdtk/zephir-docs/tree/master/zh_cn\" rel=\"nofollow\">https://github.com/pfdtk/zephir-docs/tree/master/zh_cn</a></p><p><br/></p><h1>欢迎来到Zephir！</h1><p style=\"box-sizing: border-box; margin-top: 0px; margin-bottom: 16px; color: rgb(51, 51, 51); font-family: &#39;Helvetica Neue&#39;, Helvetica, &#39;Segoe UI&#39;, Arial, freesans, sans-serif; font-size: 16px; line-height: 25px; white-space: normal;\">Zephir 是一个开源的，可以用高级语言安全快速地编写 PHP 的 C 扩展。</p><h2><a name=\"user-content-zephir特点\" href=\"https://github.com/pfdtk/zephir-docs/blob/master/zh_cn/welcome.rst#zephir%E7%89%B9%E7%82%B9\" rel=\"nofollow\"></a>Zephir特点</h2><p style=\"box-sizing: border-box; margin-top: 0px; margin-bottom: 16px; color: rgb(51, 51, 51); font-family: &#39;Helvetica Neue&#39;, Helvetica, &#39;Segoe UI&#39;, Arial, freesans, sans-serif; font-size: 16px; line-height: 25px; white-space: normal;\">Zephir的主要特点有:</p><table style=\"width: 675px;\"><tbody><tr class=\"firstRow\"><td style=\"box-sizing: border-box; padding: 6px 13px;\">Type system</td><td style=\"box-sizing: border-box; padding: 6px 13px;\">dynamic/static</td></tr><tr><td style=\"box-sizing: border-box; padding: 6px 13px;\">Memory safety</td><td style=\"box-sizing: border-box; padding: 6px 13px;\">pointers or direct memory management aren&#39;t allowed</td></tr><tr><td style=\"box-sizing: border-box; padding: 6px 13px;\">Compilation model</td><td style=\"box-sizing: border-box; padding: 6px 13px;\">ahead of time</td></tr><tr><td style=\"box-sizing: border-box; padding: 6px 13px;\">Memory model</td><td style=\"box-sizing: border-box; padding: 6px 13px;\">task-local garbage collection</td></tr></tbody></table><h2><a name=\"user-content-牛刀小试\" href=\"https://github.com/pfdtk/zephir-docs/blob/master/zh_cn/welcome.rst#%E7%89%9B%E5%88%80%E5%B0%8F%E8%AF%95\" rel=\"nofollow\"></a>牛刀小试</h2><p style=\"box-sizing: border-box; margin-top: 0px; margin-bottom: 16px; color: rgb(51, 51, 51); font-family: &#39;Helvetica Neue&#39;, Helvetica, &#39;Segoe UI&#39;, Arial, freesans, sans-serif; font-size: 16px; line-height: 25px; white-space: normal;\">下面的类中的函数alpha过滤一段字符串，并返回字母字符:</p><pre>namespace&nbsp;MyLibrary;\r\n/**\r\n&nbsp;*&nbsp;Filter\r\n&nbsp;*/\r\nclass&nbsp;Filter{\r\n&nbsp;&nbsp;&nbsp;&nbsp;/**\r\n&nbsp;&nbsp;&nbsp;&nbsp;&nbsp;*&nbsp;过滤一段字符串，并返回字母字符\r\n&nbsp;&nbsp;&nbsp;&nbsp;&nbsp;*\r\n&nbsp;&nbsp;&nbsp;&nbsp;&nbsp;*&nbsp;@param&nbsp;string&nbsp;str\r\n&nbsp;&nbsp;&nbsp;&nbsp;&nbsp;*/\r\n&nbsp;&nbsp;&nbsp;&nbsp;public&nbsp;function&nbsp;alpha(string&nbsp;str)\r\n&nbsp;&nbsp;&nbsp;&nbsp;{\r\n&nbsp;&nbsp;&nbsp;&nbsp;&nbsp;&nbsp;&nbsp;&nbsp;char&nbsp;ch;&nbsp;string&nbsp;filtered&nbsp;=&nbsp;&quot;&quot;;\r\n\r\n&nbsp;&nbsp;&nbsp;&nbsp;&nbsp;&nbsp;&nbsp;&nbsp;for&nbsp;ch&nbsp;in&nbsp;str&nbsp;{\r\n&nbsp;&nbsp;&nbsp;&nbsp;&nbsp;&nbsp;&nbsp;&nbsp;&nbsp;&nbsp;&nbsp;if&nbsp;(ch&nbsp;&gt;=&nbsp;&#39;a&#39;&nbsp;&amp;&amp;&nbsp;ch&nbsp;&lt;=&nbsp;&#39;z&#39;)&nbsp;||&nbsp;(ch&nbsp;&gt;=&nbsp;&#39;A&#39;&nbsp;&amp;&amp;&nbsp;ch&nbsp;&lt;=&nbsp;&#39;Z&#39;)&nbsp;{\r\n&nbsp;&nbsp;&nbsp;&nbsp;&nbsp;&nbsp;&nbsp;&nbsp;&nbsp;&nbsp;&nbsp;&nbsp;&nbsp;&nbsp;let&nbsp;filtered&nbsp;.=&nbsp;ch;\r\n&nbsp;&nbsp;&nbsp;&nbsp;&nbsp;&nbsp;&nbsp;&nbsp;&nbsp;&nbsp;&nbsp;}\r\n&nbsp;&nbsp;&nbsp;&nbsp;&nbsp;&nbsp;&nbsp;&nbsp;}\r\n\r\n&nbsp;&nbsp;&nbsp;&nbsp;&nbsp;&nbsp;&nbsp;&nbsp;return&nbsp;filtered;\r\n&nbsp;&nbsp;&nbsp;&nbsp;}\r\n}</pre><p><br/></p><p style=\"box-sizing: border-box; margin-top: 0px; margin-bottom: 16px; color: rgb(51, 51, 51); font-family: &#39;Helvetica Neue&#39;, Helvetica, &#39;Segoe UI&#39;, Arial, freesans, sans-serif; font-size: 16px; line-height: 25px; white-space: normal;\">一但上面的代码编译成扩展后，在php中可以这样使用:</p><pre>&lt;?php\r\n$filter&nbsp;=&nbsp;new&nbsp;MyLibrary\\Filter();\r\necho&nbsp;$filter-&gt;alpha(&quot;hello&quot;);&nbsp;//&nbsp;输出&nbsp;hello</pre><p><br/></p><p><br/></p>', '1427022413');
INSERT INTO `bk_article_detail` VALUES ('45', '1', '58', '<p>1、phpredis下载地址：http://pecl.php.net/package/redis</p><pre class=\"brush:shell;toolbar: true; auto-links: false;\">[jhj@localhost&nbsp;solf]$&nbsp;wget&nbsp;http://pecl.php.net/get/redis-2.2.5.tgz</pre><p><br/></p><p>2、解压安装，安装方法在 https://github.com/nicolasff/phpredis/#installation</p><pre class=\"brush:shell;toolbar: true; auto-links: false;\">[jhj@localhost&nbsp;solf]$&nbsp;tar&nbsp;xzf&nbsp;redis-2.2.5.tgz\r\n[jhj@localhost&nbsp;solf]$&nbsp;cd&nbsp;redis-2.2.</pre><p><br/></p><p>生成configure配置文件</p><pre class=\"brush:shell;toolbar: true; auto-links: false;\">[jhj@localhost&nbsp;redis-2.2.5]$&nbsp;/usr/local/php/bin/phpize&nbsp;\r\nConfiguring&nbsp;for:\r\nPHP&nbsp;Api&nbsp;Version:&nbsp;&nbsp;&nbsp;&nbsp;&nbsp;&nbsp;&nbsp;&nbsp;&nbsp;20090626\r\nZend&nbsp;Module&nbsp;Api&nbsp;No:&nbsp;&nbsp;&nbsp;&nbsp;&nbsp;&nbsp;20090626\r\nZend&nbsp;Extension&nbsp;Api&nbsp;No:&nbsp;&nbsp;&nbsp;220090626</pre><p><br/></p><pre class=\"brush:shell;toolbar: true; auto-links: false;\">[jhj@localhost&nbsp;redis-2.2.5]$&nbsp;./configure&nbsp;--with-php-config=/usr/local/php/bin/php-config\r\n[jhj@localhost&nbsp;redis-2.2.5]$&nbsp;make\r\n[jhj@localhost&nbsp;redis-2.2.5]$&nbsp;make&nbsp;install\r\nInstalling&nbsp;shared&nbsp;extensions:&nbsp;&nbsp;&nbsp;&nbsp;&nbsp;/usr/local/php/lib/php/extensions/no-debug-non-zts-20090626/\r\ncp:&nbsp;cannot&nbsp;create&nbsp;regular&nbsp;file&nbsp;`/usr/local/php/lib/php/extensions/no-debug-non-zts-20090626/#INST@6338#&#39;:&nbsp;Permission&nbsp;denied\r\nmake:&nbsp;***&nbsp;[install-modules]&nbsp;Error&nbsp;1\r\n[jhj@localhost&nbsp;redis-2.2.5]$&nbsp;su\r\nPassword:&nbsp;\r\n[root@localhost&nbsp;redis-2.2.5]#&nbsp;make&nbsp;install</pre><p><br/></p><p>3、配置PHP加载扩展</p><pre class=\"brush:shell;toolbar: true; auto-links: false;\">extension=redis.so</pre><p><br/></p><p>4、查看phpinfo</p><h2>redis</h2><table cellpadding=\"3\"><tbody><tr class=\"firstRow\"><th>Redis Support</th><th>enabled</th></tr><tr><td>Redis Version</td><td>2.2.5</td></tr></tbody></table><p><br/></p>', '1427022819');
INSERT INTO `bk_article_detail` VALUES ('46', '1', '59', '<p>1、下载libmemcached库 地址在https://code.launchpad.net/libmemcached</p><pre class=\"brush:shell;toolbar: true; auto-links: false;\">wget&nbsp;https://launchpad.net/libmemcached/1.0/1.0.18/+download/libmemcached-1.0.18.tar.gz</pre><p><br/></p><p>2、下载php memcached扩展，地址在http://pecl.php.net/package/memcached</p><pre class=\"brush:shell;toolbar: true; auto-links: false;\">wget&nbsp;http://pecl.php.net/get/memcached-2.2.0.tgz</pre><p><br/></p><p>3、解压</p><pre class=\"brush:shell;toolbar: true; auto-links: false;\">[root@localhost&nbsp;solf]#&nbsp;tar&nbsp;xzf&nbsp;libmemcached-1.0.18.tar.gz&nbsp;\r\n[root@localhost&nbsp;solf]#&nbsp;tar&nbsp;xzf&nbsp;memcached-2.2.0.tgz</pre><p><br/></p><p>4、安装libmemcached</p><pre class=\"brush:shell;toolbar: true; auto-links: false;\">[root@localhost&nbsp;libmemcached-1.0.18]#&nbsp;./configure&nbsp;--prefix=/usr/local/libmemcached&nbsp;--with-memcached</pre><p><br/></p><pre class=\"brush:shell;toolbar: true; auto-links: false;\">[root@localhost&nbsp;libmemcached-1.0.18]#&nbsp;make&nbsp;&amp;&amp;&nbsp;make&nbsp;install</pre><p><br/></p><p>5、安装PHPmemcached扩展</p><p>运行phpize命令生成configure配置文件</p><pre class=\"brush:shell;toolbar: true; auto-links: false;\">[root@localhost&nbsp;memcached-2.2.0]#&nbsp;/usr/local/php/bin/phpize&nbsp;\r\nConfiguring&nbsp;for:\r\nPHP&nbsp;Api&nbsp;Version:&nbsp;&nbsp;&nbsp;&nbsp;&nbsp;&nbsp;&nbsp;&nbsp;&nbsp;20090626\r\nZend&nbsp;Module&nbsp;Api&nbsp;No:&nbsp;&nbsp;&nbsp;&nbsp;&nbsp;&nbsp;20090626\r\nZend&nbsp;Extension&nbsp;Api&nbsp;No:&nbsp;&nbsp;&nbsp;220090626</pre><p><br/></p><p>安装，因为机子上可能没有sasl，这里暂时不启用，加上参数--disable-memcached-sasl，否则--enable-sasl</p><pre class=\"brush:shell;toolbar: true; auto-links: false;\">[root@localhost&nbsp;memcached-2.2.0]#&nbsp;./configure&nbsp;--with-php-config=/usr/local/php/bin/php-config&nbsp;--disable-memcached-sasl</pre><p><br/></p><pre class=\"brush:shell;toolbar: true; auto-links: false;\">make&nbsp;&amp;&amp;&nbsp;make&nbsp;install</pre><p><br/></p><p>到些安装完成</p><p>6、配置php，加载memcahed扩展</p><pre class=\"brush:shell;toolbar: true; auto-links: false;\">extension=memcached.so</pre><p><br/></p><p>7、重启httpd</p><pre class=\"brush:shell;toolbar: true; auto-links: false;\">[root@localhost&nbsp;no-debug-non-zts-20090626]#&nbsp;service&nbsp;httpd&nbsp;restart\r\nStopping&nbsp;httpd:&nbsp;&nbsp;&nbsp;&nbsp;&nbsp;&nbsp;&nbsp;&nbsp;&nbsp;&nbsp;&nbsp;&nbsp;&nbsp;&nbsp;&nbsp;&nbsp;&nbsp;&nbsp;&nbsp;&nbsp;&nbsp;&nbsp;&nbsp;&nbsp;&nbsp;&nbsp;&nbsp;&nbsp;&nbsp;&nbsp;&nbsp;&nbsp;&nbsp;&nbsp;&nbsp;&nbsp;&nbsp;&nbsp;&nbsp;&nbsp;&nbsp;&nbsp;&nbsp;&nbsp;[&nbsp;&nbsp;OK&nbsp;&nbsp;]\r\nStarting&nbsp;httpd:&nbsp;&nbsp;&nbsp;&nbsp;&nbsp;&nbsp;&nbsp;&nbsp;&nbsp;&nbsp;&nbsp;&nbsp;&nbsp;&nbsp;&nbsp;&nbsp;&nbsp;&nbsp;&nbsp;&nbsp;&nbsp;&nbsp;&nbsp;&nbsp;&nbsp;&nbsp;&nbsp;&nbsp;&nbsp;&nbsp;&nbsp;&nbsp;&nbsp;&nbsp;&nbsp;&nbsp;&nbsp;&nbsp;&nbsp;&nbsp;&nbsp;&nbsp;&nbsp;&nbsp;[&nbsp;&nbsp;OK&nbsp;&nbsp;]</pre><p><br/></p><p>8、查看phpinfo</p><h2><a rel=\"nofollow\" name=\"module_memcached\"></a>memcached</h2><table cellpadding=\"3\"><tbody><tr class=\"firstRow\"><th style=\"font-family: sans-serif; border: 1px solid rgb(0, 0, 0); font-size: 12px; vertical-align: baseline; text-align: center !important;\">memcached support</th><th style=\"font-family: sans-serif; border: 1px solid rgb(0, 0, 0); font-size: 12px; vertical-align: baseline; text-align: center !important;\">enabled</th></tr><tr><td style=\"font-family: sans-serif; border: 1px solid rgb(0, 0, 0); font-size: 12px; vertical-align: baseline; background-color: rgb(204, 204, 255); font-weight: bold; color: rgb(0, 0, 0);\">Version</td><td style=\"font-family: sans-serif; border: 1px solid rgb(0, 0, 0); font-size: 12px; vertical-align: baseline; background-color: rgb(204, 204, 204); color: rgb(0, 0, 0);\">2.2.0</td></tr><tr><td style=\"font-family: sans-serif; border: 1px solid rgb(0, 0, 0); font-size: 12px; vertical-align: baseline; background-color: rgb(204, 204, 255); font-weight: bold; color: rgb(0, 0, 0);\">libmemcached version</td><td style=\"font-family: sans-serif; border: 1px solid rgb(0, 0, 0); font-size: 12px; vertical-align: baseline; background-color: rgb(204, 204, 204); color: rgb(0, 0, 0);\">1.0.18</td></tr><tr><td style=\"font-family: sans-serif; border: 1px solid rgb(0, 0, 0); font-size: 12px; vertical-align: baseline; background-color: rgb(204, 204, 255); font-weight: bold; color: rgb(0, 0, 0);\">SASL support</td><td style=\"font-family: sans-serif; border: 1px solid rgb(0, 0, 0); font-size: 12px; vertical-align: baseline; background-color: rgb(204, 204, 204); color: rgb(0, 0, 0);\">no</td></tr><tr><td style=\"font-family: sans-serif; border: 1px solid rgb(0, 0, 0); font-size: 12px; vertical-align: baseline; background-color: rgb(204, 204, 255); font-weight: bold; color: rgb(0, 0, 0);\">Session support</td><td style=\"font-family: sans-serif; border: 1px solid rgb(0, 0, 0); font-size: 12px; vertical-align: baseline; background-color: rgb(204, 204, 204); color: rgb(0, 0, 0);\">yes</td></tr><tr><td style=\"font-family: sans-serif; border: 1px solid rgb(0, 0, 0); font-size: 12px; vertical-align: baseline; background-color: rgb(204, 204, 255); font-weight: bold; color: rgb(0, 0, 0);\">igbinary support</td><td style=\"font-family: sans-serif; border: 1px solid rgb(0, 0, 0); font-size: 12px; vertical-align: baseline; background-color: rgb(204, 204, 204); color: rgb(0, 0, 0);\">no</td></tr><tr><td style=\"font-family: sans-serif; border: 1px solid rgb(0, 0, 0); font-size: 12px; vertical-align: baseline; background-color: rgb(204, 204, 255); font-weight: bold; color: rgb(0, 0, 0);\">json support</td><td style=\"font-family: sans-serif; border: 1px solid rgb(0, 0, 0); font-size: 12px; vertical-align: baseline; background-color: rgb(204, 204, 204); color: rgb(0, 0, 0);\">no</td></tr><tr><td style=\"font-family: sans-serif; border: 1px solid rgb(0, 0, 0); font-size: 12px; vertical-align: baseline; background-color: rgb(204, 204, 255); font-weight: bold; color: rgb(0, 0, 0);\">msgpack support</td><td style=\"font-family: sans-serif; border: 1px solid rgb(0, 0, 0); font-size: 12px; vertical-align: baseline; background-color: rgb(204, 204, 204); color: rgb(0, 0, 0);\">no</td></tr></tbody></table><p><br/></p><table cellpadding=\"3\"><tbody><tr class=\"firstRow\"><th style=\"font-family: sans-serif; border: 1px solid rgb(0, 0, 0); font-size: 12px; vertical-align: baseline; text-align: center !important;\">Directive</th><th style=\"font-family: sans-serif; border: 1px solid rgb(0, 0, 0); font-size: 12px; vertical-align: baseline; text-align: center !important;\">Local Value</th><th style=\"font-family: sans-serif; border: 1px solid rgb(0, 0, 0); font-size: 12px; vertical-align: baseline; text-align: center !important;\">Master Value</th></tr><tr><td style=\"font-family: sans-serif; border: 1px solid rgb(0, 0, 0); font-size: 12px; vertical-align: baseline; background-color: rgb(204, 204, 255); font-weight: bold; color: rgb(0, 0, 0);\">memcached.compression_factor</td><td style=\"font-family: sans-serif; border: 1px solid rgb(0, 0, 0); font-size: 12px; vertical-align: baseline; background-color: rgb(204, 204, 204); color: rgb(0, 0, 0);\">1.3</td><td style=\"font-family: sans-serif; border: 1px solid rgb(0, 0, 0); font-size: 12px; vertical-align: baseline; background-color: rgb(204, 204, 204); color: rgb(0, 0, 0);\">1.3</td></tr><tr><td style=\"font-family: sans-serif; border: 1px solid rgb(0, 0, 0); font-size: 12px; vertical-align: baseline; background-color: rgb(204, 204, 255); font-weight: bold; color: rgb(0, 0, 0);\">memcached.compression_threshold</td><td style=\"font-family: sans-serif; border: 1px solid rgb(0, 0, 0); font-size: 12px; vertical-align: baseline; background-color: rgb(204, 204, 204); color: rgb(0, 0, 0);\">2000</td><td style=\"font-family: sans-serif; border: 1px solid rgb(0, 0, 0); font-size: 12px; vertical-align: baseline; background-color: rgb(204, 204, 204); color: rgb(0, 0, 0);\">2000</td></tr><tr><td style=\"font-family: sans-serif; border: 1px solid rgb(0, 0, 0); font-size: 12px; vertical-align: baseline; background-color: rgb(204, 204, 255); font-weight: bold; color: rgb(0, 0, 0);\">memcached.compression_type</td><td style=\"font-family: sans-serif; border: 1px solid rgb(0, 0, 0); font-size: 12px; vertical-align: baseline; background-color: rgb(204, 204, 204); color: rgb(0, 0, 0);\">fastlz</td><td style=\"font-family: sans-serif; border: 1px solid rgb(0, 0, 0); font-size: 12px; vertical-align: baseline; background-color: rgb(204, 204, 204); color: rgb(0, 0, 0);\">fastlz</td></tr><tr><td style=\"font-family: sans-serif; border: 1px solid rgb(0, 0, 0); font-size: 12px; vertical-align: baseline; background-color: rgb(204, 204, 255); font-weight: bold; color: rgb(0, 0, 0);\">memcached.serializer</td><td style=\"font-family: sans-serif; border: 1px solid rgb(0, 0, 0); font-size: 12px; vertical-align: baseline; background-color: rgb(204, 204, 204); color: rgb(0, 0, 0);\">php</td><td style=\"font-family: sans-serif; border: 1px solid rgb(0, 0, 0); font-size: 12px; vertical-align: baseline; background-color: rgb(204, 204, 204); color: rgb(0, 0, 0);\">php</td></tr><tr><td style=\"font-family: sans-serif; border: 1px solid rgb(0, 0, 0); font-size: 12px; vertical-align: baseline; background-color: rgb(204, 204, 255); font-weight: bold; color: rgb(0, 0, 0);\">memcached.sess_binary</td><td style=\"font-family: sans-serif; border: 1px solid rgb(0, 0, 0); font-size: 12px; vertical-align: baseline; background-color: rgb(204, 204, 204); color: rgb(0, 0, 0);\">0</td><td style=\"font-family: sans-serif; border: 1px solid rgb(0, 0, 0); font-size: 12px; vertical-align: baseline; background-color: rgb(204, 204, 204); color: rgb(0, 0, 0);\">0</td></tr><tr><td style=\"font-family: sans-serif; border: 1px solid rgb(0, 0, 0); font-size: 12px; vertical-align: baseline; background-color: rgb(204, 204, 255); font-weight: bold; color: rgb(0, 0, 0);\">memcached.sess_connect_timeout</td><td style=\"font-family: sans-serif; border: 1px solid rgb(0, 0, 0); font-size: 12px; vertical-align: baseline; background-color: rgb(204, 204, 204); color: rgb(0, 0, 0);\">1000</td><td style=\"font-family: sans-serif; border: 1px solid rgb(0, 0, 0); font-size: 12px; vertical-align: baseline; background-color: rgb(204, 204, 204); color: rgb(0, 0, 0);\">1000</td></tr><tr><td style=\"font-family: sans-serif; border: 1px solid rgb(0, 0, 0); font-size: 12px; vertical-align: baseline; background-color: rgb(204, 204, 255); font-weight: bold; color: rgb(0, 0, 0);\">memcached.sess_consistent_hash</td><td style=\"font-family: sans-serif; border: 1px solid rgb(0, 0, 0); font-size: 12px; vertical-align: baseline; background-color: rgb(204, 204, 204); color: rgb(0, 0, 0);\">0</td><td style=\"font-family: sans-serif; border: 1px solid rgb(0, 0, 0); font-size: 12px; vertical-align: baseline; background-color: rgb(204, 204, 204); color: rgb(0, 0, 0);\">0</td></tr><tr><td style=\"font-family: sans-serif; border: 1px solid rgb(0, 0, 0); font-size: 12px; vertical-align: baseline; background-color: rgb(204, 204, 255); font-weight: bold; color: rgb(0, 0, 0);\">memcached.sess_lock_expire</td><td style=\"font-family: sans-serif; border: 1px solid rgb(0, 0, 0); font-size: 12px; vertical-align: baseline; background-color: rgb(204, 204, 204); color: rgb(0, 0, 0);\">0</td><td style=\"font-family: sans-serif; border: 1px solid rgb(0, 0, 0); font-size: 12px; vertical-align: baseline; background-color: rgb(204, 204, 204); color: rgb(0, 0, 0);\">0</td></tr><tr><td style=\"font-family: sans-serif; border: 1px solid rgb(0, 0, 0); font-size: 12px; vertical-align: baseline; background-color: rgb(204, 204, 255); font-weight: bold; color: rgb(0, 0, 0);\">memcached.sess_lock_max_wait</td><td style=\"font-family: sans-serif; border: 1px solid rgb(0, 0, 0); font-size: 12px; vertical-align: baseline; background-color: rgb(204, 204, 204); color: rgb(0, 0, 0);\">0</td><td style=\"font-family: sans-serif; border: 1px solid rgb(0, 0, 0); font-size: 12px; vertical-align: baseline; background-color: rgb(204, 204, 204); color: rgb(0, 0, 0);\">0</td></tr><tr><td style=\"font-family: sans-serif; border: 1px solid rgb(0, 0, 0); font-size: 12px; vertical-align: baseline; background-color: rgb(204, 204, 255); font-weight: bold; color: rgb(0, 0, 0);\">memcached.sess_lock_wait</td><td style=\"font-family: sans-serif; border: 1px solid rgb(0, 0, 0); font-size: 12px; vertical-align: baseline; background-color: rgb(204, 204, 204); color: rgb(0, 0, 0);\">150000</td><td style=\"font-family: sans-serif; border: 1px solid rgb(0, 0, 0); font-size: 12px; vertical-align: baseline; background-color: rgb(204, 204, 204); color: rgb(0, 0, 0);\">150000</td></tr><tr><td style=\"font-family: sans-serif; border: 1px solid rgb(0, 0, 0); font-size: 12px; vertical-align: baseline; background-color: rgb(204, 204, 255); font-weight: bold; color: rgb(0, 0, 0);\">memcached.sess_locking</td><td style=\"font-family: sans-serif; border: 1px solid rgb(0, 0, 0); font-size: 12px; vertical-align: baseline; background-color: rgb(204, 204, 204); color: rgb(0, 0, 0);\">1</td><td style=\"font-family: sans-serif; border: 1px solid rgb(0, 0, 0); font-size: 12px; vertical-align: baseline; background-color: rgb(204, 204, 204); color: rgb(0, 0, 0);\">1</td></tr><tr><td style=\"font-family: sans-serif; border: 1px solid rgb(0, 0, 0); font-size: 12px; vertical-align: baseline; background-color: rgb(204, 204, 255); font-weight: bold; color: rgb(0, 0, 0);\">memcached.sess_number_of_replicas</td><td style=\"font-family: sans-serif; border: 1px solid rgb(0, 0, 0); font-size: 12px; vertical-align: baseline; background-color: rgb(204, 204, 204); color: rgb(0, 0, 0);\">0</td><td style=\"font-family: sans-serif; border: 1px solid rgb(0, 0, 0); font-size: 12px; vertical-align: baseline; background-color: rgb(204, 204, 204); color: rgb(0, 0, 0);\">0</td></tr><tr><td style=\"font-family: sans-serif; border: 1px solid rgb(0, 0, 0); font-size: 12px; vertical-align: baseline; background-color: rgb(204, 204, 255); font-weight: bold; color: rgb(0, 0, 0);\">memcached.sess_prefix</td><td style=\"font-family: sans-serif; border: 1px solid rgb(0, 0, 0); font-size: 12px; vertical-align: baseline; background-color: rgb(204, 204, 204); color: rgb(0, 0, 0);\">memc.sess.key.</td><td style=\"font-family: sans-serif; border: 1px solid rgb(0, 0, 0); font-size: 12px; vertical-align: baseline; background-color: rgb(204, 204, 204); color: rgb(0, 0, 0);\">memc.sess.key.</td></tr><tr><td style=\"font-family: sans-serif; border: 1px solid rgb(0, 0, 0); font-size: 12px; vertical-align: baseline; background-color: rgb(204, 204, 255); font-weight: bold; color: rgb(0, 0, 0);\">memcached.sess_randomize_replica_read</td><td style=\"font-family: sans-serif; border: 1px solid rgb(0, 0, 0); font-size: 12px; vertical-align: baseline; background-color: rgb(204, 204, 204); color: rgb(0, 0, 0);\">0</td><td style=\"font-family: sans-serif; border: 1px solid rgb(0, 0, 0); font-size: 12px; vertical-align: baseline; background-color: rgb(204, 204, 204); color: rgb(0, 0, 0);\">0</td></tr><tr><td style=\"font-family: sans-serif; border: 1px solid rgb(0, 0, 0); font-size: 12px; vertical-align: baseline; background-color: rgb(204, 204, 255); font-weight: bold; color: rgb(0, 0, 0);\">memcached.sess_remove_failed</td><td style=\"font-family: sans-serif; border: 1px solid rgb(0, 0, 0); font-size: 12px; vertical-align: baseline; background-color: rgb(204, 204, 204); color: rgb(0, 0, 0);\">0</td><td style=\"font-family: sans-serif; border: 1px solid rgb(0, 0, 0); font-size: 12px; vertical-align: baseline; background-color: rgb(204, 204, 204); color: rgb(0, 0, 0);\">0</td></tr><tr><td style=\"font-family: sans-serif; border: 1px solid rgb(0, 0, 0); font-size: 12px; vertical-align: baseline; background-color: rgb(204, 204, 255); font-weight: bold; color: rgb(0, 0, 0);\">memcached.store_retry_count</td><td style=\"font-family: sans-serif; border: 1px solid rgb(0, 0, 0); font-size: 12px; vertical-align: baseline; background-color: rgb(204, 204, 204); color: rgb(0, 0, 0);\">2</td><td style=\"font-family: sans-serif; border: 1px solid rgb(0, 0, 0); font-size: 12px; vertical-align: baseline; background-color: rgb(204, 204, 204); color: rgb(0, 0, 0);\">2</td></tr></tbody></table><p><br/></p>', '1427022967');
INSERT INTO `bk_article_detail` VALUES ('47', '1', '60', '<p>安装请参考：<a target=\"_blank\" href=\"https://code.google.com/p/memcached/wiki/NewInstallFromSource\" rel=\"nofollow\">https://code.google.com/p/memcached/wiki/NewInstallFromSource</a><br/></p><p>安装memcached之前请先安装libevent-devel</p><pre class=\"brush:shell;toolbar: true; auto-links: false;\">yum&nbsp;install&nbsp;libevent-devel</pre><p><br/></p><p>开始安装</p><pre class=\"brush:shell;toolbar: true; auto-links: false;\">./configure&nbsp;--prefix=/usr/local/memcached\r\nmake&nbsp;&amp;&amp;&nbsp;make&nbsp;install</pre><p><br/></p><p>启动：</p><pre class=\"brush:shell;toolbar: true; auto-links: false;\">/usr/local/memcached/bin/memcached&nbsp;-d&nbsp;-m&nbsp;50&nbsp;-u&nbsp;root&nbsp;-l&nbsp;127.0.0.1&nbsp;-p&nbsp;11211</pre><p><br/></p><p>telnet测试：</p><p>先安装telnet如果没有telnet</p><pre class=\"brush:shell;toolbar: true; auto-links: false;\">yum&nbsp;install&nbsp;telnet</pre><p><br/></p><pre class=\"brush:shell;toolbar: true; auto-links: false;\">[root@localhost&nbsp;bin]#&nbsp;telnet&nbsp;127.0.0.1&nbsp;11211\r\nTrying&nbsp;127.0.0.1...\r\nConnected&nbsp;to&nbsp;127.0.0.1.\r\nEscape&nbsp;character&nbsp;is&nbsp;&#39;^]&#39;.\r\nset&nbsp;u&nbsp;0&nbsp;0&nbsp;3\r\nuuu\r\nSTORED\r\nget&nbsp;u\r\nVALUE&nbsp;u&nbsp;0&nbsp;3\r\nuuu\r\nEND</pre><p><br/></p><p><br/></p>', '1427023125');
INSERT INTO `bk_article_detail` VALUES ('48', '1', '61', '<p>1：安装过程，这里采用了yum的方式安装，编译的话有点麻烦。</p><pre class=\"brush:shell;toolbar: true; auto-links: false;\">[root@localhost&nbsp;data]#&nbsp;yum&nbsp;install&nbsp;subversion</pre><p><br/></p><p>执行以下的命令：</p><pre class=\"brush:shell;toolbar: true; auto-links: false;\">svn&nbsp;--version</pre><p><br/></p><p>如果显示</p><pre class=\"brush:shell;toolbar: true; auto-links: false;\">svn,&nbsp;version&nbsp;1.6.11&nbsp;(r934486)</pre><p><br/></p><p>之类的信息，那么代表安装成功了。<br/></p><p>2、建立版本库</p><p>首先我们建立一个文件夹来专门存放svn项目，如下<br/></p><pre class=\"brush:shell;toolbar: true; auto-links: false;\">[root@localhost&nbsp;data]#&nbsp;mkdir&nbsp;/data</pre><p><br/></p><p>我们使用命令建立两个项目：</p><pre class=\"brush:shell;toolbar: true; auto-links: false;\">[root@localhost&nbsp;data]#&nbsp;svnadmin&nbsp;create&nbsp;/data/onethink\r\n[root@localhost&nbsp;data]#&nbsp;svnadmin&nbsp;create&nbsp;/data/p2</pre><p><br/></p><p>此时会在文件夹/data/下面生成两个项目onethink和p2，目录结构如下：</p><pre class=\"brush:shell;toolbar: true; auto-links: false;\">drwxr-xr-x.&nbsp;6&nbsp;root&nbsp;root&nbsp;4096&nbsp;May&nbsp;23&nbsp;22:10&nbsp;onethink\r\ndrwxr-xr-x.&nbsp;6&nbsp;root&nbsp;root&nbsp;4096&nbsp;May&nbsp;24&nbsp;01:06&nbsp;p2</pre><p><br/></p><p>每个项目的目录结构如下：</p><pre class=\"brush:shell;toolbar: true; auto-links: false;\">drwxr-xr-x.&nbsp;2&nbsp;root&nbsp;root&nbsp;4096&nbsp;May&nbsp;24&nbsp;01:15&nbsp;conf\r\ndrwxr-sr-x.&nbsp;6&nbsp;root&nbsp;root&nbsp;4096&nbsp;May&nbsp;24&nbsp;01:24&nbsp;db\r\n-r--r--r--.&nbsp;1&nbsp;root&nbsp;root&nbsp;&nbsp;&nbsp;&nbsp;2&nbsp;May&nbsp;24&nbsp;01:06&nbsp;format\r\ndrwxr-xr-x.&nbsp;2&nbsp;root&nbsp;root&nbsp;4096&nbsp;May&nbsp;24&nbsp;01:06&nbsp;hooks\r\ndrwxr-xr-x.&nbsp;2&nbsp;root&nbsp;root&nbsp;4096&nbsp;May&nbsp;24&nbsp;01:06&nbsp;locks\r\n-rw-r--r--.&nbsp;1&nbsp;root&nbsp;root&nbsp;&nbsp;229&nbsp;May&nbsp;24&nbsp;01:06&nbsp;README.txt</pre><p><br/></p><p>其中 conf 文件夹中的三个文件为svn的配置文件，包括：</p><pre class=\"brush:shell;toolbar: true; auto-links: false;\">-rw-r--r--.&nbsp;1&nbsp;root&nbsp;root&nbsp;1093&nbsp;May&nbsp;&nbsp;7&nbsp;06:41&nbsp;authz\r\n-rw-r--r--.&nbsp;1&nbsp;root&nbsp;root&nbsp;&nbsp;320&nbsp;May&nbsp;&nbsp;7&nbsp;06:39&nbsp;passwd\r\n-rw-r--r--.&nbsp;1&nbsp;root&nbsp;root&nbsp;2259&nbsp;May&nbsp;&nbsp;7&nbsp;06:43&nbsp;svnserve.conf</pre><p><br/></p><p>其中authz为权限文件，passwd为用户验证文件，svnserve.conf为项目配置文件。为了方便我们把authz passwd这两个文件独立开来，成为每个项目的公用权限和验证文件。我们把它们放在/data/conf目录下。</p><p>此时的目录结构如下：</p><pre class=\"brush:shell;toolbar: true; auto-links: false;\">drwxr-xr-x.&nbsp;2&nbsp;root&nbsp;root&nbsp;4096&nbsp;May&nbsp;24&nbsp;01:26&nbsp;conf\r\ndrwxr-xr-x.&nbsp;6&nbsp;root&nbsp;root&nbsp;4096&nbsp;May&nbsp;23&nbsp;22:10&nbsp;onethink\r\ndrwxr-xr-x.&nbsp;6&nbsp;root&nbsp;root&nbsp;4096&nbsp;May&nbsp;24&nbsp;01:06&nbsp;p2</pre><p><br/></p><pre class=\"brush:shell;toolbar: true; auto-links: false;\">[root@localhost&nbsp;data]#&nbsp;ll&nbsp;conf&nbsp;onethink/&nbsp;p2/\r\nconf:\r\ntotal&nbsp;8\r\n-rw-r--r--.&nbsp;1&nbsp;root&nbsp;root&nbsp;1031&nbsp;May&nbsp;24&nbsp;01:24&nbsp;authz\r\n-rw-r--r--.&nbsp;1&nbsp;root&nbsp;root&nbsp;&nbsp;338&nbsp;May&nbsp;23&nbsp;22:08&nbsp;passwd\r\n\r\nonethink/:\r\ntotal&nbsp;24\r\ndrwxr-xr-x.&nbsp;2&nbsp;root&nbsp;root&nbsp;4096&nbsp;May&nbsp;23&nbsp;22:56&nbsp;conf\r\ndrwxr-sr-x.&nbsp;6&nbsp;root&nbsp;root&nbsp;4096&nbsp;May&nbsp;24&nbsp;01:18&nbsp;db\r\n-r--r--r--.&nbsp;1&nbsp;root&nbsp;root&nbsp;&nbsp;&nbsp;&nbsp;2&nbsp;May&nbsp;23&nbsp;21:50&nbsp;format\r\ndrwxr-xr-x.&nbsp;2&nbsp;root&nbsp;root&nbsp;4096&nbsp;May&nbsp;23&nbsp;21:50&nbsp;hooks\r\ndrwxr-xr-x.&nbsp;2&nbsp;root&nbsp;root&nbsp;4096&nbsp;May&nbsp;23&nbsp;21:50&nbsp;locks\r\n-rw-r--r--.&nbsp;1&nbsp;root&nbsp;root&nbsp;&nbsp;229&nbsp;May&nbsp;23&nbsp;21:50&nbsp;README.txt\r\n\r\np2/:\r\ntotal&nbsp;24\r\ndrwxr-xr-x.&nbsp;2&nbsp;root&nbsp;root&nbsp;4096&nbsp;May&nbsp;24&nbsp;01:15&nbsp;conf\r\ndrwxr-sr-x.&nbsp;6&nbsp;root&nbsp;root&nbsp;4096&nbsp;May&nbsp;24&nbsp;01:24&nbsp;db\r\n-r--r--r--.&nbsp;1&nbsp;root&nbsp;root&nbsp;&nbsp;&nbsp;&nbsp;2&nbsp;May&nbsp;24&nbsp;01:06&nbsp;format\r\ndrwxr-xr-x.&nbsp;2&nbsp;root&nbsp;root&nbsp;4096&nbsp;May&nbsp;24&nbsp;01:06&nbsp;hooks\r\ndrwxr-xr-x.&nbsp;2&nbsp;root&nbsp;root&nbsp;4096&nbsp;May&nbsp;24&nbsp;01:06&nbsp;locks\r\n-rw-r--r--.&nbsp;1&nbsp;root&nbsp;root&nbsp;&nbsp;229&nbsp;May&nbsp;24&nbsp;01:06&nbsp;README.txt</pre><p><br/></p><p>接下来我们配置用户名及密码</p><p>打开/data/conf/passwd文件，增加两个用户</p><pre class=\"brush:shell;toolbar: true; auto-links: false;\">[root@localhost&nbsp;conf]#&nbsp;cat&nbsp;passwd&nbsp;\r\n###&nbsp;This&nbsp;file&nbsp;is&nbsp;an&nbsp;example&nbsp;password&nbsp;file&nbsp;for&nbsp;svnserve.\r\n###&nbsp;Its&nbsp;format&nbsp;is&nbsp;similar&nbsp;to&nbsp;that&nbsp;of&nbsp;svnserve.conf.&nbsp;As&nbsp;shown&nbsp;in&nbsp;the\r\n###&nbsp;example&nbsp;below&nbsp;it&nbsp;contains&nbsp;one&nbsp;section&nbsp;labelled&nbsp;[users].\r\n###&nbsp;The&nbsp;name&nbsp;and&nbsp;password&nbsp;for&nbsp;each&nbsp;user&nbsp;follow,&nbsp;one&nbsp;account&nbsp;per&nbsp;line.\r\n\r\n[users]\r\n#&nbsp;harry&nbsp;=&nbsp;harryssecret\r\n#&nbsp;sally&nbsp;=&nbsp;sallyssecret\r\ntttt&nbsp;=&nbsp;111111&nbsp;&nbsp;#用户1\r\ntttt2&nbsp;=&nbsp;111111&nbsp;&nbsp;&nbsp;#用户2</pre><p><br/></p><p>接着我们设置项目onethink和p2下面的conf/svnserve.conf文件，令到它可以使用公共的/data/conf/passwd及/data/conf/authz</p><pre class=\"brush:shell;toolbar: true; auto-links: false;\">anon-access&nbsp;=&nbsp;none&nbsp;//无权限时\r\nauth-access&nbsp;=&nbsp;write&nbsp;//有权限时\r\n###&nbsp;The&nbsp;password-db&nbsp;option&nbsp;controls&nbsp;the&nbsp;location&nbsp;of&nbsp;the&nbsp;password\r\n###&nbsp;database&nbsp;file.&nbsp;&nbsp;Unless&nbsp;you&nbsp;specify&nbsp;a&nbsp;path&nbsp;starting&nbsp;with&nbsp;a&nbsp;/,\r\n###&nbsp;the&nbsp;file&#39;s&nbsp;location&nbsp;is&nbsp;relative&nbsp;to&nbsp;the&nbsp;directory&nbsp;containing\r\n###&nbsp;this&nbsp;configuration&nbsp;file.\r\n###&nbsp;If&nbsp;SASL&nbsp;is&nbsp;enabled&nbsp;(see&nbsp;below),&nbsp;this&nbsp;file&nbsp;will&nbsp;NOT&nbsp;be&nbsp;used.\r\n###&nbsp;Uncomment&nbsp;the&nbsp;line&nbsp;below&nbsp;to&nbsp;use&nbsp;the&nbsp;default&nbsp;password&nbsp;file.\r\npassword-db&nbsp;=&nbsp;/data/conf/passwd&nbsp;//所使用的用户密码文件\r\n###&nbsp;The&nbsp;authz-db&nbsp;option&nbsp;controls&nbsp;the&nbsp;location&nbsp;of&nbsp;the&nbsp;authorization\r\n###&nbsp;rules&nbsp;for&nbsp;path-based&nbsp;access&nbsp;control.&nbsp;&nbsp;Unless&nbsp;you&nbsp;specify&nbsp;a&nbsp;path\r\n###&nbsp;starting&nbsp;with&nbsp;a&nbsp;/,&nbsp;the&nbsp;file&#39;s&nbsp;location&nbsp;is&nbsp;relative&nbsp;to&nbsp;the&nbsp;the\r\n###&nbsp;directory&nbsp;containing&nbsp;this&nbsp;file.&nbsp;&nbsp;If&nbsp;you&nbsp;don&#39;t&nbsp;specify&nbsp;an\r\n###&nbsp;authz-db,&nbsp;no&nbsp;path-based&nbsp;access&nbsp;control&nbsp;is&nbsp;done.\r\n###&nbsp;Uncomment&nbsp;the&nbsp;line&nbsp;below&nbsp;to&nbsp;use&nbsp;the&nbsp;default&nbsp;authorization&nbsp;file.\r\nauthz-db&nbsp;=&nbsp;/data/conf/authz&nbsp;//权限管理文件\r\n###&nbsp;This&nbsp;option&nbsp;specifies&nbsp;the&nbsp;authentication&nbsp;realm&nbsp;of&nbsp;the&nbsp;repository.\r\n###&nbsp;If&nbsp;two&nbsp;repositories&nbsp;have&nbsp;the&nbsp;same&nbsp;authentication&nbsp;realm,&nbsp;they&nbsp;should\r\n###&nbsp;have&nbsp;the&nbsp;same&nbsp;password&nbsp;database,&nbsp;and&nbsp;vice&nbsp;versa.&nbsp;&nbsp;The&nbsp;default&nbsp;realm\r\n###&nbsp;is&nbsp;repository&#39;s&nbsp;uuid.\r\nrealm&nbsp;=&nbsp;p2&nbsp;//貌似这个叫什么来着？</pre><p><br/></p><p>配置好后，我们还需要配置/data/conf/authz权限管理文件</p><pre class=\"brush:shell;toolbar: true; auto-links: false;\">[groups]\r\ng1&nbsp;=&nbsp;tttt&nbsp;#用户组1\r\ng2&nbsp;=&nbsp;tttt2&nbsp;#用户组2\r\n\r\n[onethink:/]&nbsp;#onethink项目的权限设置\r\n@g1&nbsp;=&nbsp;rw&nbsp;#onethink项目组，用户组1是有读写的\r\n@g2&nbsp;=&nbsp;#onethink项目组，用户组2是没有任何权限的\r\n\r\n[p2:/]&nbsp;#p2项目组的权限，同上\r\n@g2=&nbsp;rw\r\n\r\n[p2:/txt]&nbsp;#配置p2项目下的txt文件夹的权限，这里用户组2是没有权限的\r\n@g2=</pre><p><br/></p><p>配置好后，我们启动svn服务</p><pre class=\"brush:shell;toolbar: true; auto-links: false;\">[root@localhost&nbsp;conf]#&nbsp;svnserve&nbsp;-d&nbsp;-r&nbsp;/data/</pre><p><br/></p><p>这时我们在window环境下就可以使用软件来访问了，两个项目的访问地址分别为</p><p>svn://192.168.110.129/p2</p><p>svn://192.168.110.129/onethink</p>', '1427023296');
INSERT INTO `bk_article_detail` VALUES ('49', '1', '62', '<p>1、下载sphinx:</p><pre class=\"brush:bash;toolbar:false\">wget&nbsp;http://sphinxsearch.com/files/sphinx-2.2.8-release.tar.gz</pre><p>2、开始编译</p><pre class=\"brush:bash;toolbar:false\">$&nbsp;tar&nbsp;xzvf&nbsp;sphinx-2.2.8-release.tar.gz\r\n$&nbsp;cd&nbsp;sphinx\r\n$&nbsp;./configure\r\n$&nbsp;make\r\n$&nbsp;make&nbsp;install</pre><p>编译的时候有几个参数可以选择，我安装的时候是默认的，没有加以下任何的参数：</p><pre class=\"brush:bash;toolbar:false\">There&#39;s&nbsp;a&nbsp;number&nbsp;of&nbsp;options&nbsp;to&nbsp;configure.&nbsp;The&nbsp;complete&nbsp;listing&nbsp;may&nbsp;be&nbsp;obtained&nbsp;by&nbsp;using&nbsp;--help&nbsp;switch.&nbsp;The&nbsp;most&nbsp;important&nbsp;ones&nbsp;are:\r\n\r\n--prefix,&nbsp;which&nbsp;specifies&nbsp;where&nbsp;to&nbsp;install&nbsp;Sphinx;&nbsp;such&nbsp;as&nbsp;--prefix=/usr/local/sphinx&nbsp;(all&nbsp;of&nbsp;the&nbsp;examples&nbsp;use&nbsp;this&nbsp;prefix)\r\n\r\n--with-mysql,&nbsp;which&nbsp;specifies&nbsp;where&nbsp;to&nbsp;look&nbsp;for&nbsp;MySQL&nbsp;include&nbsp;and&nbsp;library&nbsp;files,&nbsp;if&nbsp;auto-detection&nbsp;fails;\r\n\r\n--with-static-mysql,&nbsp;which&nbsp;builds&nbsp;Sphinx&nbsp;with&nbsp;statically&nbsp;linked&nbsp;MySQL&nbsp;support;\r\n\r\n--with-pgsql,&nbsp;which&nbsp;specifies&nbsp;where&nbsp;to&nbsp;look&nbsp;for&nbsp;PostgreSQL&nbsp;include&nbsp;and&nbsp;library&nbsp;files.\r\n\r\n--with-static-pgsql,&nbsp;which&nbsp;builds&nbsp;Sphinx&nbsp;with&nbsp;statically&nbsp;linked&nbsp;PostgreSQL&nbsp;support;</pre><p>如果想知道，安装的文件在哪？可以使用以下的命令查看：</p><pre class=\"brush:bash;toolbar:false\">$&nbsp;./configure&nbsp;--help</pre><p>如果你下载的是rpm包可以使用以下命令查看安装路径：</p><pre class=\"brush:bash;toolbar:false\">$&nbsp;rpm&nbsp;-qpl&nbsp;sphinx-2.2.8-1.rhel7.x86_64.rpm&nbsp;#查看文件安装在哪</pre><p>3、配置文件在/usr/local/etc/sphinx.conf，默认这个文件不存在，但是/usr/local/etc/目录下有sphinx.conf.dist</p><pre class=\"brush:bash;toolbar:false\">copy&nbsp;sphinx.conf.dist&nbsp;sphinx.conf</pre><p>配置文件简单的如下：</p><pre class=\"brush:bash;toolbar:false\">#源\r\nsource&nbsp;mrblog_article\r\n{\r\n&nbsp;&nbsp;&nbsp;&nbsp;&nbsp;&nbsp;&nbsp;&nbsp;type&nbsp;&nbsp;&nbsp;&nbsp;&nbsp;&nbsp;&nbsp;&nbsp;&nbsp;&nbsp;&nbsp;&nbsp;&nbsp;&nbsp;&nbsp;&nbsp;&nbsp;&nbsp;&nbsp;&nbsp;=&nbsp;mysql\r\n&nbsp;&nbsp;&nbsp;&nbsp;&nbsp;&nbsp;&nbsp;&nbsp;sql_host&nbsp;&nbsp;&nbsp;&nbsp;&nbsp;&nbsp;&nbsp;&nbsp;&nbsp;&nbsp;&nbsp;&nbsp;&nbsp;&nbsp;&nbsp;&nbsp;=&nbsp;localhost\r\n&nbsp;&nbsp;&nbsp;&nbsp;&nbsp;&nbsp;&nbsp;&nbsp;sql_user&nbsp;&nbsp;&nbsp;&nbsp;&nbsp;&nbsp;&nbsp;&nbsp;&nbsp;&nbsp;&nbsp;&nbsp;&nbsp;&nbsp;&nbsp;&nbsp;=&nbsp;root\r\n&nbsp;&nbsp;&nbsp;&nbsp;&nbsp;&nbsp;&nbsp;&nbsp;sql_pass&nbsp;&nbsp;&nbsp;&nbsp;&nbsp;&nbsp;&nbsp;&nbsp;&nbsp;&nbsp;&nbsp;&nbsp;&nbsp;&nbsp;&nbsp;&nbsp;=&nbsp;qqq111!!!\r\n&nbsp;&nbsp;&nbsp;&nbsp;&nbsp;&nbsp;&nbsp;&nbsp;sql_db&nbsp;&nbsp;&nbsp;&nbsp;&nbsp;&nbsp;&nbsp;&nbsp;&nbsp;&nbsp;&nbsp;&nbsp;&nbsp;&nbsp;&nbsp;&nbsp;&nbsp;&nbsp;=&nbsp;mrblog\r\n&nbsp;&nbsp;&nbsp;&nbsp;&nbsp;&nbsp;&nbsp;&nbsp;sql_port&nbsp;&nbsp;&nbsp;&nbsp;&nbsp;&nbsp;&nbsp;&nbsp;&nbsp;&nbsp;&nbsp;&nbsp;&nbsp;&nbsp;&nbsp;&nbsp;=&nbsp;3306\r\n&nbsp;&nbsp;&nbsp;&nbsp;&nbsp;&nbsp;&nbsp;&nbsp;sql_query_pre&nbsp;&nbsp;&nbsp;=&nbsp;SET&nbsp;NAMES&nbsp;utf8\r\n&nbsp;&nbsp;&nbsp;&nbsp;&nbsp;&nbsp;&nbsp;&nbsp;sql_sock&nbsp;&nbsp;&nbsp;&nbsp;&nbsp;&nbsp;&nbsp;&nbsp;&nbsp;&nbsp;&nbsp;&nbsp;&nbsp;&nbsp;&nbsp;&nbsp;=&nbsp;/tmp/mysql.sock\r\n\r\n&nbsp;&nbsp;&nbsp;&nbsp;&nbsp;&nbsp;&nbsp;&nbsp;sql_query&nbsp;&nbsp;&nbsp;&nbsp;&nbsp;&nbsp;&nbsp;&nbsp;&nbsp;&nbsp;&nbsp;&nbsp;&nbsp;&nbsp;&nbsp;=&nbsp;\\\r\n&nbsp;&nbsp;&nbsp;&nbsp;&nbsp;&nbsp;&nbsp;&nbsp;&nbsp;&nbsp;&nbsp;&nbsp;&nbsp;&nbsp;&nbsp;&nbsp;SELECT&nbsp;id,&nbsp;article_id,&nbsp;title,&nbsp;summary,&nbsp;content,&nbsp;added_date&nbsp;\\\r\n&nbsp;&nbsp;&nbsp;&nbsp;&nbsp;&nbsp;&nbsp;&nbsp;&nbsp;&nbsp;&nbsp;&nbsp;&nbsp;&nbsp;&nbsp;&nbsp;FROM&nbsp;bk_search_index\r\n&nbsp;&nbsp;&nbsp;&nbsp;&nbsp;&nbsp;&nbsp;&nbsp;##WARNING:&nbsp;attribute&nbsp;&#39;id&#39;&nbsp;not&nbsp;found&nbsp;-&nbsp;IGNORING\r\n&nbsp;&nbsp;&nbsp;&nbsp;&nbsp;&nbsp;&nbsp;&nbsp;#出现这个的原因是因为不能使用主键,且上面的查询语句默认且必需第一个字段是id\r\n&nbsp;&nbsp;&nbsp;&nbsp;&nbsp;&nbsp;&nbsp;&nbsp;sql_attr_uint&nbsp;&nbsp;&nbsp;&nbsp;&nbsp;&nbsp;&nbsp;&nbsp;&nbsp;&nbsp;&nbsp;=&nbsp;article_id&nbsp;\r\n&nbsp;&nbsp;&nbsp;&nbsp;&nbsp;&nbsp;&nbsp;&nbsp;sql_attr_timestamp&nbsp;&nbsp;&nbsp;&nbsp;&nbsp;&nbsp;=&nbsp;added_date\r\n&nbsp;&nbsp;&nbsp;&nbsp;&nbsp;&nbsp;&nbsp;&nbsp;sql_ranged_throttle&nbsp;&nbsp;&nbsp;&nbsp;&nbsp;=&nbsp;100\r\n}\r\n#索引\r\nindex&nbsp;mrblog_article_1\r\n{\r\n&nbsp;&nbsp;&nbsp;&nbsp;&nbsp;&nbsp;&nbsp;&nbsp;source&nbsp;&nbsp;&nbsp;&nbsp;&nbsp;&nbsp;&nbsp;&nbsp;&nbsp;&nbsp;&nbsp;&nbsp;&nbsp;&nbsp;&nbsp;&nbsp;&nbsp;&nbsp;=&nbsp;mrblog_article\r\n&nbsp;&nbsp;&nbsp;&nbsp;&nbsp;&nbsp;&nbsp;&nbsp;path&nbsp;&nbsp;&nbsp;&nbsp;&nbsp;&nbsp;&nbsp;&nbsp;&nbsp;&nbsp;&nbsp;&nbsp;&nbsp;&nbsp;&nbsp;&nbsp;&nbsp;&nbsp;&nbsp;&nbsp;=&nbsp;/alidata/sphinx/data/mrblog_article_1\r\n&nbsp;&nbsp;&nbsp;&nbsp;&nbsp;&nbsp;&nbsp;&nbsp;docinfo&nbsp;&nbsp;&nbsp;&nbsp;&nbsp;&nbsp;&nbsp;&nbsp;&nbsp;&nbsp;&nbsp;&nbsp;&nbsp;&nbsp;&nbsp;&nbsp;&nbsp;=&nbsp;extern\r\n&nbsp;&nbsp;&nbsp;&nbsp;&nbsp;&nbsp;&nbsp;&nbsp;dict&nbsp;&nbsp;&nbsp;&nbsp;&nbsp;&nbsp;&nbsp;&nbsp;&nbsp;&nbsp;&nbsp;&nbsp;&nbsp;&nbsp;&nbsp;&nbsp;&nbsp;&nbsp;&nbsp;&nbsp;=&nbsp;keywords\r\n&nbsp;&nbsp;&nbsp;&nbsp;&nbsp;&nbsp;&nbsp;&nbsp;mlock&nbsp;&nbsp;&nbsp;&nbsp;&nbsp;&nbsp;&nbsp;&nbsp;&nbsp;&nbsp;&nbsp;&nbsp;&nbsp;&nbsp;&nbsp;&nbsp;&nbsp;&nbsp;&nbsp;=&nbsp;0\r\n&nbsp;&nbsp;&nbsp;&nbsp;&nbsp;&nbsp;&nbsp;&nbsp;morphology&nbsp;&nbsp;&nbsp;&nbsp;&nbsp;&nbsp;&nbsp;&nbsp;&nbsp;&nbsp;&nbsp;&nbsp;&nbsp;&nbsp;=&nbsp;none\r\n&nbsp;&nbsp;&nbsp;&nbsp;&nbsp;&nbsp;&nbsp;&nbsp;min_word_len&nbsp;&nbsp;&nbsp;&nbsp;&nbsp;&nbsp;&nbsp;&nbsp;&nbsp;&nbsp;&nbsp;&nbsp;=&nbsp;1\r\n&nbsp;&nbsp;&nbsp;&nbsp;&nbsp;&nbsp;&nbsp;&nbsp;ngram_len&nbsp;&nbsp;&nbsp;&nbsp;&nbsp;&nbsp;&nbsp;&nbsp;&nbsp;&nbsp;&nbsp;&nbsp;&nbsp;&nbsp;&nbsp;=&nbsp;1\r\n&nbsp;&nbsp;&nbsp;&nbsp;&nbsp;&nbsp;&nbsp;&nbsp;ngram_chars&nbsp;&nbsp;&nbsp;&nbsp;&nbsp;&nbsp;&nbsp;&nbsp;&nbsp;&nbsp;&nbsp;&nbsp;&nbsp;=&nbsp;U+3000..U+2FA1F\r\n&nbsp;&nbsp;&nbsp;&nbsp;&nbsp;&nbsp;&nbsp;&nbsp;html_strip&nbsp;&nbsp;&nbsp;&nbsp;&nbsp;&nbsp;&nbsp;&nbsp;&nbsp;&nbsp;&nbsp;&nbsp;&nbsp;&nbsp;=&nbsp;100\r\n}\r\n\r\n\r\nsource&nbsp;mrblog_articlethrottled&nbsp;:&nbsp;mrblog_article\r\n{\r\n&nbsp;&nbsp;&nbsp;&nbsp;&nbsp;&nbsp;&nbsp;&nbsp;sql_ranged_throttle&nbsp;&nbsp;&nbsp;&nbsp;&nbsp;=&nbsp;100\r\n}\r\n\r\nindex&nbsp;rt\r\n{\r\n&nbsp;&nbsp;&nbsp;&nbsp;&nbsp;&nbsp;&nbsp;&nbsp;type&nbsp;&nbsp;&nbsp;&nbsp;&nbsp;&nbsp;&nbsp;&nbsp;&nbsp;&nbsp;&nbsp;&nbsp;&nbsp;&nbsp;&nbsp;&nbsp;&nbsp;&nbsp;&nbsp;&nbsp;=&nbsp;rt\r\n&nbsp;&nbsp;&nbsp;&nbsp;&nbsp;&nbsp;&nbsp;&nbsp;path&nbsp;&nbsp;&nbsp;&nbsp;&nbsp;&nbsp;&nbsp;&nbsp;&nbsp;&nbsp;&nbsp;&nbsp;&nbsp;&nbsp;&nbsp;&nbsp;&nbsp;&nbsp;&nbsp;&nbsp;=&nbsp;/alidata/sphinx/data/rt\r\n&nbsp;&nbsp;&nbsp;&nbsp;&nbsp;&nbsp;&nbsp;&nbsp;rt_field&nbsp;&nbsp;&nbsp;&nbsp;&nbsp;&nbsp;&nbsp;&nbsp;&nbsp;&nbsp;&nbsp;&nbsp;&nbsp;&nbsp;&nbsp;&nbsp;=&nbsp;title\r\n&nbsp;&nbsp;&nbsp;&nbsp;&nbsp;&nbsp;&nbsp;&nbsp;rt_field&nbsp;&nbsp;&nbsp;&nbsp;&nbsp;&nbsp;&nbsp;&nbsp;&nbsp;&nbsp;&nbsp;&nbsp;&nbsp;&nbsp;&nbsp;&nbsp;=&nbsp;content\r\n&nbsp;&nbsp;&nbsp;&nbsp;&nbsp;&nbsp;&nbsp;&nbsp;rt_attr_uint&nbsp;&nbsp;&nbsp;&nbsp;&nbsp;&nbsp;&nbsp;&nbsp;&nbsp;&nbsp;&nbsp;&nbsp;=&nbsp;gid\r\n}\r\n\r\nindexer\r\n{\r\n&nbsp;&nbsp;&nbsp;&nbsp;&nbsp;&nbsp;&nbsp;&nbsp;mem_limit&nbsp;&nbsp;&nbsp;&nbsp;&nbsp;&nbsp;&nbsp;&nbsp;&nbsp;&nbsp;&nbsp;&nbsp;&nbsp;&nbsp;&nbsp;=&nbsp;128M\r\n}\r\n\r\nsearchd\r\n{\r\n&nbsp;&nbsp;&nbsp;&nbsp;&nbsp;&nbsp;&nbsp;&nbsp;listen&nbsp;&nbsp;&nbsp;&nbsp;&nbsp;&nbsp;&nbsp;&nbsp;&nbsp;&nbsp;&nbsp;&nbsp;&nbsp;&nbsp;&nbsp;&nbsp;&nbsp;&nbsp;=&nbsp;9312\r\n&nbsp;&nbsp;&nbsp;&nbsp;&nbsp;&nbsp;&nbsp;&nbsp;log&nbsp;&nbsp;&nbsp;&nbsp;&nbsp;&nbsp;&nbsp;&nbsp;&nbsp;&nbsp;&nbsp;&nbsp;&nbsp;&nbsp;&nbsp;&nbsp;&nbsp;&nbsp;&nbsp;&nbsp;&nbsp;=&nbsp;/alidata/sphinx/log/searchd.log\r\n&nbsp;&nbsp;&nbsp;&nbsp;&nbsp;&nbsp;&nbsp;&nbsp;query_log&nbsp;&nbsp;&nbsp;&nbsp;&nbsp;&nbsp;&nbsp;&nbsp;&nbsp;&nbsp;&nbsp;&nbsp;&nbsp;&nbsp;&nbsp;=&nbsp;/alidata/sphinx/log/query.log\r\n&nbsp;&nbsp;&nbsp;&nbsp;&nbsp;&nbsp;&nbsp;&nbsp;read_timeout&nbsp;&nbsp;&nbsp;&nbsp;&nbsp;&nbsp;&nbsp;&nbsp;&nbsp;&nbsp;&nbsp;&nbsp;=&nbsp;5\r\n&nbsp;&nbsp;&nbsp;&nbsp;&nbsp;&nbsp;&nbsp;&nbsp;client_timeout&nbsp;&nbsp;&nbsp;&nbsp;&nbsp;&nbsp;&nbsp;&nbsp;&nbsp;&nbsp;=&nbsp;300\r\n&nbsp;&nbsp;&nbsp;&nbsp;&nbsp;&nbsp;&nbsp;&nbsp;max_children&nbsp;&nbsp;&nbsp;&nbsp;&nbsp;&nbsp;&nbsp;&nbsp;&nbsp;&nbsp;&nbsp;&nbsp;=&nbsp;30\r\n&nbsp;&nbsp;&nbsp;&nbsp;&nbsp;&nbsp;&nbsp;&nbsp;persistent_connections_limit&nbsp;&nbsp;&nbsp;&nbsp;=&nbsp;30\r\n&nbsp;&nbsp;&nbsp;&nbsp;&nbsp;&nbsp;&nbsp;&nbsp;pid_file&nbsp;&nbsp;&nbsp;&nbsp;&nbsp;&nbsp;&nbsp;&nbsp;&nbsp;&nbsp;&nbsp;&nbsp;&nbsp;&nbsp;&nbsp;&nbsp;=&nbsp;/alidata/sphinx/data/searchd.pid\r\n&nbsp;&nbsp;&nbsp;&nbsp;&nbsp;&nbsp;&nbsp;&nbsp;preopen_indexes&nbsp;&nbsp;&nbsp;&nbsp;&nbsp;&nbsp;&nbsp;&nbsp;&nbsp;=&nbsp;1\r\n&nbsp;&nbsp;&nbsp;&nbsp;&nbsp;&nbsp;&nbsp;&nbsp;unlink_old&nbsp;&nbsp;&nbsp;&nbsp;&nbsp;&nbsp;&nbsp;&nbsp;&nbsp;&nbsp;&nbsp;&nbsp;&nbsp;&nbsp;=&nbsp;1\r\n&nbsp;&nbsp;&nbsp;&nbsp;&nbsp;&nbsp;&nbsp;&nbsp;mva_updates_pool&nbsp;&nbsp;&nbsp;&nbsp;&nbsp;&nbsp;&nbsp;&nbsp;=&nbsp;1M\r\n&nbsp;&nbsp;&nbsp;&nbsp;&nbsp;&nbsp;&nbsp;&nbsp;max_packet_size&nbsp;&nbsp;&nbsp;&nbsp;&nbsp;&nbsp;&nbsp;&nbsp;&nbsp;=&nbsp;8M\r\n&nbsp;&nbsp;&nbsp;&nbsp;&nbsp;&nbsp;&nbsp;&nbsp;max_filters&nbsp;&nbsp;&nbsp;&nbsp;&nbsp;&nbsp;&nbsp;&nbsp;&nbsp;&nbsp;&nbsp;&nbsp;&nbsp;=&nbsp;256\r\n&nbsp;&nbsp;&nbsp;&nbsp;&nbsp;&nbsp;&nbsp;&nbsp;max_filter_values&nbsp;&nbsp;&nbsp;&nbsp;&nbsp;&nbsp;&nbsp;=&nbsp;4096\r\n&nbsp;&nbsp;&nbsp;&nbsp;&nbsp;&nbsp;&nbsp;&nbsp;max_batch_queries&nbsp;&nbsp;&nbsp;&nbsp;&nbsp;&nbsp;&nbsp;=&nbsp;32\r\n&nbsp;&nbsp;&nbsp;&nbsp;&nbsp;&nbsp;&nbsp;&nbsp;workers&nbsp;&nbsp;&nbsp;&nbsp;&nbsp;&nbsp;&nbsp;&nbsp;&nbsp;&nbsp;&nbsp;&nbsp;&nbsp;&nbsp;&nbsp;&nbsp;&nbsp;=&nbsp;threads&nbsp;#&nbsp;for&nbsp;RT&nbsp;to&nbsp;work\r\n}\r\n\r\ncommon\r\n{\r\n\r\n}</pre><p>4、生成索引</p><pre class=\"brush:bash;toolbar:false\">/usr/local/bin/indexer&nbsp;--config&nbsp;/usr/local/etc/sphinx.conf&nbsp;--all&nbsp;--rotate</pre><p>6、启动sphinx</p><pre class=\"brush:bash;toolbar:false\">/usr/local/bin/searchd&nbsp;--config&nbsp;/usr/local/etc/sphinx.conf</pre><p>7、安装php扩展：请移步：<a textvalue=\"http://www.opcache.net/index/detail.html?id=63\" target=\"_self\" href=\"http://www.opcache.net/index/detail.html?id=63\">http://www.opcache.net/index/detail.html?id=63</a></p><p>8、php如果处理，请移步：<a _src=\"http://www.opcache.net/index/detail.html?id=64\" href=\"http://www.opcache.net/index/detail.html?id=64\">http://www.opcache.net/index/detail.html?id=64</a>&nbsp; <br/></p>', '1427186776');
INSERT INTO `bk_article_detail` VALUES ('50', '1', '63', '<p>1、下载文件</p><pre class=\"brush:bash;toolbar:false\">wget&nbsp;http://pecl.php.net/get/sphinx-1.3.2.tgz</pre><p>2、编译安装</p><pre class=\"brush:bash;toolbar:false\">tar&nbsp;xzf&nbsp;sphinx-1.3.2.tgz&nbsp;\r\nphpize&nbsp;#或正确的phpize完整命令\r\n./configure</pre><p>如果在执行configure命令的时候出错：</p><pre class=\"brush:bash;toolbar:false\">configure:&nbsp;error:&nbsp;Cannot&nbsp;find&nbsp;libsphinxclient&nbsp;headers</pre><p>那么在sphinx的安装包中（<a _src=\"http://www.opcache.net/index/detail.html?id=62\" href=\"http://www.opcache.net/index/detail.html?id=62\">http://www.opcache.net/index/detail.html?id=62</a> 中的安装包 ）有</p><pre class=\"brush:bash;toolbar:false\">/sphinx-2.2.8-release/api/libsphinxclient/</pre><p>进入到这个目录</p><pre class=\"brush:bash;toolbar:false\">cd&nbsp;你的目录/sphinx-2.2.8-release/api/libsphinxclient/</pre><p>安装libsphinxclient</p><pre class=\"brush:bash;toolbar:false\">./configure\r\nmake&nbsp;&amp;&amp;&nbsp;make&nbsp;install</pre><p>安装完成后继续安装php的sphinx扩展，请返回刚才的路径下</p><pre class=\"brush:bash;toolbar:false\">./configure&nbsp;--with-php-config=/alidata/server/php/bin/php-config\r\nmake\r\nmake&nbsp;install</pre><p>到此安装成功。</p><p>3、如果想知道如何安装sphinx,请移步：<a _src=\"http://www.opcache.net/index/detail.html?id=62\" href=\"http://www.opcache.net/index/detail.html?id=62\">http://www.opcache.net/index/detail.html?id=62</a> <br/></p><p>如果想知道php中如何处理：请移步：<a _src=\"http://www.opcache.net/index/detail.html?id=64\" href=\"http://www.opcache.net/index/detail.html?id=64\">http://www.opcache.net/index/detail.html?id=64</a>&nbsp;</p>', '1427187494');
INSERT INTO `bk_article_detail` VALUES ('51', '1', '64', '<p><span style=\"color: rgb(51, 51, 51); font-family: 微软雅黑, Verdana, sans-serif, 宋体; font-size: 13px; line-height: 23px; background-color: rgb(255, 255, 255);\">最近在使用程序生成缓存的时候发现有时候生成成功，有时候生成不成功？</span></p><p><span style=\"color: rgb(51, 51, 51); font-family: 微软雅黑, Verdana, sans-serif, 宋体; font-size: 13px; line-height: 23px; background-color: rgb(255, 255, 255);\">检查程序是没有问题的。</span></p><p><span style=\"color: rgb(51, 51, 51); font-family: 微软雅黑, Verdana, sans-serif, 宋体; font-size: 13px; line-height: 23px; background-color: rgb(255, 255, 255);\">最后查出是因为有脚本在以root用户来跑PHP脚本生成同一个缓存文件。</span></p><p><span style=\"color: rgb(51, 51, 51); font-family: 微软雅黑, Verdana, sans-serif, 宋体; font-size: 13px; line-height: 23px; background-color: rgb(255, 255, 255);\">而我们访问apache的用户是却是www。</span></p><p><span style=\"color: rgb(51, 51, 51); font-family: 微软雅黑, Verdana, sans-serif, 宋体; font-size: 13px; line-height: 23px; background-color: rgb(255, 255, 255);\">比如：</span></p><p><span style=\"color: rgb(51, 51, 51); font-family: 微软雅黑, Verdana, sans-serif, 宋体; font-size: 13px; line-height: 23px; background-color: rgb(255, 255, 255);\">当我们在使用某一系统功能的时候，会生成一个缓存文件，并对这个文件有写的权限。</span></p><p><span style=\"color: rgb(51, 51, 51); font-family: 微软雅黑, Verdana, sans-serif, 宋体; font-size: 13px; line-height: 23px; background-color: rgb(255, 255, 255);\">但是由于某种原因，我们需要一个定时任务来定时更新这个缓存文件。但是由于在跑脚本的时候用的是root的用户来跑的，而因为<span style=\"color: rgb(51, 51, 51); font-family: 微软雅黑, Verdana, sans-serif, 宋体; font-size: 13px; line-height: 23px; background-color: rgb(255, 255, 255);\">root的umask原因，创建文件的时候会会减掉权限0022，即755。这样的一个缓存文件，当apache用www用户再来生成的时候，会因为没有写的权限而更新失败。</span></span></p>', '1427206381');
INSERT INTO `bk_article_detail` VALUES ('52', '1', '65', '<pre class=\"brush:php;toolbar:false\">$handler&nbsp;=&nbsp;new&nbsp;FileSessionHandler();\r\nsession_set_save_handler(\r\n&nbsp;&nbsp;&nbsp;&nbsp;array($handler,&nbsp;&#39;open&#39;),\r\n&nbsp;&nbsp;&nbsp;&nbsp;array($handler,&nbsp;&#39;close&#39;),\r\n&nbsp;&nbsp;&nbsp;&nbsp;array($handler,&nbsp;&#39;read&#39;),\r\n&nbsp;&nbsp;&nbsp;&nbsp;array($handler,&nbsp;&#39;write&#39;),\r\n&nbsp;&nbsp;&nbsp;&nbsp;array($handler,&nbsp;&#39;destroy&#39;),\r\n&nbsp;&nbsp;&nbsp;&nbsp;array($handler,&nbsp;&#39;gc&#39;)\r\n);\r\n&nbsp;\r\n//&nbsp;这个是重点关键处,如果没有加这个语句，那么可能会有机率造成nginx&nbsp;502的问题。\r\nregister_shutdown_function(&#39;session_write_close&#39;);\r\n&nbsp;\r\nsession_start();</pre><p>手册里有说明：</p><p><a href=\"http://cn2.php.net/manual/zh/function.session-set-save-handler.php#refsect1-function.session-set-save-handler-notes\" _src=\"http://cn2.php.net/manual/zh/function.session-set-save-handler.php#refsect1-function.session-set-save-handler-notes\" style=\"color: rgb(255, 0, 0); text-decoration: underline;\"><span style=\"color: rgb(255, 0, 0);\">http://cn2.php.net/manual/zh/function.session-set-save-handler.php#refsect1-function.session-set-save-handler-notes</span></a><span style=\"color: rgb(255, 0, 0);\">&nbsp;</span></p>', '1427206635');
INSERT INTO `bk_article_detail` VALUES ('53', '1', '66', '<p style=\"padding: 0px; margin-top: 8px; margin-bottom: 8px; line-height: 23px; font-size: 13px; color: rgb(51, 51, 51); font-family: 微软雅黑, Verdana, sans-serif, 宋体; white-space: normal; background-color: rgb(255, 255, 255);\">解决方法：</p><pre class=\"brush:bash;toolbar:false\">rpm&nbsp;--import&nbsp;/etc/pki/rpm-gpg/RPM-GPG-KEY-CentOS-6</pre><p style=\"padding: 0px; margin-top: 8px; margin-bottom: 8px; line-height: 23px; font-size: 13px; color: rgb(51, 51, 51); font-family: 微软雅黑, Verdana, sans-serif, 宋体; white-space: normal; background-color: rgb(255, 255, 255);\">后面的6要和你当前的系统版本有关</p><p><br/></p>', '1427206838');
INSERT INTO `bk_article_detail` VALUES ('54', '1', '67', '<p>1、如何在更新svn代码的时候同时更新和svn同一台机的web程序。</p><p>解决：在仓库目录hooks下建立一个文件post-commit增加以下内容</p><pre class=\"brush:bash;toolbar:false\">#!/bin/sh\r\nexport.UTF-8\r\nsvn&nbsp;update&nbsp;--username&nbsp;xx&nbsp;--password&nbsp;xxxx&nbsp;/home/www/xx</pre><p>在使用这个代码之前，需要在路径/home/www/xx先把这个库拉下来，以后每次更新代码到svn的时候，会同时执行这段hooks代码。这样就可以同时更新web中的代码了。</p><p>2、如何在提交更新的时候强制写日志</p><p>解决：在hooks目录下执行下面的命令</p><pre class=\"brush:bash;toolbar:false\">cp&nbsp;pre-commit-tmpl&nbsp;pre-commit\r\nchmod&nbsp;+x&nbsp;pre-commit</pre><p>然后修改pre-commit文件</p><pre class=\"brush:bash;toolbar:false\">REPOS=&quot;$1&quot;\r\nTXN=&quot;$2&quot;\r\n&nbsp;\r\n#&nbsp;Make&nbsp;sure&nbsp;that&nbsp;the&nbsp;log&nbsp;message&nbsp;contains&nbsp;some&nbsp;text.\r\nSVNLOOK=/usr/bin/svnlook\r\nLOGMSG=`$SVNLOOK&nbsp;log&nbsp;-t&nbsp;&quot;$TXN&quot;&nbsp;&quot;$REPOS&quot;&nbsp;|&nbsp;grep&nbsp;&quot;[a-zA-Z0-9]&quot;&nbsp;|&nbsp;wc&nbsp;-c`\r\nif&nbsp;[&nbsp;&quot;$LOGMSG&quot;&nbsp;-lt&nbsp;10&nbsp;];\r\nthen\r\n&nbsp;&nbsp;&nbsp;&nbsp;echo&nbsp;&#39;日志啊！亲！&#39;&nbsp;1&gt;&amp;2\r\n&nbsp;&nbsp;&nbsp;&nbsp;exit&nbsp;1\r\nfi\r\n&nbsp;\r\n#&nbsp;Check&nbsp;that&nbsp;the&nbsp;author&nbsp;of&nbsp;this&nbsp;commit&nbsp;has&nbsp;the&nbsp;rights&nbsp;to&nbsp;perform\r\n#&nbsp;the&nbsp;commit&nbsp;on&nbsp;the&nbsp;files&nbsp;and&nbsp;directories&nbsp;being&nbsp;modified.\r\n#&nbsp;commit-access-control.pl&nbsp;&quot;$REPOS&quot;&nbsp;&quot;$TXN&quot;&nbsp;commit-access-control.cfg&nbsp;||&nbsp;exit&nbsp;1\r\n&nbsp;\r\n#&nbsp;All&nbsp;checks&nbsp;passed,&nbsp;so&nbsp;allow&nbsp;the&nbsp;commit.\r\nexit&nbsp;0</pre><p><br/></p>', '1427207199');
INSERT INTO `bk_article_detail` VALUES ('55', '1', '68', '<p>js代码：</p><pre class=\"brush:js;toolbar:false\">&nbsp;&nbsp;ZeroClipboard.config({&nbsp;swfPath:&nbsp;&#39;/static/js/ZeroClipboard/ZeroClipboard.swf&#39;&nbsp;});&nbsp;&nbsp;\r\n&nbsp;\r\n&nbsp;&nbsp;function&nbsp;initCopy($o)&nbsp;{&nbsp;&nbsp;\r\n&nbsp;&nbsp;&nbsp;&nbsp;var&nbsp;text&nbsp;=&nbsp;$o.html();&nbsp;\r\n&nbsp;&nbsp;&nbsp;&nbsp;var&nbsp;k&nbsp;=&nbsp;$o.attr(&#39;ids&#39;);\r\n&nbsp;&nbsp;&nbsp;&nbsp;if&nbsp;(text)&nbsp;{&nbsp;&nbsp;\r\n&nbsp;&nbsp;&nbsp;&nbsp;&nbsp;&nbsp;&nbsp;&nbsp;new&nbsp;ZeroClipboard($(&#39;#cpbtn&#39;+k)).on(&quot;copy&quot;,&nbsp;function&nbsp;(event)&nbsp;{&nbsp;&nbsp;\r\n&nbsp;&nbsp;&nbsp;&nbsp;&nbsp;&nbsp;&nbsp;&nbsp;&nbsp;&nbsp;&nbsp;&nbsp;var&nbsp;clipboard&nbsp;=&nbsp;event.clipboardData;&nbsp;&nbsp;\r\n&nbsp;&nbsp;&nbsp;&nbsp;&nbsp;&nbsp;&nbsp;&nbsp;&nbsp;&nbsp;&nbsp;&nbsp;clipboard.setData(&quot;text/plain&quot;,&nbsp;text);&nbsp;&nbsp;\r\n&nbsp;&nbsp;&nbsp;&nbsp;&nbsp;&nbsp;&nbsp;&nbsp;&nbsp;&nbsp;&nbsp;&nbsp;alert(&#39;复制成功&#39;);&nbsp;&nbsp;\r\n&nbsp;&nbsp;&nbsp;&nbsp;&nbsp;&nbsp;&nbsp;&nbsp;});&nbsp;&nbsp;\r\n&nbsp;&nbsp;&nbsp;&nbsp;}&nbsp;&nbsp;\r\n&nbsp;&nbsp;}&nbsp;&nbsp;\r\n&nbsp;&nbsp;&nbsp;&nbsp;&nbsp;\r\n&nbsp;&nbsp;$(&#39;.cpcontent&#39;).each(function&nbsp;(i,&nbsp;o)&nbsp;{&nbsp;&nbsp;\r\n&nbsp;&nbsp;&nbsp;&nbsp;&nbsp;&nbsp;initCopy($(o));\r\n&nbsp;&nbsp;});</pre><p>html代码（实际中，可能有多段差不多的代码）：</p><pre class=\"brush:html;toolbar:false\">&lt;span&nbsp;ids=&quot;1&quot;&nbsp;class=&quot;cpcontent&quot;&gt;所要复制的文字&lt;/span&gt;//文字\r\n&lt;input&nbsp;id=&quot;cpbtn1&quot;&nbsp;type=&quot;button&quot;&nbsp;class=&quot;chobtn&nbsp;btn&nbsp;cpbtn&quot;&nbsp;value=&quot;复制文本&quot;&nbsp;/&gt;//按钮</pre><pre class=\"brush:html;toolbar:false\">&lt;span&nbsp;ids=&quot;2&quot;&nbsp;class=&quot;cpcontent&quot;&gt;所要复制的文字&lt;/span&gt;//文字\r\n&lt;input&nbsp;id=&quot;cpbtn2&quot;&nbsp;type=&quot;button&quot;&nbsp;class=&quot;chobtn&nbsp;btn&nbsp;cpbtn&quot;&nbsp;value=&quot;复制文本&quot;&nbsp;/&gt;//按钮</pre><p>其中：</p><pre class=\"brush:js;toolbar:false\">$(&#39;.cpcontent&#39;)</pre><p>代表的是需要复制的文字<br/></p><pre class=\"brush:js;toolbar:false\">$(&#39;#cpbtn&#39;+k)</pre><p>代表是文字所绑定的复制按钮。<br/></p>', '1427207602');
INSERT INTO `bk_article_detail` VALUES ('56', '1', '69', '<pre class=\"brush:bash;toolbar:false\"><span style=\"font-family: sans-serif;\">wget http:</span><span style=\"font-family: sans-serif;\">//www.ex-parrot.com/~pdw/iftop/download/iftop-0.17.tar.gz</span><br/></pre><p>下载后解压<br/></p><pre class=\"brush:bash;toolbar:false\">tar&nbsp;xzf&nbsp;iftop-0.17.tar.gz</pre><p>安装必要的支持<br/></p><pre class=\"brush:bash;toolbar:false\">yum&nbsp;install&nbsp;libpcap&nbsp;flex&nbsp;byacc&nbsp;&nbsp;libpcap&nbsp;ncurses&nbsp;ncurses-devel&nbsp;libpcap-devel</pre><p>然后<br/></p><pre class=\"brush:bash;toolbar:false\">./configure&nbsp;\r\nmake\r\nmake&nbsp;install</pre><p>到些应该就好了。</p>', '1427207907');
INSERT INTO `bk_article_detail` VALUES ('57', '1', '70', '<p>在php安装源码的目录sapi/fpm/init.d.php-fpm里面的这个就是了。</p>', '1427208192');
INSERT INTO `bk_article_detail` VALUES ('58', '1', '71', '<p>第一次尝试用sphinx来做全文搜索，可能有很多见解都不是很正确。有不同的想法，大家可以提出来。<br/></p><p>现在版本的sphinx不知道支不支持中文了，问了群里的朋友都说不支持，所有用了以下的这种方法来做。</p><p>1、文章的处理。</p><p>假如文章表为article_main</p><table interlaced=\"enabled\"><tbody><tr class=\"ue-table-interlace-color-single firstRow\"><td style=\"word-break: break-all; border-width: 1px; border-style: solid;\" valign=\"top\" width=\"149\">id<br/></td><td style=\"word-break: break-all; border-width: 1px; border-style: solid;\" valign=\"top\" width=\"149\">title<br/></td><td style=\"word-break: break-all; border-width: 1px; border-style: solid;\" valign=\"top\" width=\"149\">summary<br/></td><td style=\"word-break: break-all; border-width: 1px; border-style: solid;\" valign=\"top\" width=\"149\">content<br/></td><td style=\"word-break: break-all; border-width: 1px; border-style: solid;\" valign=\"top\" width=\"149\">time<br/></td></tr><tr class=\"ue-table-interlace-color-double\"><td style=\"word-break: break-all; border-width: 1px; border-style: solid;\" valign=\"top\" width=\"149\">1<br/></td><td style=\"word-break: break-all; border-width: 1px; border-style: solid;\" valign=\"top\" width=\"149\">测试的标题<br/></td><td style=\"word-break: break-all; border-width: 1px; border-style: solid;\" valign=\"top\" width=\"149\">测试的摘要<br/></td><td style=\"word-break: break-all; border-width: 1px; border-style: solid;\" valign=\"top\" width=\"149\">测试的内容<br/></td><td style=\"word-break: break-all; border-width: 1px; border-style: solid;\" valign=\"top\" width=\"149\">123123123<br/></td></tr></tbody></table><p>由于sphinx不支持中文（真的吗？这里当它是吧）</p><p><br/></p><p>我们新建立一个表article_unicode</p><table interlaced=\"enabled\"><tbody><tr class=\"ue-table-interlace-color-single firstRow\"><td style=\"word-break: break-all; border-width: 1px; border-style: solid;\" valign=\"top\" width=\"117\">id<br/></td><td style=\"border-width: 1px; border-style: solid;\" rowspan=\"1\" colspan=\"1\" valign=\"top\" width=\"117\">article_id<br/></td><td style=\"word-break: break-all; border-width: 1px; border-style: solid;\" valign=\"top\" width=\"117\">title<br/></td><td style=\"word-break: break-all; border-width: 1px; border-style: solid;\" valign=\"top\" width=\"117\">summary<br/></td><td style=\"word-break: break-all; border-width: 1px; border-style: solid;\" valign=\"top\" width=\"117\">content<br/></td><td style=\"word-break: break-all; border-width: 1px; border-style: solid;\" valign=\"top\" width=\"117\">time<br/></td></tr><tr class=\"ue-table-interlace-color-double\"><td style=\"word-break: break-all; border-width: 1px; border-style: solid;\" valign=\"top\" width=\"117\">1<br/></td><td style=\"border-width: 1px; border-style: solid;\" rowspan=\"1\" colspan=\"1\" valign=\"top\" width=\"117\">1<br/></td><td style=\"word-break: break-all; border-width: 1px; border-style: solid;\" valign=\"top\" width=\"117\">23243 23123 12213<br/></td><td style=\"word-break: break-all; border-width: 1px; border-style: solid;\" valign=\"top\" width=\"117\">12312 12312 12345<br/></td><td style=\"word-break: break-all; border-width: 1px; border-style: solid;\" valign=\"top\" width=\"117\">12312 12312 12345</td><td style=\"word-break: break-all; border-width: 1px; border-style: solid;\" valign=\"top\" width=\"117\">123123123<br/></td></tr></tbody></table><p>这个新的表的结构和article_main的内容是一样的，但是储存的是中文的utf-8的unicode码。</p><p><br/></p><p>这样我们在增加文章的时候同时把输入的标题、摘要、内容处理成utf-8的unicode码，然后再保存到article_unicode表中。</p><p><br/></p><p>在配置sphinx的时候再以article_unicode这个表作为源（见：<a _src=\"http://www.opcache.net/index/detail.html?id=62\" href=\"http://www.opcache.net/index/detail.html?id=62\">http://www.opcache.net/index/detail.html?id=62</a> ）</p><p><br/></p><p>2、所用到的处理utf-8 unicode的类有如下：</p><pre class=\"brush:php;toolbar:false\">&lt;?php\r\n\r\nnamespace&nbsp;App\\Libraries;\r\n\r\n/**\r\n&nbsp;*&nbsp;class&nbsp;from&nbsp;chanzhi&nbsp;&lt;http://www.chanzhi.org/&gt;,&nbsp;and&nbsp;modified&nbsp;by&nbsp;me&nbsp;at&nbsp;2015.3.23\r\n&nbsp;*\r\n&nbsp;*&nbsp;@author&nbsp;jiang&nbsp;&lt;mylampblog@163.com&gt;\r\n&nbsp;*/\r\nclass&nbsp;Spliter\r\n{\r\n&nbsp;&nbsp;&nbsp;&nbsp;/**\r\n&nbsp;&nbsp;&nbsp;&nbsp;&nbsp;*&nbsp;Split&nbsp;a&nbsp;utf-8&nbsp;string&nbsp;into&nbsp;words,&nbsp;computing&nbsp;unicode&nbsp;for&nbsp;every&nbsp;word.\r\n&nbsp;&nbsp;&nbsp;&nbsp;&nbsp;*&nbsp;\r\n&nbsp;&nbsp;&nbsp;&nbsp;&nbsp;*&nbsp;@param&nbsp;&nbsp;string&nbsp;&nbsp;&nbsp;&nbsp;$string&nbsp;\r\n&nbsp;&nbsp;&nbsp;&nbsp;&nbsp;*&nbsp;@access&nbsp;public\r\n&nbsp;&nbsp;&nbsp;&nbsp;&nbsp;*&nbsp;@return&nbsp;array\r\n&nbsp;&nbsp;&nbsp;&nbsp;&nbsp;*/\r\n&nbsp;&nbsp;&nbsp;&nbsp;public&nbsp;function&nbsp;utf8Split($string)\r\n&nbsp;&nbsp;&nbsp;&nbsp;{\r\n&nbsp;&nbsp;&nbsp;&nbsp;&nbsp;&nbsp;&nbsp;&nbsp;$string&nbsp;=&nbsp;strtolower($string);\r\n&nbsp;&nbsp;&nbsp;&nbsp;&nbsp;&nbsp;&nbsp;&nbsp;$i&nbsp;=&nbsp;0;&nbsp;\r\n&nbsp;&nbsp;&nbsp;&nbsp;&nbsp;&nbsp;&nbsp;&nbsp;$length&nbsp;=&nbsp;strlen($string);\r\n&nbsp;&nbsp;&nbsp;&nbsp;&nbsp;&nbsp;&nbsp;&nbsp;$dict&nbsp;&nbsp;&nbsp;=&nbsp;array();\r\n&nbsp;&nbsp;&nbsp;&nbsp;&nbsp;&nbsp;&nbsp;&nbsp;$words&nbsp;&nbsp;=&nbsp;&#39;&#39;;\r\n&nbsp;&nbsp;&nbsp;&nbsp;&nbsp;&nbsp;&nbsp;&nbsp;$offset&nbsp;=&nbsp;0;\r\n\r\n&nbsp;&nbsp;&nbsp;&nbsp;&nbsp;&nbsp;&nbsp;&nbsp;while($i&nbsp;&lt;=&nbsp;$length)\r\n&nbsp;&nbsp;&nbsp;&nbsp;&nbsp;&nbsp;&nbsp;&nbsp;{\r\n&nbsp;&nbsp;&nbsp;&nbsp;&nbsp;&nbsp;&nbsp;&nbsp;&nbsp;&nbsp;&nbsp;&nbsp;$letter&nbsp;=&nbsp;substr($string,&nbsp;$i,&nbsp;1);\r\n&nbsp;&nbsp;&nbsp;&nbsp;&nbsp;&nbsp;&nbsp;&nbsp;&nbsp;&nbsp;&nbsp;&nbsp;$ord&nbsp;&nbsp;&nbsp;&nbsp;=&nbsp;ord($letter);\r\n\r\n&nbsp;&nbsp;&nbsp;&nbsp;&nbsp;&nbsp;&nbsp;&nbsp;&nbsp;&nbsp;&nbsp;&nbsp;/*&nbsp;The&nbsp;first&nbsp;letter&nbsp;is&nbsp;ascii,&nbsp;try&nbsp;to&nbsp;get&nbsp;a&nbsp;word.&nbsp;*/\r\n&nbsp;&nbsp;&nbsp;&nbsp;&nbsp;&nbsp;&nbsp;&nbsp;&nbsp;&nbsp;&nbsp;&nbsp;if($ord&nbsp;&gt;=&nbsp;0&nbsp;&amp;&amp;&nbsp;$ord&nbsp;&lt;=&nbsp;191)\r\n&nbsp;&nbsp;&nbsp;&nbsp;&nbsp;&nbsp;&nbsp;&nbsp;&nbsp;&nbsp;&nbsp;&nbsp;{\r\n&nbsp;&nbsp;&nbsp;&nbsp;&nbsp;&nbsp;&nbsp;&nbsp;&nbsp;&nbsp;&nbsp;&nbsp;&nbsp;&nbsp;&nbsp;&nbsp;$i&nbsp;++;\r\n&nbsp;&nbsp;&nbsp;&nbsp;&nbsp;&nbsp;&nbsp;&nbsp;&nbsp;&nbsp;&nbsp;&nbsp;&nbsp;&nbsp;&nbsp;&nbsp;if($this-&gt;isLetter($letter))\r\n&nbsp;&nbsp;&nbsp;&nbsp;&nbsp;&nbsp;&nbsp;&nbsp;&nbsp;&nbsp;&nbsp;&nbsp;&nbsp;&nbsp;&nbsp;&nbsp;{\r\n&nbsp;&nbsp;&nbsp;&nbsp;&nbsp;&nbsp;&nbsp;&nbsp;&nbsp;&nbsp;&nbsp;&nbsp;&nbsp;&nbsp;&nbsp;&nbsp;&nbsp;&nbsp;&nbsp;&nbsp;$word&nbsp;=&nbsp;$letter;\r\n&nbsp;&nbsp;&nbsp;&nbsp;&nbsp;&nbsp;&nbsp;&nbsp;&nbsp;&nbsp;&nbsp;&nbsp;&nbsp;&nbsp;&nbsp;&nbsp;&nbsp;&nbsp;&nbsp;&nbsp;while&nbsp;($i&nbsp;&lt;=&nbsp;$length)\r\n&nbsp;&nbsp;&nbsp;&nbsp;&nbsp;&nbsp;&nbsp;&nbsp;&nbsp;&nbsp;&nbsp;&nbsp;&nbsp;&nbsp;&nbsp;&nbsp;&nbsp;&nbsp;&nbsp;&nbsp;{\r\n&nbsp;&nbsp;&nbsp;&nbsp;&nbsp;&nbsp;&nbsp;&nbsp;&nbsp;&nbsp;&nbsp;&nbsp;&nbsp;&nbsp;&nbsp;&nbsp;&nbsp;&nbsp;&nbsp;&nbsp;&nbsp;&nbsp;&nbsp;&nbsp;$letter&nbsp;=&nbsp;substr($string,&nbsp;$i,&nbsp;1);\r\n&nbsp;&nbsp;&nbsp;&nbsp;&nbsp;&nbsp;&nbsp;&nbsp;&nbsp;&nbsp;&nbsp;&nbsp;&nbsp;&nbsp;&nbsp;&nbsp;&nbsp;&nbsp;&nbsp;&nbsp;&nbsp;&nbsp;&nbsp;&nbsp;if(&nbsp;!&nbsp;$this-&gt;isLetter($letter))&nbsp;break;\r\n&nbsp;&nbsp;&nbsp;&nbsp;&nbsp;&nbsp;&nbsp;&nbsp;&nbsp;&nbsp;&nbsp;&nbsp;&nbsp;&nbsp;&nbsp;&nbsp;&nbsp;&nbsp;&nbsp;&nbsp;&nbsp;&nbsp;&nbsp;&nbsp;$word&nbsp;.=&nbsp;$letter;\r\n&nbsp;&nbsp;&nbsp;&nbsp;&nbsp;&nbsp;&nbsp;&nbsp;&nbsp;&nbsp;&nbsp;&nbsp;&nbsp;&nbsp;&nbsp;&nbsp;&nbsp;&nbsp;&nbsp;&nbsp;&nbsp;&nbsp;&nbsp;&nbsp;$i++;\r\n&nbsp;&nbsp;&nbsp;&nbsp;&nbsp;&nbsp;&nbsp;&nbsp;&nbsp;&nbsp;&nbsp;&nbsp;&nbsp;&nbsp;&nbsp;&nbsp;&nbsp;&nbsp;&nbsp;&nbsp;}\r\n&nbsp;&nbsp;&nbsp;&nbsp;&nbsp;&nbsp;&nbsp;&nbsp;&nbsp;&nbsp;&nbsp;&nbsp;&nbsp;&nbsp;&nbsp;&nbsp;&nbsp;&nbsp;&nbsp;&nbsp;$words&nbsp;.=&nbsp;&#39;&nbsp;&#39;&nbsp;.&nbsp;$word;\r\n&nbsp;&nbsp;&nbsp;&nbsp;&nbsp;&nbsp;&nbsp;&nbsp;&nbsp;&nbsp;&nbsp;&nbsp;&nbsp;&nbsp;&nbsp;&nbsp;&nbsp;&nbsp;&nbsp;&nbsp;continue;\r\n&nbsp;&nbsp;&nbsp;&nbsp;&nbsp;&nbsp;&nbsp;&nbsp;&nbsp;&nbsp;&nbsp;&nbsp;&nbsp;&nbsp;&nbsp;&nbsp;}\r\n&nbsp;&nbsp;&nbsp;&nbsp;&nbsp;&nbsp;&nbsp;&nbsp;&nbsp;&nbsp;&nbsp;&nbsp;&nbsp;&nbsp;&nbsp;&nbsp;$words&nbsp;.=&nbsp;&#39;&nbsp;&#39;&nbsp;.&nbsp;$letter;\r\n&nbsp;&nbsp;&nbsp;&nbsp;&nbsp;&nbsp;&nbsp;&nbsp;&nbsp;&nbsp;&nbsp;&nbsp;&nbsp;&nbsp;&nbsp;&nbsp;continue;\r\n&nbsp;&nbsp;&nbsp;&nbsp;&nbsp;&nbsp;&nbsp;&nbsp;&nbsp;&nbsp;&nbsp;&nbsp;}\r\n\r\n&nbsp;&nbsp;&nbsp;&nbsp;&nbsp;&nbsp;&nbsp;&nbsp;&nbsp;&nbsp;&nbsp;&nbsp;if($ord&nbsp;&gt;=&nbsp;192&nbsp;&amp;&amp;&nbsp;$ord&nbsp;&lt;=&nbsp;223)&nbsp;$offset&nbsp;=&nbsp;2;\r\n&nbsp;&nbsp;&nbsp;&nbsp;&nbsp;&nbsp;&nbsp;&nbsp;&nbsp;&nbsp;&nbsp;&nbsp;if($ord&nbsp;&gt;=&nbsp;224&nbsp;&amp;&amp;&nbsp;$ord&nbsp;&lt;=&nbsp;239)&nbsp;$offset&nbsp;=&nbsp;3;\r\n&nbsp;&nbsp;&nbsp;&nbsp;&nbsp;&nbsp;&nbsp;&nbsp;&nbsp;&nbsp;&nbsp;&nbsp;if($ord&nbsp;&gt;=&nbsp;240&nbsp;&amp;&amp;&nbsp;$ord&nbsp;&lt;=&nbsp;247)&nbsp;$offset&nbsp;=&nbsp;4;\r\n&nbsp;&nbsp;&nbsp;&nbsp;&nbsp;&nbsp;&nbsp;&nbsp;&nbsp;&nbsp;&nbsp;&nbsp;if($ord&nbsp;&gt;=&nbsp;248&nbsp;&amp;&amp;&nbsp;$ord&nbsp;&lt;=&nbsp;251)&nbsp;$offset&nbsp;=&nbsp;5;\r\n&nbsp;&nbsp;&nbsp;&nbsp;&nbsp;&nbsp;&nbsp;&nbsp;&nbsp;&nbsp;&nbsp;&nbsp;if($ord&nbsp;&gt;=&nbsp;252&nbsp;&amp;&amp;&nbsp;$ord&nbsp;&lt;=&nbsp;253)&nbsp;$offset&nbsp;=&nbsp;6;\r\n\r\n&nbsp;&nbsp;&nbsp;&nbsp;&nbsp;&nbsp;&nbsp;&nbsp;&nbsp;&nbsp;&nbsp;&nbsp;if($offset&nbsp;&gt;=&nbsp;2)\r\n&nbsp;&nbsp;&nbsp;&nbsp;&nbsp;&nbsp;&nbsp;&nbsp;&nbsp;&nbsp;&nbsp;&nbsp;{\r\n&nbsp;&nbsp;&nbsp;&nbsp;&nbsp;&nbsp;&nbsp;&nbsp;&nbsp;&nbsp;&nbsp;&nbsp;&nbsp;&nbsp;&nbsp;&nbsp;$dict[$this-&gt;unicode(substr($string,&nbsp;$i,&nbsp;$offset))]&nbsp;=&nbsp;substr($string,&nbsp;$i,&nbsp;$offset);\r\n&nbsp;&nbsp;&nbsp;&nbsp;&nbsp;&nbsp;&nbsp;&nbsp;&nbsp;&nbsp;&nbsp;&nbsp;&nbsp;&nbsp;&nbsp;&nbsp;$words&nbsp;.=&nbsp;&#39;&nbsp;&#39;&nbsp;.&nbsp;$this-&gt;unicode(substr($string,&nbsp;$i,&nbsp;$offset));\r\n&nbsp;&nbsp;&nbsp;&nbsp;&nbsp;&nbsp;&nbsp;&nbsp;&nbsp;&nbsp;&nbsp;&nbsp;&nbsp;&nbsp;&nbsp;&nbsp;$i&nbsp;+=&nbsp;$offset;\r\n&nbsp;&nbsp;&nbsp;&nbsp;&nbsp;&nbsp;&nbsp;&nbsp;&nbsp;&nbsp;&nbsp;&nbsp;}\r\n&nbsp;&nbsp;&nbsp;&nbsp;&nbsp;&nbsp;&nbsp;&nbsp;}\r\n\r\n&nbsp;&nbsp;&nbsp;&nbsp;&nbsp;&nbsp;&nbsp;&nbsp;return&nbsp;array(&#39;dict&#39;&nbsp;=&gt;&nbsp;$dict,&nbsp;&#39;words&#39;&nbsp;=&gt;&nbsp;$words);\r\n&nbsp;&nbsp;&nbsp;&nbsp;}\r\n\r\n&nbsp;&nbsp;&nbsp;&nbsp;/**\r\n&nbsp;&nbsp;&nbsp;&nbsp;&nbsp;*&nbsp;Return&nbsp;unicode&nbsp;value&nbsp;for&nbsp;a&nbsp;char.&nbsp;\r\n&nbsp;&nbsp;&nbsp;&nbsp;&nbsp;*&nbsp;\r\n&nbsp;&nbsp;&nbsp;&nbsp;&nbsp;*&nbsp;@param&nbsp;&nbsp;string&nbsp;&nbsp;&nbsp;&nbsp;$c&nbsp;\r\n&nbsp;&nbsp;&nbsp;&nbsp;&nbsp;*&nbsp;@access&nbsp;public\r\n&nbsp;&nbsp;&nbsp;&nbsp;&nbsp;*&nbsp;@return&nbsp;int\r\n&nbsp;&nbsp;&nbsp;&nbsp;&nbsp;*/\r\n&nbsp;&nbsp;&nbsp;&nbsp;public&nbsp;function&nbsp;unicode($c)&nbsp;\r\n&nbsp;&nbsp;&nbsp;&nbsp;{\r\n&nbsp;&nbsp;&nbsp;&nbsp;&nbsp;&nbsp;&nbsp;&nbsp;if(ord($c{0})&nbsp;&gt;=&nbsp;0&nbsp;&nbsp;&nbsp;&amp;&amp;&nbsp;ord($c{0})&nbsp;&lt;=&nbsp;127)&nbsp;return&nbsp;&nbsp;ord($c{0});\r\n&nbsp;&nbsp;&nbsp;&nbsp;&nbsp;&nbsp;&nbsp;&nbsp;if(ord($c{0})&nbsp;&gt;=&nbsp;192&nbsp;&amp;&amp;&nbsp;ord($c{0})&nbsp;&lt;=&nbsp;223)&nbsp;return&nbsp;(ord($c{0})&nbsp;-&nbsp;192)&nbsp;*&nbsp;64&nbsp;&nbsp;&nbsp;&nbsp;&nbsp;&nbsp;&nbsp;&nbsp;&nbsp;+&nbsp;(ord($c{1})&nbsp;-&nbsp;128);\r\n&nbsp;&nbsp;&nbsp;&nbsp;&nbsp;&nbsp;&nbsp;&nbsp;if(ord($c{0})&nbsp;&gt;=&nbsp;224&nbsp;&amp;&amp;&nbsp;ord($c{0})&nbsp;&lt;=&nbsp;239)&nbsp;return&nbsp;(ord($c{0})&nbsp;-&nbsp;224)&nbsp;*&nbsp;4096&nbsp;&nbsp;&nbsp;&nbsp;&nbsp;&nbsp;&nbsp;+&nbsp;(ord($c{1})&nbsp;-&nbsp;128)&nbsp;*&nbsp;64&nbsp;&nbsp;&nbsp;&nbsp;&nbsp;&nbsp;&nbsp;+&nbsp;(ord($c{2})&nbsp;-&nbsp;128);\r\n&nbsp;&nbsp;&nbsp;&nbsp;&nbsp;&nbsp;&nbsp;&nbsp;if(ord($c{0})&nbsp;&gt;=&nbsp;240&nbsp;&amp;&amp;&nbsp;ord($c{0})&nbsp;&lt;=&nbsp;247)&nbsp;return&nbsp;(ord($c{0})&nbsp;-&nbsp;240)&nbsp;*&nbsp;262144&nbsp;&nbsp;&nbsp;&nbsp;&nbsp;+&nbsp;(ord($c{1})&nbsp;-&nbsp;128)&nbsp;*&nbsp;4096&nbsp;&nbsp;&nbsp;&nbsp;&nbsp;+&nbsp;(ord($c{2})&nbsp;-&nbsp;128)&nbsp;*&nbsp;64&nbsp;&nbsp;&nbsp;&nbsp;&nbsp;+&nbsp;(ord($c{3})&nbsp;-&nbsp;128);\r\n&nbsp;&nbsp;&nbsp;&nbsp;&nbsp;&nbsp;&nbsp;&nbsp;if(ord($c{0})&nbsp;&gt;=&nbsp;248&nbsp;&amp;&amp;&nbsp;ord($c{0})&nbsp;&lt;=&nbsp;251)&nbsp;return&nbsp;(ord($c{0})&nbsp;-&nbsp;248)&nbsp;*&nbsp;16777216&nbsp;&nbsp;&nbsp;+&nbsp;(ord($c{1})&nbsp;-&nbsp;128)&nbsp;*&nbsp;262144&nbsp;&nbsp;&nbsp;+&nbsp;(ord($c{2})&nbsp;-&nbsp;128)&nbsp;*&nbsp;4096&nbsp;&nbsp;&nbsp;+&nbsp;(ord($c{3})&nbsp;-&nbsp;128)&nbsp;*&nbsp;64&nbsp;&nbsp;&nbsp;+&nbsp;(ord($c{4})&nbsp;-&nbsp;128);\r\n&nbsp;&nbsp;&nbsp;&nbsp;&nbsp;&nbsp;&nbsp;&nbsp;if(ord($c{0})&nbsp;&gt;=&nbsp;252&nbsp;&amp;&amp;&nbsp;ord($c{0})&nbsp;&lt;=&nbsp;253)&nbsp;return&nbsp;(ord($c{0})&nbsp;-&nbsp;252)&nbsp;*&nbsp;1073741824&nbsp;+&nbsp;(ord($c{1})&nbsp;-&nbsp;128)&nbsp;*&nbsp;16777216&nbsp;+&nbsp;(ord($c{2})&nbsp;-&nbsp;128)&nbsp;*&nbsp;262144&nbsp;+&nbsp;(ord($c{3})&nbsp;-&nbsp;128)&nbsp;*&nbsp;4096&nbsp;+&nbsp;(ord($c{4})&nbsp;-&nbsp;128)&nbsp;*&nbsp;64&nbsp;+&nbsp;(ord($c{5})&nbsp;-&nbsp;128);\r\n\r\n&nbsp;&nbsp;&nbsp;&nbsp;&nbsp;&nbsp;&nbsp;&nbsp;if(ord($c{0})&nbsp;&gt;=&nbsp;254&nbsp;&amp;&amp;&nbsp;ord($c{0})&nbsp;&lt;=&nbsp;255)&nbsp;return&nbsp;false;\r\n&nbsp;&nbsp;&nbsp;&nbsp;&nbsp;&nbsp;&nbsp;&nbsp;return&nbsp;false;\r\n&nbsp;&nbsp;&nbsp;&nbsp;}\r\n\r\n&nbsp;&nbsp;&nbsp;&nbsp;/**\r\n&nbsp;&nbsp;&nbsp;&nbsp;&nbsp;*&nbsp;Judge&nbsp;a&nbsp;char&nbsp;is&nbsp;Letter&nbsp;or&nbsp;not.\r\n&nbsp;&nbsp;&nbsp;&nbsp;&nbsp;*&nbsp;\r\n&nbsp;&nbsp;&nbsp;&nbsp;&nbsp;*&nbsp;@param&nbsp;&nbsp;string&nbsp;&nbsp;&nbsp;&nbsp;$letter&nbsp;\r\n&nbsp;&nbsp;&nbsp;&nbsp;&nbsp;*&nbsp;@access&nbsp;public\r\n&nbsp;&nbsp;&nbsp;&nbsp;&nbsp;*&nbsp;@return&nbsp;bool\r\n&nbsp;&nbsp;&nbsp;&nbsp;&nbsp;*/\r\n&nbsp;&nbsp;&nbsp;&nbsp;public&nbsp;function&nbsp;isLetter($letter)\r\n&nbsp;&nbsp;&nbsp;&nbsp;{\r\n&nbsp;&nbsp;&nbsp;&nbsp;&nbsp;&nbsp;&nbsp;&nbsp;$ord&nbsp;=&nbsp;ord($letter);\r\n&nbsp;&nbsp;&nbsp;&nbsp;&nbsp;&nbsp;&nbsp;&nbsp;if($ord&nbsp;&gt;=&nbsp;ord(&#39;a&#39;)&nbsp;and&nbsp;$ord&nbsp;&lt;=&nbsp;ord(&#39;z&#39;))&nbsp;return&nbsp;true;\r\n&nbsp;&nbsp;&nbsp;&nbsp;&nbsp;&nbsp;&nbsp;&nbsp;if($ord&nbsp;&gt;=&nbsp;ord(&#39;A&#39;)&nbsp;and&nbsp;$ord&nbsp;&lt;=&nbsp;ord(&#39;Z&#39;))&nbsp;return&nbsp;true;\r\n&nbsp;&nbsp;&nbsp;&nbsp;&nbsp;&nbsp;&nbsp;&nbsp;if($ord&nbsp;&gt;=&nbsp;ord(0)&nbsp;&nbsp;&nbsp;and&nbsp;$ord&nbsp;&lt;=&nbsp;ord(9))&nbsp;&nbsp;&nbsp;&nbsp;return&nbsp;true;\r\n&nbsp;&nbsp;&nbsp;&nbsp;&nbsp;&nbsp;&nbsp;&nbsp;if(strpos(&#39;._/-&gt;:&lt;?&amp;&#39;,&nbsp;$letter)&nbsp;!==&nbsp;false)&nbsp;&nbsp;&nbsp;&nbsp;&nbsp;&nbsp;return&nbsp;true;\r\n&nbsp;&nbsp;&nbsp;&nbsp;&nbsp;&nbsp;&nbsp;&nbsp;return&nbsp;false;\r\n&nbsp;&nbsp;&nbsp;&nbsp;}\r\n\r\n}</pre><p>调用方法如下：</p><pre class=\"brush:php;toolbar:false\">$titleSplited&nbsp;&nbsp;&nbsp;=&nbsp;$spliterObject-&gt;utf8Split($data[&#39;title&#39;]);//文章标题\r\n$index[&#39;title&#39;]&nbsp;&nbsp;&nbsp;=&nbsp;$titleSplited[&#39;words&#39;];&nbsp;//这样得到的值就是文章标题的utf-8的unicode码了。</pre><p>然后保存到表中。</p><p><br/></p><p>3、当我们作搜索的时候，同样的先把搜索词转化为unicode码，再用这个码来作sphinx的搜索</p><pre class=\"brush:php;toolbar:false\">$object&nbsp;=&nbsp;new&nbsp;\\stdClass();\r\n$object-&gt;keyword&nbsp;=&nbsp;Request::input(&#39;keyword&#39;);\r\n$searchProcess&nbsp;=&nbsp;new&nbsp;Process();\r\n\r\n//这里其实就是把keyword转为unicode,我封装了一下。\r\n$keywordUnicode&nbsp;=&nbsp;$searchProcess-&gt;prepareKeyword($object-&gt;keyword);\r\n\r\n//然后通过sphinx搜索处理数据，最后拿到文章的id,即article_unicode表中的article_id\r\n$object-&gt;sphinxResult_ArticleIds&nbsp;=&nbsp;$searchProcess-&gt;sphinxSearch($keywordUnicode);\r\n\r\n//通过article_id再来做常规的查询。\r\n$articleList&nbsp;=&nbsp;(new&nbsp;SearchModel())-&gt;activeArticleInfoBySearch($object);</pre><p>这样就可以了。<br/></p>', '1427256396');

-- ----------------------------
-- Table structure for `bk_article_main`
-- ----------------------------
DROP TABLE IF EXISTS `bk_article_main`;
CREATE TABLE `bk_article_main` (
  `id` int(11) unsigned NOT NULL AUTO_INCREMENT,
  `user_id` int(11) NOT NULL COMMENT '用户ID',
  `title` varchar(128) NOT NULL COMMENT '文章标题',
  `summary` text NOT NULL COMMENT '文章概要',
  `head_pic` varchar(255) NOT NULL COMMENT '头图地址',
  `little_head_pic` varchar(255) NOT NULL COMMENT '头图地址(小图)',
  `write_time` int(11) NOT NULL COMMENT '写作时间',
  `count_view` int(11) NOT NULL COMMENT '累计阅读数',
  `count_praise` int(11) NOT NULL DEFAULT '0' COMMENT '累计点赞数',
  `count_fav` int(11) NOT NULL DEFAULT '0' COMMENT '累计收藏数',
  `count_comment` int(11) NOT NULL DEFAULT '0' COMMENT '累计评论数（对文章的评论数+对评论的评论数+向作者提问数）',
  `is_delete` tinyint(1) NOT NULL DEFAULT '1' COMMENT '状态（0-删除、1-正常、2-撤稿）',
  `status` tinyint(1) NOT NULL DEFAULT '0' COMMENT '审核状态（0-未处理、1-通过、2-拒绝）',
  PRIMARY KEY (`id`),
  KEY `user_id` (`user_id`) USING BTREE,
  KEY `count_praise` (`count_praise`) USING BTREE,
  KEY `count_fav` (`count_fav`) USING BTREE,
  KEY `conunt_comment` (`count_comment`) USING BTREE,
  KEY `is_delete` (`is_delete`) USING BTREE,
  KEY `status` (`status`) USING BTREE
) ENGINE=InnoDB AUTO_INCREMENT=72 DEFAULT CHARSET=utf8 COMMENT='文章主表';

-- ----------------------------
-- Records of bk_article_main
-- ----------------------------
INSERT INTO `bk_article_main` VALUES ('1', '1', '这个是文章的标题', '这个是文章的简介这个是文章的简介这个是文章的简介这个是文章的简介这个是文章的这个是文章的简介这个是文章的简介这个是文章的简介这个是文章的简介这个是文章的简介简介', 'http://www.wownn.net/static/2014/images/yc-lbox-pic01.jpg', 'http://www.wownn.net/static/2014/images/yc-lbox-pic01.jpg', '0', '922', '894', '888', '888', '0', '1');
INSERT INTO `bk_article_main` VALUES ('2', '1', '这个是文章的标题2', '这个是文章的简介这个是文章的简介这个是文章的简介这个是文章的简介这个是文章的这个是文章的简介这个是文章的简介这个是文章的简介这个是文章的简介这个是文章的简介简介2', 'http://www.wownn.net/static/2014/images/yc-lbox-pic01.jpg', 'http://www.wownn.net/static/2014/images/yc-lbox-pic01.jpg', '0', '82', '59', '66', '57', '0', '1');
INSERT INTO `bk_article_main` VALUES ('3', '1', '这个是文章标题', '', '', '', '1421390236', '0', '0', '0', '0', '0', '0');
INSERT INTO `bk_article_main` VALUES ('4', '1', '这个是文章标题sand', '', '', '', '1421390371', '0', '0', '0', '0', '0', '0');
INSERT INTO `bk_article_main` VALUES ('5', '1', '这个是文章标题sand', '', '', '', '1421390398', '0', '0', '0', '0', '0', '0');
INSERT INTO `bk_article_main` VALUES ('6', '1', '这个是文章标题sand', 'P2P;罗永浩', 'http://img.wownn.net/2015/0120/20150120051940555.jpg', 'http://img.wownn.net/2015/0120/20150120051947995.jpg', '1421390549', '0', '0', '0', '0', '0', '1');
INSERT INTO `bk_article_main` VALUES ('7', '1', '这个是文章标题sand', '这个是文章标题sdf', 'http://img.wownn.net/2015/0120/20150120051855664.jpg', 'http://img.wownn.net/2015/0120/20150120051905946.jpg', '1421390822', '0', '0', '0', '0', '0', '1');
INSERT INTO `bk_article_main` VALUES ('8', '1', '们每年将发放不少于1000万元的稿酬给', '年将发放不少于1000万元的稿酬', 'http://img.wownn.net/2015/0123/20150123113528359.jpg', 'http://img.wownn.net/2015/0123/20150123113536859.jpg', '1421400344', '18', '2', '1', '0', '0', '1');
INSERT INTO `bk_article_main` VALUES ('9', '1', '望收到的文章是：重大商业事件独到的分 析或评论；对宏观、金融领域具有前瞻价值的文 章；有一手采访的独家商业新闻（欢迎专业财经 记者为我们撰稿）；与本人工作有关', '收到的文章是：重大商业事件独到的分 析', 'http://img.wownn.net/2015/0123/20150123113258838.jpg', 'http://img.wownn.net/2015/0123/20150123113311442.jpg', '1421400510', '25', '2', '2', '2', '0', '1');
INSERT INTO `bk_article_main` VALUES ('10', '1', '稿稿稿稿稿稿稿稿稿稿稿稿稿稿稿稿稿稿稿稿稿稿稿稿稿', '虎虎虎虎虎虎虎虎虎虎虎虎虎虎虎虎虎虎虎虎', 'http://img.wownn.net/2015/0123/20150123113617609.jpg', 'http://img.wownn.net/2015/0123/20150123113625768.jpg', '1421400718', '24', '2', '1', '0', '0', '1');
INSERT INTO `bk_article_main` VALUES ('11', '1', '额外奖励的因素包括额外奖励的因素包括额外奖励的因素', '这个是文章的简介这个是文章的简介这个是文章的简介这个是文章的简介这个是文章的这个是文章的简介这个是文章', 'http://www.wownn.net/static/2014/images/yc-lbox-pic01.jpg', 'http://www.wownn.net/static/2014/images/yc-lbox-pic01.jpg', '1421401459', '22', '6', '0', '0', '0', '1');
INSERT INTO `bk_article_main` VALUES ('12', '1', '将发放不少于1000万元的稿酬给界面将发放不少于', '测试审核简介', 'http://img.wownn.net/2015/0123/20150123113644271.jpg', 'http://img.wownn.net/2015/0123/20150123113651260.jpg', '1421632451', '27', '2', '0', '0', '0', '1');
INSERT INTO `bk_article_main` VALUES ('13', '1', '投稿测试我们每年将发放不少于1000万元的稿酬给界', '投稿测试我们每年将发放不少于1000万元的稿酬给界', 'http://img.wownn.net/2015/0122/20150122045423513.jpg', 'http://img.wownn.net/2015/0122/20150122045441301.jpg', '1421916667', '67', '3', '0', '1', '0', '1');
INSERT INTO `bk_article_main` VALUES ('14', '1', '1月23号投稿测试', '', '', '', '1421978622', '0', '0', '0', '0', '0', '2');
INSERT INTO `bk_article_main` VALUES ('15', '1', '1月23号测试投稿2', '1月23号测试投稿21月23号测试投稿21月23号测试投稿21月23号测试投稿21月23号测试投稿21月23号测试投稿21月23号测试投稿21月23号测试投稿21月23号测试投稿21月23号测试投稿21月23号测试投稿21月23号测试投稿21月23号测试投稿21月23号测试投稿2', 'http://img.wownn.net/2015/0123/20150123105225313.jpg', 'http://img.wownn.net/2015/0123/20150123105233234.jpg', '1421979337', '58', '2', '1', '2', '0', '1');
INSERT INTO `bk_article_main` VALUES ('16', '1', '投稿须知', '就是自己发文章测试', 'http://img.wownn.net/2015/0128/20150128120912689.png', 'http://img.wownn.net/2015/0128/20150128120928158.png', '1421985443', '19', '0', '0', '0', '0', '1');
INSERT INTO `bk_article_main` VALUES ('17', '1', '这个是投稿标题', '这个是投稿标题这个是投稿标题这个是投稿标题', 'http://img.wownn.net/2015/0123/20150123024607236.png', 'http://img.wownn.net/2015/0123/20150123024625685.png', '1421995527', '77', '2', '1', '9', '0', '1');
INSERT INTO `bk_article_main` VALUES ('18', '1', '的发生发的撒范德萨发的发的发生时的发生的说法发生的', '的发生发的撒范德萨发的发的发生时的发生的说法发生的的发生发的撒范德萨发的发的发生时的发生的说法发生的的发生发的撒范德萨发的发的发生时的发生的说法发生的的发生发的撒范德萨发的发的发生时的发生的说法发生的', 'http://img.wownn.net/2015/0126/20150126053355743.png', 'http://img.wownn.net/2015/0126/20150126053404127.png', '1422237836', '145', '1', '1', '14', '0', '1');
INSERT INTO `bk_article_main` VALUES ('19', '1', '加入“新春红包”功能：支付宝钱包App应用 更新至', '距今年春节还有3周，不过“红包大战”已经提前打响。今天支付宝钱包App应用更新至8.5版，最瞩目新功能莫过于“新春红包”，就连图标也相应变化加入“亿万红包”字样，和微信红包类似', 'http://img.wownn.net/2015/0126/20150126043421248.png', 'http://img.wownn.net/2015/0126/20150126043428960.png', '1422260531', '96', '1', '0', '8', '0', '1');
INSERT INTO `bk_article_main` VALUES ('20', '1', '投稿测试我们每年将发放不少于1000万元的稿酬给', '', '', '', '1422265982', '0', '0', '0', '0', '0', '0');
INSERT INTO `bk_article_main` VALUES ('21', '1', '习大大上头条习大大上头条习大大上头条习大大上头条习', '习大大上头条习大大上头条习大大上头条习大大上头条习大大上头条习大大上头条习大大上头条', 'http://img.wownn.net/2015/0126/20150126064737359.png', 'http://img.wownn.net/2015/0126/20150126064750305.png', '1422269223', '26', '0', '0', '0', '0', '1');
INSERT INTO `bk_article_main` VALUES ('22', '1', '2299元买不买？小米Note今日开卖', '半个月前，小米在北京国家会议中心召开发布会，正式发布了新旗舰小米Note……', 'http://img.wownn.net/2015/0127/20150127115203875.png', 'http://img.wownn.net/2015/0127/20150127115211670.png', '1422330540', '102', '3', '1', '15', '0', '1');
INSERT INTO `bk_article_main` VALUES ('23', '1', '到底有多像？国产5寸“iPhone 6”图赏', '去年12月3日，大可乐3如期亮相，一时亮瞎所有人的双眼：圆形Home键、三段式背部结构、弧形边框，就连按键摆放和接口位置都模仿的惟妙惟肖……', 'http://img.wownn.net/2015/0127/20150127054833455.png', 'http://img.wownn.net/2015/0127/20150127054841522.png', '1422351758', '35', '0', '0', '5', '0', '1');
INSERT INTO `bk_article_main` VALUES ('24', '1', '一二三四五六七八九十一二三四五六七八九十一二三四五', '日前中国奶协召开了“南方巴氏鲜奶发展论坛”，素有中国乳业“大炮”之称的广州市奶业协会理事长王丁棉对记者表示……', 'http://img.wownn.net/2015/0127/20150127065639602.png', 'http://img.wownn.net/2015/0127/20150127065606388.png', '1422356046', '21', '0', '0', '4', '0', '1');
INSERT INTO `bk_article_main` VALUES ('25', '1', '安定测试安定测试安定测试安定测试安定测试安定测试安', '', '', '', '1422413473', '0', '0', '0', '0', '0', '0');
INSERT INTO `bk_article_main` VALUES ('26', '1', '测试内容测试内容测试内容测试内容测试内容测试内容测', '主打轻便，非常适合微单用户使用（A7什么的最合适了），据网友实测，5D2+小白兔也能勉强支撑。脚架本体意大利生产，做工精湛。', 'http://img.wownn.net/2015/0128/20150128105426954.png', 'http://img.wownn.net/2015/0128/20150128105441167.png', '1422413598', '21', '0', '0', '0', '0', '1');
INSERT INTO `bk_article_main` VALUES ('27', '1', '232321323232323', '', '', '', '1422432103', '0', '0', '0', '0', '0', '0');
INSERT INTO `bk_article_main` VALUES ('28', '1', '每一篇被录用的', '', '', '', '1422432181', '0', '0', '0', '0', '0', '0');
INSERT INTO `bk_article_main` VALUES ('29', '1', '每一篇被录用的', '', '', '', '1422432225', '0', '0', '0', '0', '0', '0');
INSERT INTO `bk_article_main` VALUES ('30', '1', '·我们希望收到的文章是：重', '', '', '', '1422434023', '0', '0', '0', '0', '0', '0');
INSERT INTO `bk_article_main` VALUES ('31', '1', '比亚迪全新紧凑SUV售价曝光：逼死瑞虎？', '', '', '', '1422435106', '0', '0', '0', '0', '0', '0');
INSERT INTO `bk_article_main` VALUES ('32', '1', '比亚迪全新紧凑SUV售价曝光：逼死瑞虎？', '', '', '', '1422435264', '0', '0', '0', '0', '0', '0');
INSERT INTO `bk_article_main` VALUES ('33', '0', '测试测试测试测试测试测试测试测试测试v', '测试测试测试测试测试测试测试测试测试v', '', '', '1426749181', '0', '0', '0', '0', '0', '1');
INSERT INTO `bk_article_main` VALUES ('34', '1', '标题标题标题标题标题标题标题标题标题', '标题标题标题标题标题标题标题标题标题', '', '', '1426749400', '0', '0', '0', '0', '0', '1');
INSERT INTO `bk_article_main` VALUES ('35', '1', '简介简介简介简介简介简介简介简介简介简介简介简介简介简介', '简介简介简介简介简介简介简介简介简介简介简介简介简介简介', '', '', '1426750375', '0', '0', '0', '0', '0', '1');
INSERT INTO `bk_article_main` VALUES ('36', '1', '简介简介简介简介简介简介简介简介简介简介简介简介简介简介', '简介简介简介简介简介简介简介简介简介简介简介简介简介简介', '', '', '1426750384', '0', '0', '0', '0', '0', '1');
INSERT INTO `bk_article_main` VALUES ('37', '1', '简介简介简介简介简介简介简介简介简介简介简介简介简介简介', '简介简介简介简介简介简介简介简介简介简介简介简介简介简介', '', '', '1426750480', '0', '0', '0', '0', '0', '1');
INSERT INTO `bk_article_main` VALUES ('38', '1', '简介简介简介简介简介简介简介简介简介简介简介简介简介简介', '简介简介简介简介简介简介简介简介简介简介简介简介简介简介', '', '', '1426750670', '0', '0', '0', '0', '0', '1');
INSERT INTO `bk_article_main` VALUES ('39', '1', '简介简介简介简介简介简介简介简介简介简介简介简介简介简介', '简介简介简介简介简介简介简介简介简介简介简介简介简介简介', '', '', '1426750696', '0', '0', '0', '0', '0', '1');
INSERT INTO `bk_article_main` VALUES ('40', '1', '简介简介简介简介简介简介简介简介简介简介简介简介简介简介', '简介简介简介简介简介简介简介简介简介简介简介简介简介简介', '', '', '1426750736', '0', '0', '0', '0', '0', '1');
INSERT INTO `bk_article_main` VALUES ('41', '1', '简介简介简介简介简介简介简介简介简介简介简介简介简介简介', '简介简介简介简介简介简介简介简介简介简介简介简介简介简介', '', '', '1426750760', '0', '0', '0', '0', '0', '1');
INSERT INTO `bk_article_main` VALUES ('42', '1', '简介简介简介简介简介简介简介简介简介简介简介简介简介简介', '简介简介简介简介简介简介简介简介简介简介简介简介简介简介', '', '', '1426751115', '0', '0', '0', '0', '0', '1');
INSERT INTO `bk_article_main` VALUES ('43', '1', '简介简介简介简介简介简介简介简介简介简介简介简介简介简介', '简介简介简介简介简介简介简介简介简介简介简介简介简介简介', '', '', '1426751153', '0', '0', '0', '0', '0', '1');
INSERT INTO `bk_article_main` VALUES ('44', '1', '简介简介简介简介简介简介简介简介简介简介简介简介简介简介', '简介简介简介简介简介简介简介简介简介简介简介简介简介简介', '', '', '1426751196', '0', '0', '0', '0', '0', '1');
INSERT INTO `bk_article_main` VALUES ('45', '1', '123', '123', '', '', '1426751226', '0', '0', '0', '0', '0', '1');
INSERT INTO `bk_article_main` VALUES ('46', '1', '1231', '123', '', '', '1426752015', '0', '0', '0', '0', '0', '1');
INSERT INTO `bk_article_main` VALUES ('47', '1', '测试啦测试啦测试啦测试啦测试啦测试啦测试啦测试啦测试啦测试啦测试啦测试啦', '测试啦测试啦测试啦测试啦测试啦测试啦测试啦测试啦测试啦测试啦测试啦测试啦', '', '', '1426756181', '0', '0', '0', '0', '0', '1');
INSERT INTO `bk_article_main` VALUES ('48', '1', '测试啦测试啦测试啦测试啦测试啦测试啦测试啦测试啦测试啦测试啦测试啦测试啦', '测试啦测试啦测试啦测试啦测试啦测试啦测试啦测试啦测试啦测试啦测试啦测试啦', '', '', '1426756264', '0', '0', '0', '0', '0', '1');
INSERT INTO `bk_article_main` VALUES ('49', '1', '测试啦测试啦测试啦测试啦测试啦测试啦测试啦测试啦测试啦测试啦测试啦测试啦', '测试啦测试啦测试啦测试啦测试啦测试啦测试啦测试啦测试啦测试啦测试啦测试啦', '', '', '1426756312', '0', '0', '0', '0', '0', '1');
INSERT INTO `bk_article_main` VALUES ('50', '1', '测试一下啦', '测试一下啦', '', '', '1426756397', '0', '0', '0', '0', '0', '1');
INSERT INTO `bk_article_main` VALUES ('51', '1', '测试一下增加文章测试一下增加文章测试一下增加文章a13', '测试一下增加文章测试一下增加文章测试一下增加文章测试一下增加文章测试一下增加文章测试一下增加文章a', '', '', '1426814855', '0', '0', '0', '0', '0', '1');
INSERT INTO `bk_article_main` VALUES ('52', '1', '测试增加文章2', '测试增加文章2', '', '', '1426819991', '0', '0', '0', '0', '0', '1');
INSERT INTO `bk_article_main` VALUES ('53', '1', '[Zephir官方文档翻译之五] 入门指导', 'Zephir还有这本手册，是为了PHP开发者想开发C扩展并降低复杂度面打算的。\r\n我们假设你有编程语言的基础。我们会在介绍的时候尽可能的向PHP，C，Javascript等语言的特点来陈述。 如果你懂得这些语言中的某一种的话，我们会指出它们来Zephir的相似点。当然其它的一些Zephir的新特性还有 不同点我们也会一一介绍。', '', '', '1426954976', '0', '0', '0', '0', '1', '1');
INSERT INTO `bk_article_main` VALUES ('54', '1', '[Zephir官方文档翻译之四] 安装Zephir', '为了安装Zephir，请根据下面的步骤来做。', '', '', '1426955799', '0', '0', '0', '0', '1', '1');
INSERT INTO `bk_article_main` VALUES ('55', '1', '[Zephir官方文档翻译之三]  介绍 Zephir', 'Zephir是一种可以让PHP开发者尝试编写和编译可以被PHP执行代码的一种语言。它是动态/静态类型，它的一些特性对于PHP 开发者来说是非常的相似的。', '', '', '1427022148', '0', '0', '0', '0', '1', '1');
INSERT INTO `bk_article_main` VALUES ('56', '1', '[Zephir官方文档翻译之二] 为什么选择 Zephir?', '目前的PHP应用必须使用得稳定性、性能、和功能性保持平衡。 每一个PHP应用是建立在大量的通用组件上的，而这些组件又基于大量的其它应用。\r\n\r\n这些通用的组件可能是一个类/框架，或者是它们的结合。一但它们被安装，框架很少会改变。 作为一个应用的基础，它们必须保持很高的功能性，同时也要保持速度优势。\r\n\r\n快速强大的类库会变得很难懂，这是由于它们是高度抽象的实现的。考虑到这些基本的类库和框架很少会改变， 这就为编写一个可以提高性能和节省计算机资源的扩展提供了一个机会。\r\n\r\n通过Zephir，你可以实现面向对象的/框架/应用，并使你的PHP程序提高到一个高的层次，让你的应用更快，同时改善用户的体验。', '', '', '1427022228', '0', '0', '0', '0', '1', '1');
INSERT INTO `bk_article_main` VALUES ('57', '1', '[Zephir官方文档翻译之一] 欢迎来到Zephir！', 'Zephir 是一个开源的，可以用高级语言安全快速地编写 PHP 的 C 扩展。', '', '', '1427022413', '0', '0', '0', '0', '1', '1');
INSERT INTO `bk_article_main` VALUES ('58', '1', '[php扩展安装]为php安装redis扩展', '简单的部奏介绍php扩展redis的安装。', '', '', '1427022819', '0', '0', '0', '0', '1', '1');
INSERT INTO `bk_article_main` VALUES ('59', '1', '[php扩展安装]为php安装memcached扩展', '简单的步骤，为php安装memcached扩展。', '', '', '1427022967', '0', '0', '0', '0', '1', '1');
INSERT INTO `bk_article_main` VALUES ('60', '1', '[centos软件安装]安装memcached', '简单的介绍了如何安装memcached', '', '', '1427023125', '0', '0', '0', '0', '1', '1');
INSERT INTO `bk_article_main` VALUES ('61', '1', '[centos软件安装]subversion的安装与多项目权限配置', '简单的介绍了svn软件的安装，已及配置权限的方法。', '', '', '1427023296', '0', '0', '0', '0', '1', '1');
INSERT INTO `bk_article_main` VALUES ('62', '1', '[centos软件安装]sphinx的安装与配置以及php方面的处理', '简单的介绍sphinx的安装与配置以及php方面的处理。', '', '', '1427186776', '0', '0', '0', '0', '1', '1');
INSERT INTO `bk_article_main` VALUES ('63', '1', '[php扩展的安装]sphinx扩展的安装', '简单的介绍sphinx扩展的安装。', '', '', '1427187494', '0', '0', '0', '0', '1', '1');
INSERT INTO `bk_article_main` VALUES ('64', '1', '[问题集]两个不同用户执行生成同一个文件所导至的读取权限问题。', '请注意不同用户用户操作同一个文件的时候可能会导致程序没有权限进行操作。', '', '', '1427206381', '0', '0', '0', '0', '1', '1');
INSERT INTO `bk_article_main` VALUES ('65', '1', '[问题集]重写session类的时候可能会导至nginx 502的问题的原因', '重写session类的时候可能会导至nginx 502的问题的原因，在这里可以找到答案：http://cn2.php.net/manual/zh/function.session-set-save-handler.php#refsect1-function.session-set-save-handler-notes', '', '', '1427206635', '0', '0', '0', '0', '1', '1');
INSERT INTO `bk_article_main` VALUES ('66', '1', '[centos问题集]yum install时报warning: rpmts_HdrFromFdno: Header V3 RSA/SHA256 Signature, key ID c105b9de: NOKEY', '解决：rpm --import /etc/pki/rpm-gpg/RPM-GPG-KEY-CentOS-6 ', '', '', '1427206838', '0', '0', '0', '0', '1', '1');
INSERT INTO `bk_article_main` VALUES ('67', '1', '[svn相关]使用记录', '这里记录了有关个人在使用svn的一些问题，以及解决方法。', '', '', '1427207199', '0', '0', '0', '0', '1', '1');
INSERT INTO `bk_article_main` VALUES ('68', '1', 'ZeroClipboard插件如何批量初始化。', '记录了ZeroClipboard插件批量初始化的方法。', '', '', '1427207602', '0', '0', '0', '0', '1', '1');
INSERT INTO `bk_article_main` VALUES ('69', '1', '[centos软件安装]iftop的安装', '简单的介绍了如何安装iftop软件。', '', '', '1427207907', '0', '0', '0', '0', '1', '1');
INSERT INTO `bk_article_main` VALUES ('70', '1', '[centos使用记录]如何启动多个php-fpm且互不影响？', '在php安装源码的目录sapi/fpm/init.d.php-fpm里面的这个就是了。', '', '', '1427208192', '0', '0', '0', '0', '1', '1');
INSERT INTO `bk_article_main` VALUES ('71', '1', 'sphinx全文搜索Php方面的处理', '简单地介绍sphinx全文搜索Php方面的处理，现在版本的sphinx不知道支不支持中文了，问了群里的朋友都说不支持，所有用了这种方法来做。', '', '', '1427256396', '0', '0', '0', '0', '1', '1');

-- ----------------------------
-- Table structure for `bk_article_position`
-- ----------------------------
DROP TABLE IF EXISTS `bk_article_position`;
CREATE TABLE `bk_article_position` (
  `id` int(11) NOT NULL AUTO_INCREMENT,
  `name` varchar(128) NOT NULL COMMENT '推荐位名称',
  `is_delete` tinyint(1) NOT NULL COMMENT '是否删除（做软删除）（0-删除、1-未删除）',
  `is_active` tinyint(1) NOT NULL COMMENT '是否激活（0-未激活、1-激活）',
  `classify_id` int(11) NOT NULL COMMENT '分类的ID，0代表全部 -1代表没有选择分类',
  `time` int(11) NOT NULL,
  PRIMARY KEY (`id`),
  KEY `name` (`name`) USING BTREE,
  KEY `classify_id` (`classify_id`) USING BTREE,
  KEY `is_delete` (`is_delete`) USING BTREE,
  KEY `is_active` (`is_active`) USING BTREE
) ENGINE=InnoDB AUTO_INCREMENT=19 DEFAULT CHARSET=utf8 COMMENT='文章推荐位表';

-- ----------------------------
-- Records of bk_article_position
-- ----------------------------
INSERT INTO `bk_article_position` VALUES ('1', '原创首页全部头条', '1', '1', '0', '0');
INSERT INTO `bk_article_position` VALUES ('2', '原创首页金融头条', '1', '0', '1', '0');
INSERT INTO `bk_article_position` VALUES ('3', '原创首页汽车头条', '1', '0', '2', '0');
INSERT INTO `bk_article_position` VALUES ('4', '原创首页时尚头条', '1', '0', '3', '0');
INSERT INTO `bk_article_position` VALUES ('5', '原创首页房地产头条', '1', '0', '4', '0');
INSERT INTO `bk_article_position` VALUES ('6', '原创首页移动互联网头条', '1', '0', '5', '0');
INSERT INTO `bk_article_position` VALUES ('18', 'd1', '0', '0', '0', '0');

-- ----------------------------
-- Table structure for `bk_article_position_relation`
-- ----------------------------
DROP TABLE IF EXISTS `bk_article_position_relation`;
CREATE TABLE `bk_article_position_relation` (
  `id` int(11) NOT NULL AUTO_INCREMENT,
  `article_id` int(11) NOT NULL COMMENT '文章ID',
  `position_id` int(11) NOT NULL COMMENT '推荐位ID',
  `sort` int(11) NOT NULL COMMENT '排序',
  `time` int(11) NOT NULL,
  PRIMARY KEY (`id`),
  KEY `Position_id` (`position_id`) USING BTREE,
  KEY `article_id` (`article_id`) USING BTREE
) ENGINE=InnoDB AUTO_INCREMENT=25 DEFAULT CHARSET=utf8 COMMENT='文章与推荐位关系表';

-- ----------------------------
-- Records of bk_article_position_relation
-- ----------------------------
INSERT INTO `bk_article_position_relation` VALUES ('1', '1', '2', '0', '0');
INSERT INTO `bk_article_position_relation` VALUES ('4', '1', '1', '0', '0');
INSERT INTO `bk_article_position_relation` VALUES ('5', '2', '1', '0', '1421810822');
INSERT INTO `bk_article_position_relation` VALUES ('6', '2', '3', '0', '1421810823');
INSERT INTO `bk_article_position_relation` VALUES ('7', '1', '3', '0', '1421810823');
INSERT INTO `bk_article_position_relation` VALUES ('8', '12', '3', '0', '1421813804');
INSERT INTO `bk_article_position_relation` VALUES ('9', '6', '3', '1', '1421813804');
INSERT INTO `bk_article_position_relation` VALUES ('10', '7', '3', '0', '1421813804');
INSERT INTO `bk_article_position_relation` VALUES ('11', '8', '3', '0', '1421813804');
INSERT INTO `bk_article_position_relation` VALUES ('12', '9', '3', '0', '1421813804');
INSERT INTO `bk_article_position_relation` VALUES ('13', '10', '3', '0', '1421813804');
INSERT INTO `bk_article_position_relation` VALUES ('14', '11', '3', '0', '1421813805');
INSERT INTO `bk_article_position_relation` VALUES ('15', '13', '1', '0', '1421917211');
INSERT INTO `bk_article_position_relation` VALUES ('16', '15', '6', '0', '1421984274');
INSERT INTO `bk_article_position_relation` VALUES ('17', '1', '6', '0', '1421984297');
INSERT INTO `bk_article_position_relation` VALUES ('18', '19', '1', '0', '1422261973');
INSERT INTO `bk_article_position_relation` VALUES ('19', '19', '2', '0', '1422261973');
INSERT INTO `bk_article_position_relation` VALUES ('20', '19', '6', '0', '1422261973');
INSERT INTO `bk_article_position_relation` VALUES ('21', '22', '1', '1', '1422330844');
INSERT INTO `bk_article_position_relation` VALUES ('22', '22', '6', '0', '1422330844');
INSERT INTO `bk_article_position_relation` VALUES ('23', '23', '1', '1', '1422352277');
INSERT INTO `bk_article_position_relation` VALUES ('24', '23', '6', '1', '1422352277');

-- ----------------------------
-- Table structure for `bk_article_tag_relation`
-- ----------------------------
DROP TABLE IF EXISTS `bk_article_tag_relation`;
CREATE TABLE `bk_article_tag_relation` (
  `id` int(11) unsigned NOT NULL AUTO_INCREMENT,
  `article_id` int(11) NOT NULL COMMENT '文章ID',
  `tag_id` int(11) NOT NULL COMMENT '标签ID',
  `time` int(11) NOT NULL COMMENT '操作时间',
  PRIMARY KEY (`id`),
  KEY `article_id` (`article_id`) USING BTREE,
  KEY `tag_id` (`tag_id`) USING BTREE
) ENGINE=InnoDB AUTO_INCREMENT=269 DEFAULT CHARSET=utf8 COMMENT='文章所属标签表';

-- ----------------------------
-- Records of bk_article_tag_relation
-- ----------------------------
INSERT INTO `bk_article_tag_relation` VALUES ('219', '53', '40', '1427198477');
INSERT INTO `bk_article_tag_relation` VALUES ('220', '53', '41', '1427198477');
INSERT INTO `bk_article_tag_relation` VALUES ('221', '53', '42', '1427198477');
INSERT INTO `bk_article_tag_relation` VALUES ('222', '54', '40', '1427198491');
INSERT INTO `bk_article_tag_relation` VALUES ('223', '54', '41', '1427198491');
INSERT INTO `bk_article_tag_relation` VALUES ('224', '54', '42', '1427198491');
INSERT INTO `bk_article_tag_relation` VALUES ('225', '55', '40', '1427198506');
INSERT INTO `bk_article_tag_relation` VALUES ('226', '55', '43', '1427198506');
INSERT INTO `bk_article_tag_relation` VALUES ('227', '56', '40', '1427198518');
INSERT INTO `bk_article_tag_relation` VALUES ('228', '56', '43', '1427198518');
INSERT INTO `bk_article_tag_relation` VALUES ('229', '57', '40', '1427198529');
INSERT INTO `bk_article_tag_relation` VALUES ('230', '57', '43', '1427198529');
INSERT INTO `bk_article_tag_relation` VALUES ('231', '63', '41', '1427198544');
INSERT INTO `bk_article_tag_relation` VALUES ('232', '63', '44', '1427198544');
INSERT INTO `bk_article_tag_relation` VALUES ('233', '62', '41', '1427198558');
INSERT INTO `bk_article_tag_relation` VALUES ('234', '62', '49', '1427198558');
INSERT INTO `bk_article_tag_relation` VALUES ('235', '62', '47', '1427198558');
INSERT INTO `bk_article_tag_relation` VALUES ('236', '61', '47', '1427198568');
INSERT INTO `bk_article_tag_relation` VALUES ('237', '61', '48', '1427198568');
INSERT INTO `bk_article_tag_relation` VALUES ('238', '60', '47', '1427198576');
INSERT INTO `bk_article_tag_relation` VALUES ('239', '60', '46', '1427198576');
INSERT INTO `bk_article_tag_relation` VALUES ('240', '59', '41', '1427198592');
INSERT INTO `bk_article_tag_relation` VALUES ('241', '59', '44', '1427198592');
INSERT INTO `bk_article_tag_relation` VALUES ('242', '59', '46', '1427198592');
INSERT INTO `bk_article_tag_relation` VALUES ('243', '58', '41', '1427198609');
INSERT INTO `bk_article_tag_relation` VALUES ('244', '58', '44', '1427198609');
INSERT INTO `bk_article_tag_relation` VALUES ('245', '58', '45', '1427198609');
INSERT INTO `bk_article_tag_relation` VALUES ('246', '64', '41', '1427206381');
INSERT INTO `bk_article_tag_relation` VALUES ('248', '65', '41', '1427206660');
INSERT INTO `bk_article_tag_relation` VALUES ('249', '66', '47', '1427206838');
INSERT INTO `bk_article_tag_relation` VALUES ('252', '68', '50', '1427207602');
INSERT INTO `bk_article_tag_relation` VALUES ('253', '69', '47', '1427207907');
INSERT INTO `bk_article_tag_relation` VALUES ('254', '69', '51', '1427207907');
INSERT INTO `bk_article_tag_relation` VALUES ('255', '67', '48', '1427208041');
INSERT INTO `bk_article_tag_relation` VALUES ('256', '67', '47', '1427208041');
INSERT INTO `bk_article_tag_relation` VALUES ('257', '70', '47', '1427208192');
INSERT INTO `bk_article_tag_relation` VALUES ('258', '70', '41', '1427208192');
INSERT INTO `bk_article_tag_relation` VALUES ('267', '71', '41', '1427285900');
INSERT INTO `bk_article_tag_relation` VALUES ('268', '71', '49', '1427285900');

-- ----------------------------
-- Table structure for `bk_article_tags`
-- ----------------------------
DROP TABLE IF EXISTS `bk_article_tags`;
CREATE TABLE `bk_article_tags` (
  `id` int(11) unsigned NOT NULL AUTO_INCREMENT,
  `name` char(32) NOT NULL COMMENT '标签名称',
  `sort` tinyint(2) NOT NULL COMMENT '排序码',
  `is_active` tinyint(1) NOT NULL COMMENT '是否激活（0-未激活、1-激活）',
  `is_delete` tinyint(1) NOT NULL COMMENT '是否删除（做软删除）（0-删除、1-未删除）',
  `time` int(11) NOT NULL COMMENT '操作时间',
  PRIMARY KEY (`id`),
  KEY `is_active` (`is_active`) USING BTREE,
  KEY `is_delete` (`is_delete`) USING BTREE,
  KEY `sort` (`sort`) USING BTREE,
  KEY `name` (`name`) USING BTREE
) ENGINE=InnoDB AUTO_INCREMENT=52 DEFAULT CHARSET=utf8 COMMENT='文章标签配置表';

-- ----------------------------
-- Records of bk_article_tags
-- ----------------------------
INSERT INTO `bk_article_tags` VALUES ('40', 'zephir', '0', '1', '1', '1426955387');
INSERT INTO `bk_article_tags` VALUES ('41', 'php', '0', '1', '1', '1426955387');
INSERT INTO `bk_article_tags` VALUES ('42', 'module', '0', '1', '1', '1426955387');
INSERT INTO `bk_article_tags` VALUES ('43', '翻译', '0', '1', '1', '1427022148');
INSERT INTO `bk_article_tags` VALUES ('44', '扩展', '0', '1', '1', '1427022819');
INSERT INTO `bk_article_tags` VALUES ('45', 'redis', '0', '1', '1', '1427022819');
INSERT INTO `bk_article_tags` VALUES ('46', 'memcached', '0', '1', '1', '1427022967');
INSERT INTO `bk_article_tags` VALUES ('47', 'centos', '0', '1', '1', '1427023125');
INSERT INTO `bk_article_tags` VALUES ('48', 'svn', '0', '1', '1', '1427023296');
INSERT INTO `bk_article_tags` VALUES ('49', 'sphinx', '0', '1', '1', '1427186776');
INSERT INTO `bk_article_tags` VALUES ('50', 'js', '0', '1', '1', '1427207602');
INSERT INTO `bk_article_tags` VALUES ('51', '安装软件', '0', '1', '1', '1427207907');

-- ----------------------------
-- Table structure for `bk_attachment`
-- ----------------------------
DROP TABLE IF EXISTS `bk_attachment`;
CREATE TABLE `bk_attachment` (
  `aid` int(10) unsigned NOT NULL AUTO_INCREMENT,
  `module` char(15) NOT NULL,
  `catid` smallint(5) unsigned NOT NULL DEFAULT '0',
  `filename` char(50) NOT NULL,
  `filepath` char(200) NOT NULL,
  `filesize` int(10) unsigned NOT NULL DEFAULT '0',
  `fileext` char(10) NOT NULL,
  `isimage` tinyint(1) unsigned NOT NULL DEFAULT '0',
  `isthumb` tinyint(1) unsigned NOT NULL DEFAULT '0',
  `downloads` mediumint(8) unsigned NOT NULL DEFAULT '0',
  `userid` mediumint(8) unsigned NOT NULL DEFAULT '0',
  `uploadtime` int(10) unsigned NOT NULL DEFAULT '0',
  `uploadip` char(15) NOT NULL,
  `status` tinyint(1) NOT NULL DEFAULT '0',
  `authcode` char(32) NOT NULL,
  `siteid` smallint(5) unsigned NOT NULL DEFAULT '0',
  PRIMARY KEY (`aid`),
  KEY `authcode` (`authcode`)
) ENGINE=InnoDB AUTO_INCREMENT=4 DEFAULT CHARSET=utf8;

-- ----------------------------
-- Records of bk_attachment
-- ----------------------------
INSERT INTO `bk_attachment` VALUES ('1', 'content', '12', '3812b31bb051f819a8b1eda1d8b44aed2f73e741.jpg', '2014/0731/20140731054933484.jpg', '24851', 'jpg', '1', '0', '0', '1', '1406800173', '127.0.0.1', '0', 'cbf29c20b016e0652047d41d94550347', '1');
INSERT INTO `bk_attachment` VALUES ('2', 'link', '0', '3812b31bb051f819a8b1eda1d8b44aed2f73e741.jpg', '2014/0802/20140802100007554.jpg', '24851', 'jpg', '1', '0', '0', '1', '1406944806', '127.0.0.1', '0', '00daf1b6f47651cc5496eaf8d8b3eed7', '1');
INSERT INTO `bk_attachment` VALUES ('3', 'link', '0', '3812b31bb051f819a8b1eda1d8b44aed2f73e741.jpg', '2014/0802/20140802123010669.jpg', '24851', 'jpg', '1', '0', '0', '1', '1406953810', '127.0.0.1', '0', '295088d2cebb4b0dec9885a69529de33', '1');

-- ----------------------------
-- Table structure for `bk_comment`
-- ----------------------------
DROP TABLE IF EXISTS `bk_comment`;
CREATE TABLE `bk_comment` (
  `id` int(11) NOT NULL AUTO_INCREMENT,
  `object_type` tinyint(4) NOT NULL COMMENT '评论的类型1:文章',
  `object_id` int(11) NOT NULL COMMENT '评论的唯一ID',
  `nickname` varchar(20) NOT NULL,
  `content` text NOT NULL COMMENT '评论的内容',
  `reply_ids` varchar(255) NOT NULL COMMENT '所评论的内容',
  `time` int(11) NOT NULL COMMENT '评论的时间',
  PRIMARY KEY (`id`)
) ENGINE=InnoDB AUTO_INCREMENT=12 DEFAULT CHARSET=utf8;

-- ----------------------------
-- Records of bk_comment
-- ----------------------------

-- ----------------------------
-- Table structure for `bk_group`
-- ----------------------------
DROP TABLE IF EXISTS `bk_group`;
CREATE TABLE `bk_group` (
  `id` int(11) NOT NULL AUTO_INCREMENT,
  `group_name` varchar(255) NOT NULL COMMENT '用户组名',
  `mark` varchar(255) DEFAULT NULL COMMENT '备注',
  `status` tinyint(1) NOT NULL DEFAULT '1' COMMENT '是否禁用',
  `level` int(11) NOT NULL DEFAULT '0' COMMENT '用户组等级，低等级的不能对高等级的用户做修改',
  PRIMARY KEY (`id`)
) ENGINE=InnoDB AUTO_INCREMENT=5 DEFAULT CHARSET=utf8 COMMENT='用户组表_by_jiang';

-- ----------------------------
-- Records of bk_group
-- ----------------------------
INSERT INTO `bk_group` VALUES ('1', '超级用户组', '123123', '1', '1');
INSERT INTO `bk_group` VALUES ('4', '测试用户组', '123123', '1', '2');

-- ----------------------------
-- Table structure for `bk_login_log`
-- ----------------------------
DROP TABLE IF EXISTS `bk_login_log`;
CREATE TABLE `bk_login_log` (
  `id` int(11) NOT NULL AUTO_INCREMENT,
  `username` varchar(255) NOT NULL,
  `user_id` int(11) NOT NULL,
  `ip` varchar(20) NOT NULL,
  `ip_adress` varchar(255) NOT NULL,
  `add_time` int(11) NOT NULL,
  PRIMARY KEY (`id`)
) ENGINE=InnoDB DEFAULT CHARSET=utf8;

-- ----------------------------
-- Records of bk_login_log
-- ----------------------------

-- ----------------------------
-- Table structure for `bk_permission`
-- ----------------------------
DROP TABLE IF EXISTS `bk_permission`;
CREATE TABLE `bk_permission` (
  `id` int(11) NOT NULL AUTO_INCREMENT,
  `module` varchar(255) NOT NULL COMMENT '模块',
  `class` varchar(255) NOT NULL COMMENT '类',
  `action` varchar(255) NOT NULL COMMENT '函数',
  `name` varchar(255) NOT NULL COMMENT '节点的名字',
  `display` tinyint(1) NOT NULL DEFAULT '0' COMMENT '1为显示为菜单，0则不显示',
  `pid` int(11) NOT NULL DEFAULT '0' COMMENT '节点的父节点，此值一般用于输出树形结构，0则为顶级',
  `sort` int(11) DEFAULT '0' COMMENT '排序',
  `level` tinyint(2) NOT NULL DEFAULT '1' COMMENT '第几级菜单',
  `mark` varchar(255) DEFAULT NULL COMMENT '备注',
  `add_time` bigint(20) DEFAULT NULL COMMENT '增加的日期',
  PRIMARY KEY (`id`),
  KEY `module` (`module`) USING BTREE,
  KEY `class` (`class`) USING BTREE,
  KEY `action` (`action`) USING BTREE
) ENGINE=InnoDB AUTO_INCREMENT=43 DEFAULT CHARSET=utf8 COMMENT='权限节点表_by_jiang';

-- ----------------------------
-- Records of bk_permission
-- ----------------------------
INSERT INTO `bk_permission` VALUES ('1', '', '系统管理', '系统管理', '系统管理', '1', '0', '0', '1', '系统管理页面，不作权限验证，只用做菜单显示', null);
INSERT INTO `bk_permission` VALUES ('2', '', 'group', 'index', '用户组管理', '1', '1', '0', '2', '用户组管理页面', null);
INSERT INTO `bk_permission` VALUES ('3', '', 'acl', 'index', '菜单功能管理', '1', '1', '0', '2', '功能管理页面', null);
INSERT INTO `bk_permission` VALUES ('4', '', 'user', 'index', '用户管理', '1', '1', '0', '2', '用户管理页面', null);
INSERT INTO `bk_permission` VALUES ('12', '', 'index', 'index', '我的首页', '0', '0', '0', '1', '系统首页', null);
INSERT INTO `bk_permission` VALUES ('20', '', 'user', 'add', '增加用户', '0', '4', '0', '3', '增加一个用户', null);
INSERT INTO `bk_permission` VALUES ('23', '', 'group', 'add', '增加用户组', '0', '2', '0', '3', '增加用户组', '1406882443');
INSERT INTO `bk_permission` VALUES ('24', '', 'group', 'edit', '用户组编辑', '0', '2', '0', '3', '用户组编辑', '1406882515');
INSERT INTO `bk_permission` VALUES ('25', '', 'group', 'delete', '用户组删除', '0', '2', '0', '3', '用户组删除、批量删除', '1406882542');
INSERT INTO `bk_permission` VALUES ('26', '', 'acl', 'group', '用户组权限管理', '0', '2', '0', '3', '用户组权限管理', '1406882568');
INSERT INTO `bk_permission` VALUES ('27', '', 'user', 'edit', '用户编辑', '0', '4', '0', '3', '用户编辑', '1406882640');
INSERT INTO `bk_permission` VALUES ('28', '', 'user', 'delete', '用户删除', '0', '4', '0', '3', '用户删除', '1406882664');
INSERT INTO `bk_permission` VALUES ('29', '', 'acl', 'user', '用户权限管理', '0', '4', '0', '3', '用户权限管理、设置用户权限', '1406882698');
INSERT INTO `bk_permission` VALUES ('30', '', 'acl', 'add', '增加功能菜单', '0', '3', '0', '3', '增加功能菜单', '1406882729');
INSERT INTO `bk_permission` VALUES ('31', '', 'acl', 'edit', '功能菜单编辑', '0', '3', '0', '3', '功能菜单编辑', '1406882754');
INSERT INTO `bk_permission` VALUES ('32', '', 'acl', 'delete', '功能菜单删除', '0', '3', '0', '3', '功能菜单删除', '1406882775');
INSERT INTO `bk_permission` VALUES ('33', '', 'acl', 'sort', '功能菜单排序', '0', '3', '0', '3', '功能菜单排序', '1406882815');
INSERT INTO `bk_permission` VALUES ('34', '', '内容管理', '内容管理', '内容管理', '1', '0', '0', '1', '内容管理', '1407374295');
INSERT INTO `bk_permission` VALUES ('35', '', 'content', 'add', '发表文章', '0', '36', '0', '3', '发表文章', '1407374316');
INSERT INTO `bk_permission` VALUES ('36', '', 'content', 'index', '文章列表', '1', '34', '0', '2', '文章列表', '1407374358');
INSERT INTO `bk_permission` VALUES ('37', '', 'category', 'index', '文章分类管理', '1', '34', '0', '2', '文章分类管理', null);
INSERT INTO `bk_permission` VALUES ('42', '', 'position', 'index', '推荐位管理', '1', '34', '0', '2', '推荐位管理', '1426735289');

-- ----------------------------
-- Table structure for `bk_search_index`
-- ----------------------------
DROP TABLE IF EXISTS `bk_search_index`;
CREATE TABLE `bk_search_index` (
  `id` int(11) unsigned NOT NULL AUTO_INCREMENT,
  `article_id` int(11) NOT NULL COMMENT '文章的ID',
  `title` text NOT NULL COMMENT '文章的标题',
  `summary` text NOT NULL,
  `content` text NOT NULL COMMENT '文章的内容',
  `added_date` int(11) NOT NULL,
  `edited_date` int(11) NOT NULL,
  PRIMARY KEY (`id`),
  UNIQUE KEY `article_id` (`article_id`) USING BTREE,
  KEY `added_date` (`added_date`) USING BTREE,
  FULLTEXT KEY `content` (`title`,`summary`,`content`)
) ENGINE=MyISAM AUTO_INCREMENT=41 DEFAULT CHARSET=utf8;

-- ----------------------------
-- Records of bk_search_index
-- ----------------------------
INSERT INTO `bk_search_index` VALUES ('22', '53', ' [ zephir 23448 26041 25991 26723 32763 35793 20043 20116 ]   20837 38376 25351 23548 ', ' zephir 36824 26377 36825 26412 25163 20876 65292 26159 20026 20102 php 24320 21457 32773 24819 24320 21457 c 25193 23637 24182 38477 20302 22797 26434 24230 38754 25171 31639 30340 12290 \r \n 25105 20204 20551 35774 20320 26377 32534 31243 35821 35328 30340 22522 30784 12290 25105 20204 20250 22312 20171 32461 30340 26102 20505 23613 21487 33021 30340 21521 php 65292 c 65292 javascript 31561 35821 35328 30340 29305 28857 26469 38472 36848 12290   22914 26524 20320 25026 24471 36825 20123 35821 35328 20013 30340 26576 19968 31181 30340 35805 65292 25105 20204 20250 25351 20986 23427 20204 26469 zephir 30340 30456 20284 28857 12290 24403 28982 20854 23427 30340 19968 20123 zephir 30340 26032 29305 24615 36824 26377   19981 21516 28857 25105 20204 20063 20250 19968 19968 20171 32461 12290 ', ' 20837 38376 25351 23548 zephir 36824 26377 36825 26412 25163 20876 65292 26159 20026 20102 php 24320 21457 32773 24819 24320 21457 c 25193 23637 24182 38477 20302 22797 26434 24230 38754 25171 31639 30340 12290 25105 20204 20551 35774 20320 26377 32534 31243 35821 35328 30340 22522 30784 12290 25105 20204 20250 22312 20171 32461 30340 26102 20505 23613 21487 33021 30340 21521 php 65292 c 65292 javascript 31561 35821 35328 30340 29305 28857 26469 38472 36848 12290   22914 26524 20320 25026 24471 36825 20123 35821 35328 20013 30340 26576 19968 31181 30340 35805 65292 25105 20204 20250 25351 20986 23427 20204 26469 zephir 30340 30456 20284 28857 12290 24403 28982 20854 23427 30340 19968 20123 zephir 30340 26032 29305 24615 36824 26377   19981 21516 28857 25105 20204 20063 20250 19968 19968 20171 32461 12290 26816 27979 23433 35013 24773 20917 22914 26524 20320 25104 21151 30340 23433 35013 20102 zephir 65292 20320 21487 20197 22312 21629 20196 34892 20013 25191 34892 19979 38754 30340 21629 20196 : $ &nbsp ; zephir&nbsp ; help 22914 26524 23433 35013 27491 30830 30340 35805 65292 20320 20250 30475 21040 19979 38754 30340 25552 31034 :&nbsp ; _____&nbsp ; &nbsp ; &nbsp ; &nbsp ; &nbsp ; &nbsp ; &nbsp ; &nbsp ; &nbsp ; &nbsp ; &nbsp ; &nbsp ; &nbsp ; &nbsp ; __&nbsp ; &nbsp ; &nbsp ; &nbsp ; _ \r \n /__&nbsp ; &nbsp ; /&nbsp ; &nbsp ; ___&nbsp ; &nbsp ; ____&nbsp ; &nbsp ; /&nbsp ; /_&nbsp ; &nbsp ; ( _ ) ____ \r \n &nbsp ; &nbsp ; /&nbsp ; /&nbsp ; &nbsp ; /&nbsp ; _&nbsp ; \\ /&nbsp ; __&nbsp ; \\ /&nbsp ; __&nbsp ; \\ /&nbsp ; /&nbsp ; ___/ \r \n &nbsp ; /&nbsp ; /__/&nbsp ; &nbsp ; __/&nbsp ; /_/&nbsp ; /&nbsp ; /&nbsp ; /&nbsp ; /&nbsp ; /&nbsp ; / \r \n /____/ \\ ___/&nbsp ; .___/_/&nbsp ; /_/_/_/ \r \n &nbsp ; &nbsp ; &nbsp ; &nbsp ; &nbsp ; &nbsp ; &nbsp ; &nbsp ; &nbsp ; /_/ \r \n \r \n zephir&nbsp ; version&nbsp ; 0.4.5a \r \n \r \n usage:&nbsp ; &nbsp ; &nbsp ; &nbsp ; command&nbsp ; [ options ] available&nbsp ; commands: \r \n &nbsp ; &nbsp ; &nbsp ; &nbsp ; build&nbsp ; &nbsp ; &nbsp ; &nbsp ; &nbsp ; &nbsp ; &nbsp ; &nbsp ; &nbsp ; &nbsp ; &nbsp ; &nbsp ; &nbsp ; &nbsp ; &nbsp ; generate/compile/install&nbsp ; a&nbsp ; zephir&nbsp ; extension \r \n &nbsp ; &nbsp ; &nbsp ; &nbsp ; clean&nbsp ; &nbsp ; &nbsp ; &nbsp ; &nbsp ; &nbsp ; &nbsp ; &nbsp ; &nbsp ; &nbsp ; &nbsp ; &nbsp ; &nbsp ; &nbsp ; &nbsp ; cleans&nbsp ; the&nbsp ; generated&nbsp ; object&nbsp ; files&nbsp ; in&nbsp ; compilation \r \n &nbsp ; &nbsp ; &nbsp ; &nbsp ; compile&nbsp ; &nbsp ; &nbsp ; &nbsp ; &nbsp ; &nbsp ; &nbsp ; &nbsp ; &nbsp ; &nbsp ; &nbsp ; &nbsp ; &nbsp ; compile&nbsp ; a&nbsp ; zephir&nbsp ; extension \r \n &nbsp ; &nbsp ; &nbsp ; &nbsp ; full-clean&nbsp ; &nbsp ; &nbsp ; &nbsp ; &nbsp ; &nbsp ; &nbsp ; &nbsp ; &nbsp ; &nbsp ; cleans&nbsp ; the&nbsp ; generated&nbsp ; object&nbsp ; files&nbsp ; in&nbsp ; compilation \r \n &nbsp ; &nbsp ; &nbsp ; &nbsp ; generate&nbsp ; &nbsp ; &nbsp ; &nbsp ; &nbsp ; &nbsp ; &nbsp ; &nbsp ; &nbsp ; &nbsp ; &nbsp ; &nbsp ; generates&nbsp ; c&nbsp ; code&nbsp ; from&nbsp ; the&nbsp ; zephir&nbsp ; code&nbsp ; &nbsp ; &nbsp ; &nbsp ; help&nbsp ; &nbsp ; &nbsp ; &nbsp ; &nbsp ; &nbsp ; &nbsp ; &nbsp ; &nbsp ; &nbsp ; &nbsp ; &nbsp ; &nbsp ; &nbsp ; &nbsp ; &nbsp ; displays&nbsp ; this&nbsp ; help&nbsp ; &nbsp ; &nbsp ; &nbsp ; init&nbsp ; [ namespace ] &nbsp ; &nbsp ; &nbsp ; &nbsp ; initializes&nbsp ; a&nbsp ; zephir&nbsp ; extension \r \n &nbsp ; &nbsp ; &nbsp ; &nbsp ; install&nbsp ; &nbsp ; &nbsp ; &nbsp ; &nbsp ; &nbsp ; &nbsp ; &nbsp ; &nbsp ; &nbsp ; &nbsp ; &nbsp ; &nbsp ; installs&nbsp ; the&nbsp ; extension&nbsp ; ( requires&nbsp ; root&nbsp ; password ) \r \n &nbsp ; &nbsp ; &nbsp ; &nbsp ; version&nbsp ; &nbsp ; &nbsp ; &nbsp ; &nbsp ; &nbsp ; &nbsp ; &nbsp ; &nbsp ; &nbsp ; &nbsp ; &nbsp ; &nbsp ; shows&nbsp ; zephir&nbsp ; version 30446 24405 32467 26500 39318 20808 25105 20204 35201 20570 30340 26159 24314 31435 19968 20010 22522 30784 30340 39033 30446 32467 26500 65292 23427 20026 25105 20204 24320 21457 25193 23637 25552 20379 20102 22522 26412 30340 32467 26500 12290 36825 37324 65292 25105 20204 24314 31435 20102 19968 20010 25193 23637 21483 20570 &quot ; utils&quot ; : $ &nbsp ; zephir&nbsp ; init&nbsp ; utils 25191 34892 19978 38754 30340 21629 20196 21518 65292 19968 20010 21517 20026 &quot ; utils&quot ; 30340 30446 24405 34987 24314 31435 22312 24403 21069 30340 30446 24405 19979 65306 utils/ \r \n &nbsp ; &nbsp ; &nbsp ; ext/ \r \n &nbsp ; &nbsp ; &nbsp ; utils/ 30446 24405   &quot ; ext/&quot ;   ( inside   utils )   21253 21547 20102 32534 35793 22120 23558 20250 29992 21040 26469 32534 35793 25193 23637 30340 20195 30721 .   21478 19968 20010 30446 24405 26159 &quot ; utils&quot ; 65292 36825 20010 30446 24405 30340 21517 23383 24517 39035 35201 21644 25105 20204 30340 25193 23637 21517 23383 20445 25345 19968 33267 12290 25105 20204 20889 30340 zephir 20195 30721 23558 20250 34987 25918 21040 36825 37324 12290 we   need   to   change   the   working   directory   to   &quot ; utils&quot ;   to   start   compiling   our   code: $ &nbsp ; cd&nbsp ; utils \r \n $ &nbsp ; ls \r \n ext/&nbsp ; utils/&nbsp ; config.json 21015 20986 30340 30446 24405 20013 65292 36824 26377 19968 20010 25991 20214 21483 20570 &quot ; config.json&quot ; 65292 36825 20010 25991 20214 21253 25324 20102 19968 20123 37197 32622 65292 23427 21487 20197 29992 26469 25913 21464 zephir 21644 25193 23637 30340 34892 20026 12290 22686 21152 25105 20204 30340 31532 19968 20010 31867 zephir 26159 34987 35774 35745 25104 24320 21457 38754 21521 23545 35937 25193 23637 30340 12290 20026 20102 24320 21457 20986 25105 20204 30340 31532 19968 20010 21151 33021 65292 25105 20204 22686 21152 19968 20010 31867 21040 25193 23637 20013 12290 23601 20687 24456 22810 24037 20855 21644 35821 35328 19968 26679 65292 31532 19968 20214 20107 23601 26159 21435 20889 &quot ; hello   world&quot ; 12290 21516 26102 20063 26816 27979 zephir 26159 19981 26159 21487 20197 27491 24120 36816 20316 12290   25152 20197 25105 20204 30340 31532 19968 20010 31867 23601 21483 20316 &quot ; utils \\ greeting&quot ; 65292 23427 21253 21547 20102 19968 20010 20989 25968 65292 36825 20010 20989 25968 20250 25171 21360 20986 &quot ; hello   world ! &quot ; 12290 the   code   for   this   class   must   be   placed   in   &quot ; utils/utils/greeting.zep&quot ; :namespace&nbsp ; utils ; \r \n class&nbsp ; greeting { \r \n \r \n &nbsp ; &nbsp ; &nbsp ; &nbsp ; public&nbsp ; static&nbsp ; function&nbsp ; say ( ) \r \n &nbsp ; &nbsp ; &nbsp ; &nbsp ; { \r \n &nbsp ; &nbsp ; &nbsp ; &nbsp ; &nbsp ; &nbsp ; &nbsp ; &nbsp ; echo&nbsp ; &quot ; hello&nbsp ; world ! &quot ; ; \r \n &nbsp ; &nbsp ; &nbsp ; &nbsp ; } \r \n } 19979 38754 24320 22987 32534 35793 24182 29983 25104 25193 23637 65306 $ &nbsp ; zephir&nbsp ; build 39318 20808 65292 21482 20250 22312 31532 19968 27425 25191 34892 30340 26102 20505 65292 22823 37327 30340 20869 37096 21629 20196 34987 25191 34892 65292 24182 20135 29983 20102 19968 20123 24517 35201 30340 20195 30721 21644 37197 32622 25991 20214 65292 26368 32456 25226 36825 20010 31867 29983 25104 php 30340 25193 23637 12290   22914 26524 19968 20999 39034 21033 30340 35805 65292 20320 23558 20250 30475 21040 65306 ...extension&nbsp ; installed ! \r \n add&nbsp ; extension = utils.so \r \n to&nbsp ; your&nbsp ; php.inidon& # 39 ; t&nbsp ; forget&nbsp ; to&nbsp ; restart&nbsp ; your&nbsp ; web&nbsp ; server 22312 19978 38754 30340 27493 39588 20013 65292 20320 21487 33021 38656 35201 25552 20379 20320 30340 root 24080 21495 21644 23494 30721 21435 23433 35013 36825 20010 25193 23637 12290   26368 21518 65292 36825 20010 25193 23637 24517 39035 22686 21152 21040 php.ini 25991 20214 20013 65292 20197 20415 php 21487 20197 21152 36733 23427 65306   extension = utils.so 21021 22987 21270 27979 35797 29616 22312 36825 20010 25193 23637 24050 32463 22686 21152 21040 php.ini 25991 20214 20013 20102 65292 25191 34892 19979 38754 30340 21629 20196 26469 30830 35748 25193 23637 26159 21542 24050 32463 27491 30830 30340 21152 36733 36827 26469 20102 65306 $ &nbsp ; php&nbsp ; -m \r \n [ php&nbsp ; modules ] \r \n core \r \n date \r \n libxml \r \n pcre \r \n reflection \r \n session \r \n spl \r \n standard \r \n tokenizer \r \n utils \r \n xdebug \r \n xml 25193 23637 utils 24517 39035 35201 20986 29616 22312 19978 38754 30340 21015 34920 20013 12290 37027 20040 29616 22312 65292 25105 20204 23581 35797 22312 php 20013 36816 34892 36825 20010 hello   world 25193 23637 12290   20026 20102 23436 25104 36825 20010 27979 35797 65292 25105 20204 20889 20102 19968 20010 31616 21333 30340 php 20195 30721 26469 25191 34892 25193 23637 20013 30340 38745 24577 20989 25968 65306 &lt ; ?php \r \n echo&nbsp ; utils \\ greeting::say ( ) , &nbsp ; &quot ; \\ n&quot ; ; 24685 21916 65281 65292 20320 24050 32463 23436 25104 20320 30340 31532 19968 20010 php 25193 23637 20102 12290 19968 20123 26377 29992 30340 31867 &quot ; hello   world&quot ; 36825 20010 31867 30340 25193 23637 26159 29992 26469 26816 27979 25105 20204 30340 19981 24184 26159 21542 27491 30830 30340 12290 29616 22312 65292 35753 25105 20204 24314 31435 19968 20123 20854 23427 26356 26377 29992 22788 30340 31867 12290 31532 19968 20010 26377 29992 30340 31867 25105 20204 23558 35201 22686 21152 21040 php 25193 23637 20013 23558 20250 25552 20379 19968 20010 36807 28388 24037 20855 32473 29992 25143 12290   36825 20010 31867 23601 21483 20570 &quot ; utils \\ filter&quot ; 65292 36825 20010 31867 30340 20195 30721 24517 39035 35201 25918 22312 &quot ; utils/utils/filter.zep&quot ; 20013 : 36825 20010 31867 30340 22522 26412 30340 26694 26550 22914 19979 :namespace&nbsp ; utils ; \r \n class&nbsp ; filter { } 36825 20010 31867 21253 21547 20102 19968 20010 20989 25968 65292 36825 20010 20989 25968 30340 20316 29992 26159 24110 21161 29992 25143 21435 36807 28388 19968 20123 19981 21512 27861 30340 23383 31526 12290   31532 19968 20010 20989 25968 21483 20570 &quot ; alpha&quot ; 65292 23427 30340 30446 26631 23601 26159 21435 36807 28388 38750 ascii 30721 30340 23383 31526 12290   24320 22987 65292 25105 20204 21482 26159 31616 21333 30340 25171 21360 20986 23383 31526 20018 30340 27599 19968 20010 23383 33410 65306 namespace&nbsp ; utils ; class&nbsp ; filter { \r \n \r \n &nbsp ; &nbsp ; &nbsp ; &nbsp ; public&nbsp ; function&nbsp ; alpha ( string&nbsp ; str ) \r \n &nbsp ; &nbsp ; &nbsp ; &nbsp ; { \r \n &nbsp ; &nbsp ; &nbsp ; &nbsp ; &nbsp ; &nbsp ; &nbsp ; &nbsp ; char&nbsp ; ch ; \r \n \r \n &nbsp ; &nbsp ; &nbsp ; &nbsp ; &nbsp ; &nbsp ; &nbsp ; &nbsp ; for&nbsp ; ch&nbsp ; in&nbsp ; str&nbsp ; { \r \n &nbsp ; &nbsp ; &nbsp ; &nbsp ; &nbsp ; &nbsp ; &nbsp ; &nbsp ; &nbsp ; &nbsp ; &nbsp ; &nbsp ; echo&nbsp ; ch , &nbsp ; &quot ; \\ n&quot ; ; \r \n &nbsp ; &nbsp ; &nbsp ; &nbsp ; &nbsp ; &nbsp ; &nbsp ; &nbsp ; } \r \n \r \n &nbsp ; &nbsp ; &nbsp ; &nbsp ; } \r \n } 24403 35843 29992 36825 20010 20989 25968 30340 26102 20505 :&lt ; ?php $ f&nbsp ; = &nbsp ; new&nbsp ; utils \\ filter ( ) ; $ f-&gt ; alpha ( &quot ; hello&quot ; ) ; you   will   see:hello 26816 26597 23383 31526 20018 20013 30340 27599 19968 20010 23383 31526 26159 19968 20010 30452 25509 20102 24403 30340 26041 27861 65292 29616 22312 25105 20204 24314 31435 21478 19968 20010 27491 30830 36807 28388 23383 31526 30340 20989 25968 65306 class&nbsp ; filter { \r \n \r \n &nbsp ; &nbsp ; &nbsp ; &nbsp ; public&nbsp ; function&nbsp ; alpha ( string&nbsp ; str ) &nbsp ; -&gt ; &nbsp ; string \r \n &nbsp ; &nbsp ; &nbsp ; &nbsp ; { \r \n &nbsp ; &nbsp ; &nbsp ; &nbsp ; &nbsp ; &nbsp ; &nbsp ; &nbsp ; char&nbsp ; ch ; &nbsp ; string&nbsp ; filtered&nbsp ; = &nbsp ; &quot ; &quot ; ; \r \n \r \n &nbsp ; &nbsp ; &nbsp ; &nbsp ; &nbsp ; &nbsp ; &nbsp ; &nbsp ; for&nbsp ; ch&nbsp ; in&nbsp ; str&nbsp ; { \r \n &nbsp ; &nbsp ; &nbsp ; &nbsp ; &nbsp ; &nbsp ; &nbsp ; &nbsp ; &nbsp ; &nbsp ; &nbsp ; &nbsp ; if&nbsp ; ( ch&nbsp ; &gt ; = &nbsp ; & # 39 ; a& # 39 ; &nbsp ; &amp ; &amp ; &nbsp ; ch&nbsp ; &lt ; = &nbsp ; & # 39 ; z& # 39 ; ) &nbsp ; | | &nbsp ; ( ch&nbsp ; &gt ; = &nbsp ; & # 39 ; a& # 39 ; &nbsp ; &amp ; &amp ; &nbsp ; ch&nbsp ; &lt ; = &nbsp ; & # 39 ; z& # 39 ; ) &nbsp ; { \r \n &nbsp ; &nbsp ; &nbsp ; &nbsp ; &nbsp ; &nbsp ; &nbsp ; &nbsp ; &nbsp ; &nbsp ; &nbsp ; &nbsp ; &nbsp ; &nbsp ; &nbsp ; &nbsp ; let&nbsp ; filtered&nbsp ; . = &nbsp ; ch ; \r \n &nbsp ; &nbsp ; &nbsp ; &nbsp ; &nbsp ; &nbsp ; &nbsp ; &nbsp ; &nbsp ; &nbsp ; &nbsp ; &nbsp ; } \r \n &nbsp ; &nbsp ; &nbsp ; &nbsp ; &nbsp ; &nbsp ; &nbsp ; &nbsp ; } \r \n \r \n &nbsp ; &nbsp ; &nbsp ; &nbsp ; &nbsp ; &nbsp ; &nbsp ; &nbsp ; return&nbsp ; filtered ; \r \n &nbsp ; &nbsp ; &nbsp ; &nbsp ; } \r \n } 36825 20010 20889 22909 30340 20989 25968 21487 20197 20687 21018 25165 19968 26679 27979 35797 :&lt ; ?php \r \n $ f&nbsp ; = &nbsp ; new&nbsp ; utils \\ filter ( ) ; \r \n echo&nbsp ; $ f-&gt ; alpha ( &quot ; hello&quot ; ) ; &nbsp ; //&nbsp ; prints&nbsp ; &quot ; hello&quot ; 19979 38754 30340 35270 39057 28436 31034 20102 19978 38754 30340 36825 20123 36807 31243 : 32467 35770 36825 26159 19968 20010 31616 21333 30340 25351 23548 25945 31243 65292 20294 26159 27491 22914 20320 25152 35265 21040 30340 65292 20351 29992 zephir 20320 21487 20197 24456 23481 26131 30340 24314 31435 19968 20010 php 25193 23637 12290   25105 20204 24314 35758 20320 32487 32493 38405 35835 36825 20010 25163 20876 65292 20197 20415 20320 21487 20197 20102 35299 26356 22810 zephir 30340 29305 24615 12290 ', '1427100716', '1427198477');
INSERT INTO `bk_search_index` VALUES ('23', '54', ' [ zephir 23448 26041 25991 26723 32763 35793 20043 22235 ]   23433 35013 zephir ', ' 20026 20102 23433 35013 zephir 65292 35831 26681 25454 19979 38754 30340 27493 39588 26469 20570 12290 ', ' 23433 35013 zephir 20026 20102 23433 35013 zephir 65292 35831 26681 25454 19979 38754 30340 27493 39588 26469 20570 65306 39044 22791 30693 35782 20351 29992 zephir 26469 32534 35793 php 25193 23637 65292 19979 38754 30340 19968 20123 36719 20214 26159 24517 39035 30340 65306 gcc   &gt ; =   4.x/clang   &gt ; =   3.xre2c   0.13   or   latergnu   make   3.81   or   laterautoconf   2.31   or   laterautomake   1.14   or   laterlibpcre3php   development   headers   and   tools 22914 26524 20320 22312 20351 29992 ubuntu 65292 20320 21487 20197 20351 29992 20381 36182 21253 26469 23433 35013 65306 $ &nbsp ; sudo&nbsp ; apt-get&nbsp ; update \r \n $ &nbsp ; sudo&nbsp ; apt-get&nbsp ; install&nbsp ; git&nbsp ; gcc&nbsp ; make&nbsp ; re2c&nbsp ; php5&nbsp ; php5-json&nbsp ; php5-dev&nbsp ; libpcre3-dev 22240 20026 zephir 26159 22522 20110 php 26469 32534 20889 30340 65292 20320 24517 39035 23433 35013 26368 26032 30340 php 29256 26412 65292 24182 30830 20445 20320 33021 22312 32456 31471 20013 25191 34892 php , php-config , phize 31561 21629 20196 65288 19968 33324 32534 35793 40664 35748 26159 19981 20250 21152 21040 $ path 20013 30340 65292 21152 20010 36719 36830 21543 65289 65306 $ &nbsp ; php&nbsp ; -v \r \n php&nbsp ; 5.5.7&nbsp ; ( cli ) &nbsp ; ( built:&nbsp ; dec&nbsp ; 14&nbsp ; 2013&nbsp ; 00:44:43 ) copyright&nbsp ; ( c ) &nbsp ; 1997-2013&nbsp ; the&nbsp ; php&nbsp ; group \r \n zend&nbsp ; engine&nbsp ; v2.5.0 , &nbsp ; copyright&nbsp ; ( c ) &nbsp ; 1998-2013&nbsp ; zend&nbsp ; technologies 36824 26377 65292 35831 30830 20445 php 30340 24320 21457 24211 24050 32463 34987 23433 35013 65306 $ &nbsp ; phpize&nbsp ; -v \r \n configuring&nbsp ; for: \r \n php&nbsp ; api&nbsp ; version:&nbsp ; &nbsp ; &nbsp ; &nbsp ; &nbsp ; &nbsp ; &nbsp ; &nbsp ; &nbsp ; 20121113 \r \n zend&nbsp ; module&nbsp ; api&nbsp ; no:&nbsp ; &nbsp ; &nbsp ; &nbsp ; &nbsp ; &nbsp ; 20121212 \r \n zend&nbsp ; extension&nbsp ; api&nbsp ; no:&nbsp ; &nbsp ; &nbsp ; 220121212 25191 34892 19978 38754 30340 21629 20196 30340 36755 20986 21487 33021 20250 26377 25152 19981 21516 65292 20294 26159 36825 20960 26465 21629 20196 26159 38750 24120 37325 35201 30340 65292 25152 20197 35831 20107 20808 23433 35013 22909 23427 20204 12290 23433 35013   zephirjson-c   26159 29992 26469 35299 26512 zephir 35821 27861 30340 65292 35831 20808 23433 35013 23427 65306 $ &nbsp ; git&nbsp ; submodule&nbsp ; update&nbsp ; --init \r \n $ &nbsp ; cd&nbsp ; json-c $ &nbsp ; sh&nbsp ; autogen.sh \r \n $ &nbsp ; ./configure \r \n $ &nbsp ; make&nbsp ; &amp ; &amp ; &nbsp ; sudo&nbsp ; make&nbsp ; install 22312 github 20013 20811 38534 zephir: $ &nbsp ; git&nbsp ; clone&nbsp ; https://github.com/phalcon/zephir 25191 34892 23433 35013 65306   ..   code-block::   bash $   cd   zephir $   ./install   -c 27979 35797 26159 21542 23433 35013 25104 21151 25191 34892 19979 38754 30340 21629 20196 26469 27979 35797 26159 21542 24050 32463 23433 35013 25104 21151 : $ &nbsp ; zephir&nbsp ; help ', '1427100723', '1427198491');
INSERT INTO `bk_search_index` VALUES ('24', '55', ' [ zephir 23448 26041 25991 26723 32763 35793 20043 19977 ]     20171 32461   zephir ', ' zephir 26159 19968 31181 21487 20197 35753 php 24320 21457 32773 23581 35797 32534 20889 21644 32534 35793 21487 20197 34987 php 25191 34892 20195 30721 30340 19968 31181 35821 35328 12290 23427 26159 21160 24577 / 38745 24577 31867 22411 65292 23427 30340 19968 20123 29305 24615 23545 20110 php   24320 21457 32773 26469 35828 26159 38750 24120 30340 30456 20284 30340 12290 ', ' 20171 32461   zephirzephir 26159 19968 31181 21487 20197 35753 php 24320 21457 32773 23581 35797 32534 20889 21644 32534 35793 21487 20197 34987 php 25191 34892 20195 30721 30340 19968 31181 35821 35328 12290 23427 26159 21160 24577 / 38745 24577 31867 22411 65292 23427 30340 19968 20123 29305 24615 23545 20110 php   24320 21457 32773 26469 35828 26159 38750 24120 30340 30456 20284 30340 12290 zephir 30340 21517 23383 26159 21462 33258 zend   engine/php/intermediate 30340 32553 20889 12290 24314 35758 21457 38899 20026 zephyr 30456 21516 12290 20107 23454 19978 zephir 30340 21019 36896 32773 21457 38899 20026 zaefire_.hello   world ! 27599 19968 31181 35821 35328 37117 20250 26377 23427 20204 30340 &quot ; hello   world ! &quot ; 20363 23376 65292 23545 20110 zehpir 26469 35828 20063 19981 20363 22806 65292 19979 38754 30340 36825 20010 24341 23548 20363 23376 21015 20030 20102 35768 22810 23427 37325 35201 30340 29305 24615 12290 zephir 30340 20195 30721 24517 39035 25918 32622 22312 31867 20013 12290 zephir 26159 22522 20110 38754 21521 23545 35937 31867 / 26694 26550 25171 36896 30340 12290 25152 20197 20195 30721 25918 32622 22312 31867 30340 22806 38754 26159 19981 20801 35768 30340 12290 21478 22806 65292 19968 20010 21629 21517 31354 38388   20063 26159 24517 39035 30340 65306 namespace&nbsp ; test ; \r \n / * * \r \n &nbsp ; * &nbsp ; this&nbsp ; is&nbsp ; a&nbsp ; sample&nbsp ; class \r \n &nbsp ; * / \r \n class&nbsp ; hello { \r \n &nbsp ; &nbsp ; &nbsp ; &nbsp ; / * * \r \n &nbsp ; &nbsp ; &nbsp ; &nbsp ; &nbsp ; * &nbsp ; this&nbsp ; is&nbsp ; a&nbsp ; sample&nbsp ; method \r \n &nbsp ; &nbsp ; &nbsp ; &nbsp ; &nbsp ; * / \r \n &nbsp ; &nbsp ; &nbsp ; &nbsp ; public&nbsp ; function&nbsp ; say ( ) \r \n &nbsp ; &nbsp ; &nbsp ; &nbsp ; { \r \n &nbsp ; &nbsp ; &nbsp ; &nbsp ; &nbsp ; &nbsp ; &nbsp ; &nbsp ; echo&nbsp ; &quot ; hello&nbsp ; world ! &quot ; ; \r \n &nbsp ; &nbsp ; &nbsp ; &nbsp ; } \r \n } 19968 20294 36825 20010 31867 34987 32534 35793 23436 25104 65292 23427 20250 20135 29983 19979 38754 30340 19968 27573 c 20195 30721 65288 gcc/clang/vc + + 32534 35793 65289 : # ifdef&nbsp ; have_config_h \r \n # include&nbsp ; &quot ; config.h&quot ; \r \n # endif # include&nbsp ; &quot ; php.h&quot ; \r \n # include&nbsp ; &quot ; php_test.h&quot ; \r \n # include&nbsp ; &quot ; test.h&quot ; \r \n # include&nbsp ; &quot ; kernel/main.h&quot ; \r \n / * * \r \n &nbsp ; * &nbsp ; this&nbsp ; is&nbsp ; a&nbsp ; sample&nbsp ; class \r \n &nbsp ; * / \r \n zephir_init_class ( test_hello ) &nbsp ; { \r \n &nbsp ; &nbsp ; &nbsp ; &nbsp ; zephir_register_class ( test , &nbsp ; hello , &nbsp ; hello , &nbsp ; test_hello_method_entry , &nbsp ; 0 ) ; \r \n &nbsp ; &nbsp ; &nbsp ; &nbsp ; return&nbsp ; success ; \r \n } \r \n / * * \r \n &nbsp ; * &nbsp ; this&nbsp ; is&nbsp ; a&nbsp ; sample&nbsp ; method \r \n &nbsp ; * / \r \n php_method ( test_hello , &nbsp ; say ) &nbsp ; { \r \n &nbsp ; &nbsp ; &nbsp ; &nbsp ; php_printf ( &quot ; % s&quot ; , &nbsp ; &quot ; hello&nbsp ; world ! &quot ; ) ; \r \n } 20107 23454 19978 65292 20351 29992 zephir 30340 24320 21457 32773 26080 38656 25026 24471 c 35821 35328 65292 22914 26524 20320 26377 20351 29992 32534 35793 22120 65292 25110 32773 php 20869 37096 30340 26500 36896 65292 25110 32773 c 35821 35328 26412 36523 30340 32463 39564 65292   22312 20351 29992 zephir 30340 26102 20505 20320 23558 20250 24863 21040 26356 21152 30340 28165 26224 12290 zephir 21021 35797 22312 25509 19979 26469 30340 20363 23376 20013 65292 25105 20204 23558 20250 23613 35814 32454 30340 25551 36848 65292 20197 20415 20320 30693 36947 26159 24590 20040 22238 20107 12290   25105 20204 30340 30446 26631 26159 35753 20320 24863 35273 19968 19979 21040 24213 zephir 26159 24590 20040 26679 30340 19968 20010 19996 35199 12290   38543 20415 25105 20204 23558 20250 35814 32454 30340 25506 32034 zephir 30340 26032 29305 24615 12290 19979 38754 30340 20363 23376 24456 31616 21333 65292 23427 25552 20379 19968 20010 31867 21644 19968 20010 20989 25968 65292 26816 27979 19968 20010 25968 32452 30340 31867 22411 35753 25105 20204 35748 30495 30340 26816 26597 19979 38754 30340 20195 30721 65292 24320 22987 35748 30495 30340 30340 23398 20064 zephir.   36825 20960 34892 20195 30721 21253 25324 20102 24456 22810 35814 32454 30340 19996 35199 65292 25105 20204 23558 20250 24930 24930 30340 35299 37322 65306 namespace&nbsp ; test ; \r \n / * * \r \n &nbsp ; * &nbsp ; mytest&nbsp ; ( test/mytest.zep ) \r \n &nbsp ; * / \r \n class&nbsp ; mytest { \r \n &nbsp ; &nbsp ; &nbsp ; &nbsp ; public&nbsp ; function&nbsp ; somemethod ( ) \r \n &nbsp ; &nbsp ; &nbsp ; &nbsp ; { \r \n &nbsp ; &nbsp ; &nbsp ; &nbsp ; &nbsp ; &nbsp ; &nbsp ; &nbsp ; / * &nbsp ; variables&nbsp ; must&nbsp ; be&nbsp ; declared&nbsp ; * / \r \n &nbsp ; &nbsp ; &nbsp ; &nbsp ; &nbsp ; &nbsp ; &nbsp ; &nbsp ; var&nbsp ; myarray ; \r \n &nbsp ; &nbsp ; &nbsp ; &nbsp ; &nbsp ; &nbsp ; &nbsp ; &nbsp ; int&nbsp ; i&nbsp ; = &nbsp ; 0 , &nbsp ; length ; \r \n \r \n &nbsp ; &nbsp ; &nbsp ; &nbsp ; &nbsp ; &nbsp ; &nbsp ; &nbsp ; / * &nbsp ; create&nbsp ; an&nbsp ; array&nbsp ; * / \r \n &nbsp ; &nbsp ; &nbsp ; &nbsp ; &nbsp ; &nbsp ; &nbsp ; &nbsp ; let&nbsp ; myarray&nbsp ; = &nbsp ; [ &quot ; hello&quot ; , &nbsp ; 0 , &nbsp ; 100.25 , &nbsp ; false , &nbsp ; null ] ; \r \n \r \n &nbsp ; &nbsp ; &nbsp ; &nbsp ; &nbsp ; &nbsp ; &nbsp ; &nbsp ; / * &nbsp ; count&nbsp ; the&nbsp ; array&nbsp ; into&nbsp ; a&nbsp ; & # 39 ; int& # 39 ; &nbsp ; variable&nbsp ; * / \r \n &nbsp ; &nbsp ; &nbsp ; &nbsp ; &nbsp ; &nbsp ; &nbsp ; &nbsp ; let&nbsp ; length&nbsp ; = &nbsp ; count ( myarray ) ; \r \n \r \n &nbsp ; &nbsp ; &nbsp ; &nbsp ; &nbsp ; &nbsp ; &nbsp ; &nbsp ; / * &nbsp ; print&nbsp ; value&nbsp ; types&nbsp ; * / \r \n &nbsp ; &nbsp ; &nbsp ; &nbsp ; &nbsp ; &nbsp ; &nbsp ; &nbsp ; while&nbsp ; i&nbsp ; &lt ; &nbsp ; length&nbsp ; { \r \n &nbsp ; &nbsp ; &nbsp ; &nbsp ; &nbsp ; &nbsp ; &nbsp ; &nbsp ; &nbsp ; &nbsp ; &nbsp ; &nbsp ; echo&nbsp ; typeof&nbsp ; myarray [ i ] , &nbsp ; &quot ; \\ n&quot ; ; \r \n &nbsp ; &nbsp ; &nbsp ; &nbsp ; &nbsp ; &nbsp ; &nbsp ; &nbsp ; &nbsp ; &nbsp ; &nbsp ; &nbsp ; let&nbsp ; i + + ; \r \n &nbsp ; &nbsp ; &nbsp ; &nbsp ; &nbsp ; &nbsp ; &nbsp ; &nbsp ; } \r \n \r \n &nbsp ; &nbsp ; &nbsp ; &nbsp ; &nbsp ; &nbsp ; &nbsp ; &nbsp ; return&nbsp ; myarray ; \r \n &nbsp ; &nbsp ; &nbsp ; &nbsp ; } \r \n } 22312 20989 25968 20013 65292 31532 19968 34892 20351 29992 20102 & # 39 ; var& # 39 ;   21644   & # 39 ; int& # 39 ;   20851 38190 35789 26469 22768 26126 19968 20010 20989 25968 20869 30340 31169 26377 21464 37327 12290   22312 20989 25968 20013 30340 27599 19968 20010 21464 37327 24517 39035 20107 20808 22768 26126 23427 20204 33258 24049 30340 31867 22411 12290 36825 20123 22768 26126 24182 19981 26159 38543 24847 30340 65292 23427 24110 21161 32534 35793 22120 26469 25253 21578 32473 20320 20851 20110   38169 35823 30340 21464 37327 65292 25110 32773 21464 37327 30340 20351 29992 26159 21542 36229 20986 30340 23427 30340 33539 22260 65292 36890 24120 23427 20250 22312 26368 21518 25243 20986 38169 35823 12290 21160 24577 30340 21464 37327 24517 39035 20197 20851 38190 35789 & # 39 ; var& # 39 ; 26469 22768 26126 12290 36825 20123 21464 37327 21487 20197 34987 25351 23450 25110 20877 25351 23450 25104 19981 21516 30340 21464 37327 31867 22411 12290   21478 19968 26041 38754 65292 & # 39 ; i& # 39 ;   and   & # 39 ; length& # 39 ; 20351 29992 20102 25972 25968 30340 38745 24577 21464 37327 65292 22312 25191 34892 31243 24207 30340 36807 31243 20013 65292 23427 21482 33021 25913 21464 20540 65292 32780 19981 33021 25913 21464 21464 37327 30340 31867 22411 12290 19982 php 19981 21516 30340 26159 65292 20320 19981 29992 22312 21464 37327 30340 21069 38754 21152 19978 ( $ ) 31526 21495 12290 zephir 30340 27880 37322 21644 java ,   c # ,   c + + 31561 31561 19968 20123 35821 35328 30340 19968 26679 12290 20363 22914 65306 &nbsp ; a   //comment   goes   to   the   end   of   a   line ,   while   a   / *   comment   * /   can   cross   line   boundaries. 40664 35748 30340 65292 21464 37327 26159 19981 21464 30340 65292 24847 24605 26159 35828 zephir 26399 26395 22823 37096 20998 30340 21464 37327 20445 25345 19981 21464 12290   21464 37327 20445 25345 23427 20204 21407 22987 30340 20540 19981 21464 21487 20197 20248 21270 25104 38745 24577 24120 37327 12290   22914 26524 38656 35201 25913 21464 21464 37327 30340 20540 65292 35831 20351 29992 20851 38190 35789 & # 39 ; let& # 39 ; 65306 / * &nbsp ; 24314 31435 19968 20010 25968 32452 &nbsp ; * / \r \n let&nbsp ; myarray&nbsp ; = &nbsp ; [ &quot ; hello&quot ; , &nbsp ; 0 , &nbsp ; 100.25 , &nbsp ; false , &nbsp ; null ] ; 40664 35748 30340 65292 25968 32452 26159 19968 31181 35937 php 19968 26679 30340 21160 24577 21464 37327 65292 23427 21253 21547 20102 35768 22810 19981 21516 31867 22411 30340 20540 12290   20196 20154 21507 24778 30340 26159 65292 php 20869 37096 30340 20989 25968 21487 20197 22312 zephir 20013 20351 29992 65292 22312 19979 38754 30340 20363 23376 20013 65292 & # 39 ; count& # 39 ;   20989 25968 34987 20351 29992 20102 65292   32534 36753 22120 21487 20197 20197 26368 20339 30340 29366 24577 26469 25191 34892 65292 22240 20026 23427 24050 32463 30693 36947 20102 25968 32452 30340 38271 24230 20102 12290 / * &nbsp ; 35745 31639 20986 25968 32452 30340 22823 23567 &nbsp ; * / \r \n let&nbsp ; length&nbsp ; = &nbsp ; count ( myarray ) ; 21516 26679 30340 65292 25105 20204 21487 20197 20351 29992 33457 25324 21495 26469 25511 21046 31243 24207 30340 27969 31243 .while&nbsp ; i&nbsp ; &lt ; &nbsp ; length&nbsp ; { \r \n &nbsp ; &nbsp ; &nbsp ; &nbsp ; echo&nbsp ; typeof&nbsp ; myarray [ i ] , &nbsp ; &quot ; \\ n&quot ; ; \r \n &nbsp ; &nbsp ; &nbsp ; &nbsp ; let&nbsp ; i + + ; \r \n } php 30340 21464 37327 24635 26159 21160 24577 30340 65292 20989 25968 24635 26159 36820 22238 30340 26159 21487 21464 30340 21160 24577 21464 37327 65292 36825 23601 24847 21619 30528 22914 26524 19968 20010 38745 24577 21464 37327 22312 zphir 20013 34987 36820 22238 20102 65292 22312 php 30340 35843 29992 20013   20320 24471 21040 30340 21364 26159 19968 20010 21160 24577 21464 37327 12290 35831 27880 24847 65292 20869 23384 26159 22312 32534 35793 22120 20013 33258 21160 31649 29702 30340 65292 25152 20197 20320 27809 26377 24517 35201 20687 c 35821 35328 19968 26679 21435 20998 37197 21644 37322 25918 20869 23384 12290 36825 21644 php 26159   24456 30456 20284 30340 12290 ', '1427100731', '1427198506');
INSERT INTO `bk_search_index` VALUES ('25', '56', ' [ zephir 23448 26041 25991 26723 32763 35793 20043 20108 ]   20026 20160 20040 36873 25321   zephir? ', ' 30446 21069 30340 php 24212 29992 24517 39035 20351 29992 24471 31283 23450 24615 12289 24615 33021 12289 21644 21151 33021 24615 20445 25345 24179 34913 12290   27599 19968 20010 php 24212 29992 26159 24314 31435 22312 22823 37327 30340 36890 29992 32452 20214 19978 30340 65292 32780 36825 20123 32452 20214 21448 22522 20110 22823 37327 30340 20854 23427 24212 29992 12290 \r \n \r \n 36825 20123 36890 29992 30340 32452 20214 21487 33021 26159 19968 20010 31867 / 26694 26550 65292 25110 32773 26159 23427 20204 30340 32467 21512 12290 19968 20294 23427 20204 34987 23433 35013 65292 26694 26550 24456 23569 20250 25913 21464 12290   20316 20026 19968 20010 24212 29992 30340 22522 30784 65292 23427 20204 24517 39035 20445 25345 24456 39640 30340 21151 33021 24615 65292 21516 26102 20063 35201 20445 25345 36895 24230 20248 21183 12290 \r \n \r \n 24555 36895 24378 22823 30340 31867 24211 20250 21464 24471 24456 38590 25026 65292 36825 26159 30001 20110 23427 20204 26159 39640 24230 25277 35937 30340 23454 29616 30340 12290 32771 34385 21040 36825 20123 22522 26412 30340 31867 24211 21644 26694 26550 24456 23569 20250 25913 21464 65292   36825 23601 20026 32534 20889 19968 20010 21487 20197 25552 39640 24615 33021 21644 33410 30465 35745 31639 26426 36164 28304 30340 25193 23637 25552 20379 20102 19968 20010 26426 20250 12290 \r \n \r \n 36890 36807 zephir 65292 20320 21487 20197 23454 29616 38754 21521 23545 35937 30340 / 26694 26550 / 24212 29992 65292 24182 20351 20320 30340 php 31243 24207 25552 39640 21040 19968 20010 39640 30340 23618 27425 65292 35753 20320 30340 24212 29992 26356 24555 65292 21516 26102 25913 21892 29992 25143 30340 20307 39564 12290 ', ' 20026 20160 20040 36873 25321   zephir? 30446 21069 30340 php 24212 29992 24517 39035 20351 29992 24471 31283 23450 24615 12289 24615 33021 12289 21644 21151 33021 24615 20445 25345 24179 34913 12290   27599 19968 20010 php 24212 29992 26159 24314 31435 22312 22823 37327 30340 36890 29992 32452 20214 19978 30340 65292 32780 36825 20123 32452 20214 21448 22522 20110 22823 37327 30340 20854 23427 24212 29992 12290 36825 20123 36890 29992 30340 32452 20214 21487 33021 26159 19968 20010 31867 / 26694 26550 65292 25110 32773 26159 23427 20204 30340 32467 21512 12290 19968 20294 23427 20204 34987 23433 35013 65292 26694 26550 24456 23569 20250 25913 21464 12290   20316 20026 19968 20010 24212 29992 30340 22522 30784 65292 23427 20204 24517 39035 20445 25345 24456 39640 30340 21151 33021 24615 65292 21516 26102 20063 35201 20445 25345 36895 24230 20248 21183 12290 24555 36895 24378 22823 30340 31867 24211 20250 21464 24471 24456 38590 25026 65292 36825 26159 30001 20110 23427 20204 26159 39640 24230 25277 35937 30340 23454 29616 30340 12290 32771 34385 21040 36825 20123 22522 26412 30340 31867 24211 21644 26694 26550 24456 23569 20250 25913 21464 65292   36825 23601 20026 32534 20889 19968 20010 21487 20197 25552 39640 24615 33021 21644 33410 30465 35745 31639 26426 36164 28304 30340 25193 23637 25552 20379 20102 19968 20010 26426 20250 12290 36890 36807 zephir 65292 20320 21487 20197 23454 29616 38754 21521 23545 35937 30340 / 26694 26550 / 24212 29992 65292 24182 20351 20320 30340 php 31243 24207 25552 39640 21040 19968 20010 39640 30340 23618 27425 65292 35753 20320 30340 24212 29992 26356 24555 65292 21516 26102 25913 21892 29992 25143 30340 20307 39564 12290 22914 26524 20320 26159 19968 20010 php 31243 24207 21592 ...php 26159 20247 22810 27969 34892 30340 32593 31449 24212 29992 24320 21457 35821 35328 20043 19968 12290   20687 php 36825 31181 21160 24577 35299 26512 35821 35328 65292 22240 20026 23427 30340 28789 27963 24615 65292 20026 24212 29992 24320 21457 25552 20379 20102 24456 39640 30340 29983 20135 21147 12290 20174 4.x 21040 5.x 29256 26412 65292 php 24320 22987 22522 20110 zend 24341 25806 23454 29616 12290 zend 24341 25806 20854 23454 26159 19968 20010 29992 26469 25191 34892 php 20195 30721 30340 23383 33410 30721 23454 29616 30340 34394 25311 26426 12290   zend 24341 25806 20960 20046 20986 29616 22312 27599 19968 20010 23433 35013 php 30340 26426 22120 19978 65292 32780 36890 36807 zephir 65292 20320 21487 20197 24314 31435 36816 34892 22312 zend 24341 25806 30340 php 25193 23637 12290 zephir 26159 36890 36807 php 24310 30003 20986 26469 30340 65292 25152 20197 23427 20204 26377 24456 22810 30340 30456 20284 28857 12290 20294 26159 23427 20204 30340 37325 35201 30340 19981 21516 28857 22312 20110 zephir 23427 33258 24049 25152 25317 26377 30340 29305 28857 12290   27604 22914 35828 65306 zephir 26356 21152 30340 20005 26684 65292 30456 23545 php 32534 35793 26469 35828 65292 23427 38656 35201 26356 23569 30340 36164 28304 12290 22914 26524 20320 26159 19968 20010 c 31243 24207 21592 ...c 26159 19968 31181 24378 22823 32780 27969 34892 30340 24320 21457 35821 35328 12290 20107 23454 19978 65292 php 35821 35328 23601 26159 c 25152 32534 20889 30340 12290 36825 23601 26159 20026 20160 20040 php 30340 25193 23637 21487 20197 20351 29992 c 35821 35328 26469 24320 21457 30340 21407 22240 20043 19968 12290   c 35821 35328 21487 20197 33258 30001 30340 31649 29702 20869 23384 65292 20351 29992 24213 23618 30340 31867 22411 65292 29978 33267 21487 20197 20869 23884 27719 32534 35821 35328 12290 20294 26159 30456 23545 php 21644 zephir 26469 35828 65292 24320 21457 19968 20010 22823 30340 24212 29992 65292 20351 29992 c 35821 35328 20250 33457 36153 26356 22810 30340 26102 38388 12290 32780 19988 22914 26524 20320 19981 26159 38750 24120 31934 36890 c 35821 35328 65292 19968 20123 31243 24207 38169 35823 20250 24456 38590 21457 29616 12290 zephir 35821 35328 34987 35774 35745 25104 23433 20840 30340 65292 25152 20197 23427 24182 19981 25903 25345 25351 38024 21644 20869 23384 31649 29702 65292 25152 20197 22914 26524 20320 26159 19968 20010 c 31243 24207 21592 65292 20063 35768 20320 20250 24863 35273 zephir 21151 33021 27809 26377 c 37027 20040 24378 22823 65292 20294 26159   zephir 35201 27604 c 26356 21152 30340 20154 24615 21270 12290 32534 35793 21644 35299 26512 21738 31181 26356 22909 32534 35793 36890 24120 20250 20943 32531 24320 21457 30340 36827 24230 12290 20320 38656 35201 26356 32784 24515 30340 31561 24453 31243 24207 30340 32534 35793 65292 20043 21518 20320 25165 21487 20197 25191 34892 23427 12290 21478 19968 26041 38754 65292 35299 26512 22411 35821 35328 20250 29306 29298 19968 28857 24615 33021 26469 33719 24471   26356 22823 30340 29983 20135 21147 12290 22312 19968 20123 24212 29992 20013 65292 19981 35770 26159 32534 35793 22411 35821 35328 36824 26159 35299 26512 22411 35821 35328 65292 22312 36895 24230 19978 30456 24046 30340 19981 20250 22826 22810 12290 zephir 26159 38656 35201 39044 20808 32534 35793 30340 65292 20294 26159 21151 33021 30340 23454 29616 26159 22522 20110 php 26469 23454 29616 30340 12290 19968 20294 20195 30721 34987 32534 35793 25104 21151 65292 25191 34892 30340 26102 38388 23601 26080 38656 20877 27425 32534 35793 65292 20294 26159 35299 26512 22411 35821 35328 21017 19981 21516 65292 23427 20250 22312 27599 19968 27425 35831 27714 30340 26102 20505 37325 26032 35299 26512 19968 27425 12290   24320 21457 32773 21487 20197 33258 30001 30340 20915 23450 20320 30340 24212 29992 20013 21738 19968 37096 20221 38656 35201 29992 zephir 26469 22788 29702 65292 21738 19968 37096 20998 19981 38656 35201 12290 38745 24577 31867 22411 23545 27604 38745 24577 31867 22411 35821 35328 65288 24378 31867 22411 35821 35328 23545 27604 24369 31867 22411 35821 35328 65289 19968 33324 26469 35828 65292 22312 38745 24577 31867 22411 35821 35328 20013 65292 19968 20010 21464 37327 19968 23450 35201 39044 20808 22768 26126 23427 30340 21464 37327 31867 22411 12290 32780 19988 23427 30340 31867 22411 19981 33021 35813 21464 65292 21482 20801 35768 31867 22411 24341 29992 21644 25805 20316 12290   20687 c/c + + 26469 35828 65306 int&nbsp ; a&nbsp ; = &nbsp ; 0 ; a&nbsp ; = &nbsp ; &quot ; hello&quot ; ; &nbsp ; //&nbsp ; 19981 20801 35768 23545 20110 21160 24577 35821 35328 26469 35828 65292 21464 37327 30340 31867 22411 26159 21644 21464 37327 30340 20540 32465 23450 30340 65292 24182 19981 26159 21464 37327 26412 36523 12290 25152 20197 24403 21464 37327 30340 20540 30340 31867 22411 35813 21464 30340 26102 20505 65292 21464 37327 30340 31867 22411 20063 20250   26681 30528 35813 21464 12290 20687 javascript/php 26469 35828 65306 var&nbsp ; a&nbsp ; = &nbsp ; 0 ; a&nbsp ; = &nbsp ; &quot ; hello&quot ; ; &nbsp ; //&nbsp ; 21487 20197 36825 26679 20351 29992 23613 31649 21160 24577 35299 26512 35821 35328 26377 29983 20135 24551 21183 65292 20294 26159 23427 24182 19981 26159 25152 26377 24212 29992 30340 26368 20339 36873 25321 65292 29305 21035 26159 19968 20123 22823 25968 37327 32423 30340 20195 30721 21644 24615 33021 30340 24212 29992 12290 20248 21270 21160 24577 35821 35328 65292 27604 22914 php 65292 20250 27604 38745 24577 35821 35328 65292 27604 22914 c 26469 35828 20250 26356 20855 25361 25112 24615 12290   23545 20110 38745 24577 35821 35328 26469 35828 65292 20248 21270 21487 20197 26681 25454 31867 22411 30340 20449 24687 26469 20570 20915 23450 12290 32780 23545 20110 21160 24577 35821 35328 26469 35828 65292 20250 26356 23569 30340 20123 31867 20449 24687 26469 20570 20248 21270 65292 36825 23601 20351 24471 21160 24577 35821 35328 30340 20248 21270 26356 21152 30340 22256 38590 12290 28982 23572 36817 26469 25105 20204 30475 21040 20102 20248 21270 21160 24577 35821 35328 30340 36827 23637 65288 20687 jit 32534 35793 65289 65292 20294 26159 30456 23545 38745 24577 35821 35328 26469 35828 23427 36824 26159 22788 20110 21155 21183 12290 25152 20197 65292 22914 26524 20320   38656 35201 19968 20010 39640 24615 33021 30340 24037 20855 65292 38745 24577 35821 35328 21487 33021 26356 20026 30340 23433 20840 21487 38752 12290 21478 19968 20010 23567 30340 20248 21183 65292 38745 24577 35821 35328 20250 39069 22806 30340 26816 27979 20195 30721 32534 35793 30340 36807 31243 12290 32534 35793 22120 19981 20250 21457 29616 36923 36753 38169 35823 65292 20294 26159 26356 37325 35201 30340 26159 32534 35793 22120 21487 20197 39044 20808 30340 30693 36947   31243 24207 30340 38169 35823 12290 32780 23545 20110 21160 24577 35299 26512 35821 35328 26469 35828 65292 21482 26377 22312 25191 34892 30340 26102 20505 25165 20250 21457 29616 38169 35823 12290 zephir 26082 26159 38745 24577 35821 35328 20063 26159 21160 24577 35821 35328 65292 20320 21487 20197 24456 26041 20415 30340 20351 29992 20004 32773 35821 35328 30340 20248 21183 12290 32534 35793 26041 26696 zephir 25552 20379 21407 20195 30721 30340 29983 25104 65288 30446 21069 20250 32534 35793 25104 c 35821 35328 65289 65292 20687 gcc/clang/vc + + 32534 35793 22120 20248 21270 20195 30721 24182 32534 35793 25104 26426 22120 20195 30721 65292 19979 38754 30340 19968 24352 22270 29255   28436 31034 20102 22788 29702 30340 36807 31243 65306 zephir 38500 20102 25552 20379 36825 20010 22806 65292 22312 22788 29702 30340 36807 31243 20013 65292 32534 35793 22120 36824 20250 23454 26045 22823 37327 30340 20248 21270 26469 25552 39640 24212 29992 30340 24615 33021 12290 gcc   optimizationsllvm   passesvisual   c/c + +   optimizations 20195 30721 20445 25252 22312 19968 20123 24773 20917 19979 65292 32534 35793 22120 24182 19981 20250 25552 39640 24212 29992 30340 24615 33021 65292 36825 21487 33021 26159 30001 20110 24212 29992 30340 29942 39048 26159 i/o 35745 31639 22823 20110 20869 23384 35745 31639 12290   20294 26159 32534 35793 20195 30721 21487 20197 36215 21040 23545 20195 30721 30340 19968 31181 20445 25252 20316 29992 12290 36890 36807 zephir 65292 20445 25252 26412 22320 30340 25991 20214 65292 20320 23436 20840 26377 33021 21147 21435 20445 25252 20320 30340 20195 30721 65292 24182   25226 23427 20204 24102 32473 20320 30340 29992 25143 21644 23458 25143 12290 32467 35770 zephir 24182 19981 26159 20026 20102 20195 26367 php 25110 c 20135 29983 30340 65292 32780 26159 34917 20805 23427 20204 30340 19981 36275 65292 23427 20801 35768 24320 21457 32773 23581 35797 32534 35793 21644 24320 21457 38745 24577 35821 35328 12290   zephir 26159 23545 php 21644 c 35821 35328 30340 19968 20123 20248 31168 30340 19968 20123 19996 35199 30340 34701 21512 30340 19968 28857 23581 35797 65292 20174 32780 20196 24471 20154 30340 24212 29992 26356 21152 30340 24555 36895 12290 ', '1427100739', '1427198518');
INSERT INTO `bk_search_index` VALUES ('26', '57', ' [ zephir 23448 26041 25991 26723 32763 35793 20043 19968 ]   27426 36814 26469 21040 zephir 65281 ', ' zephir   26159 19968 20010 24320 28304 30340 65292 21487 20197 29992 39640 32423 35821 35328 23433 20840 24555 36895 22320 32534 20889   php   30340   c   25193 23637 12290 ', ' 26368 26032 26356 26032 35831 30041 24847 25105 30340 github:&nbsp ; https://github.com/pfdtk/zephir-docs/tree/master/zh_cn 27426 36814 26469 21040 zephir 65281 zephir   26159 19968 20010 24320 28304 30340 65292 21487 20197 29992 39640 32423 35821 35328 23433 20840 24555 36895 22320 32534 20889   php   30340   c   25193 23637 12290 zephir 29305 28857 zephir 30340 20027 35201 29305 28857 26377 :type   systemdynamic/staticmemory   safetypointers   or   direct   memory   management   aren& # 39 ; t   allowedcompilation   modelahead   of   timememory   modeltask-local   garbage   collection 29275 20992 23567 35797 19979 38754 30340 31867 20013 30340 20989 25968 alpha 36807 28388 19968 27573 23383 31526 20018 65292 24182 36820 22238 23383 27597 23383 31526 :namespace&nbsp ; mylibrary ; \r \n / * * \r \n &nbsp ; * &nbsp ; filter \r \n &nbsp ; * / \r \n class&nbsp ; filter { \r \n &nbsp ; &nbsp ; &nbsp ; &nbsp ; / * * \r \n &nbsp ; &nbsp ; &nbsp ; &nbsp ; &nbsp ; * &nbsp ; 36807 28388 19968 27573 23383 31526 20018 65292 24182 36820 22238 23383 27597 23383 31526 \r \n &nbsp ; &nbsp ; &nbsp ; &nbsp ; &nbsp ; * \r \n &nbsp ; &nbsp ; &nbsp ; &nbsp ; &nbsp ; * &nbsp ; @ param&nbsp ; string&nbsp ; str \r \n &nbsp ; &nbsp ; &nbsp ; &nbsp ; &nbsp ; * / \r \n &nbsp ; &nbsp ; &nbsp ; &nbsp ; public&nbsp ; function&nbsp ; alpha ( string&nbsp ; str ) \r \n &nbsp ; &nbsp ; &nbsp ; &nbsp ; { \r \n &nbsp ; &nbsp ; &nbsp ; &nbsp ; &nbsp ; &nbsp ; &nbsp ; &nbsp ; char&nbsp ; ch ; &nbsp ; string&nbsp ; filtered&nbsp ; = &nbsp ; &quot ; &quot ; ; \r \n \r \n &nbsp ; &nbsp ; &nbsp ; &nbsp ; &nbsp ; &nbsp ; &nbsp ; &nbsp ; for&nbsp ; ch&nbsp ; in&nbsp ; str&nbsp ; { \r \n &nbsp ; &nbsp ; &nbsp ; &nbsp ; &nbsp ; &nbsp ; &nbsp ; &nbsp ; &nbsp ; &nbsp ; &nbsp ; if&nbsp ; ( ch&nbsp ; &gt ; = &nbsp ; & # 39 ; a& # 39 ; &nbsp ; &amp ; &amp ; &nbsp ; ch&nbsp ; &lt ; = &nbsp ; & # 39 ; z& # 39 ; ) &nbsp ; | | &nbsp ; ( ch&nbsp ; &gt ; = &nbsp ; & # 39 ; a& # 39 ; &nbsp ; &amp ; &amp ; &nbsp ; ch&nbsp ; &lt ; = &nbsp ; & # 39 ; z& # 39 ; ) &nbsp ; { \r \n &nbsp ; &nbsp ; &nbsp ; &nbsp ; &nbsp ; &nbsp ; &nbsp ; &nbsp ; &nbsp ; &nbsp ; &nbsp ; &nbsp ; &nbsp ; &nbsp ; let&nbsp ; filtered&nbsp ; . = &nbsp ; ch ; \r \n &nbsp ; &nbsp ; &nbsp ; &nbsp ; &nbsp ; &nbsp ; &nbsp ; &nbsp ; &nbsp ; &nbsp ; &nbsp ; } \r \n &nbsp ; &nbsp ; &nbsp ; &nbsp ; &nbsp ; &nbsp ; &nbsp ; &nbsp ; } \r \n \r \n &nbsp ; &nbsp ; &nbsp ; &nbsp ; &nbsp ; &nbsp ; &nbsp ; &nbsp ; return&nbsp ; filtered ; \r \n &nbsp ; &nbsp ; &nbsp ; &nbsp ; } \r \n } 19968 20294 19978 38754 30340 20195 30721 32534 35793 25104 25193 23637 21518 65292 22312 php 20013 21487 20197 36825 26679 20351 29992 :&lt ; ?php \r \n $ filter&nbsp ; = &nbsp ; new&nbsp ; mylibrary \\ filter ( ) ; \r \n echo&nbsp ; $ filter-&gt ; alpha ( &quot ; hello&quot ; ) ; &nbsp ; //&nbsp ; 36755 20986 &nbsp ; hello ', '1427100747', '1427198529');
INSERT INTO `bk_search_index` VALUES ('27', '58', ' [ php 25193 23637 23433 35013 ] 20026 php 23433 35013 redis 25193 23637 ', ' 31616 21333 30340 37096 22863 20171 32461 php 25193 23637 redis 30340 23433 35013 12290 ', ' 1 12289 phpredis 19979 36733 22320 22336 65306 http://pecl.php.net/package/redis [ jhj @ localhost&nbsp ; solf ] $ &nbsp ; wget&nbsp ; http://pecl.php.net/get/redis-2.2.5.tgz2 12289 35299 21387 23433 35013 65292 23433 35013 26041 27861 22312   https://github.com/nicolasff/phpredis/ # installation [ jhj @ localhost&nbsp ; solf ] $ &nbsp ; tar&nbsp ; xzf&nbsp ; redis-2.2.5.tgz \r \n [ jhj @ localhost&nbsp ; solf ] $ &nbsp ; cd&nbsp ; redis-2.2. 29983 25104 configure 37197 32622 25991 20214 [ jhj @ localhost&nbsp ; redis-2.2.5 ] $ &nbsp ; /usr/local/php/bin/phpize&nbsp ; \r \n configuring&nbsp ; for: \r \n php&nbsp ; api&nbsp ; version:&nbsp ; &nbsp ; &nbsp ; &nbsp ; &nbsp ; &nbsp ; &nbsp ; &nbsp ; &nbsp ; 20090626 \r \n zend&nbsp ; module&nbsp ; api&nbsp ; no:&nbsp ; &nbsp ; &nbsp ; &nbsp ; &nbsp ; &nbsp ; 20090626 \r \n zend&nbsp ; extension&nbsp ; api&nbsp ; no:&nbsp ; &nbsp ; &nbsp ; 220090626 [ jhj @ localhost&nbsp ; redis-2.2.5 ] $ &nbsp ; ./configure&nbsp ; --with-php-config = /usr/local/php/bin/php-config \r \n [ jhj @ localhost&nbsp ; redis-2.2.5 ] $ &nbsp ; make \r \n [ jhj @ localhost&nbsp ; redis-2.2.5 ] $ &nbsp ; make&nbsp ; install \r \n installing&nbsp ; shared&nbsp ; extensions:&nbsp ; &nbsp ; &nbsp ; &nbsp ; &nbsp ; /usr/local/php/lib/php/extensions/no-debug-non-zts-20090626/ \r \n cp:&nbsp ; cannot&nbsp ; create&nbsp ; regular&nbsp ; file&nbsp ; ` /usr/local/php/lib/php/extensions/no-debug-non-zts-20090626/ # inst @ 6338 # & # 39 ; :&nbsp ; permission&nbsp ; denied \r \n make:&nbsp ; * * * &nbsp ; [ install-modules ] &nbsp ; error&nbsp ; 1 \r \n [ jhj @ localhost&nbsp ; redis-2.2.5 ] $ &nbsp ; su \r \n password:&nbsp ; \r \n [ root @ localhost&nbsp ; redis-2.2.5 ] # &nbsp ; make&nbsp ; install3 12289 37197 32622 php 21152 36733 25193 23637 extension = redis.so4 12289 26597 30475 phpinforedisredis   supportenabledredis   version2.2.5 ', '1427100756', '1427198609');
INSERT INTO `bk_search_index` VALUES ('28', '59', ' [ php 25193 23637 23433 35013 ] 20026 php 23433 35013 memcached 25193 23637 ', ' 31616 21333 30340 27493 39588 65292 20026 php 23433 35013 memcached 25193 23637 12290 ', ' 1 12289 19979 36733 libmemcached 24211   22320 22336 22312 https://code.launchpad.net/libmemcachedwget&nbsp ; https://launchpad.net/libmemcached/1.0/1.0.18/ + download/libmemcached-1.0.18.tar.gz2 12289 19979 36733 php   memcached 25193 23637 65292 22320 22336 22312 http://pecl.php.net/package/memcachedwget&nbsp ; http://pecl.php.net/get/memcached-2.2.0.tgz3 12289 35299 21387 [ root @ localhost&nbsp ; solf ] # &nbsp ; tar&nbsp ; xzf&nbsp ; libmemcached-1.0.18.tar.gz&nbsp ; \r \n [ root @ localhost&nbsp ; solf ] # &nbsp ; tar&nbsp ; xzf&nbsp ; memcached-2.2.0.tgz4 12289 23433 35013 libmemcached [ root @ localhost&nbsp ; libmemcached-1.0.18 ] # &nbsp ; ./configure&nbsp ; --prefix = /usr/local/libmemcached&nbsp ; --with-memcached [ root @ localhost&nbsp ; libmemcached-1.0.18 ] # &nbsp ; make&nbsp ; &amp ; &amp ; &nbsp ; make&nbsp ; install5 12289 23433 35013 phpmemcached 25193 23637 36816 34892 phpize 21629 20196 29983 25104 configure 37197 32622 25991 20214 [ root @ localhost&nbsp ; memcached-2.2.0 ] # &nbsp ; /usr/local/php/bin/phpize&nbsp ; \r \n configuring&nbsp ; for: \r \n php&nbsp ; api&nbsp ; version:&nbsp ; &nbsp ; &nbsp ; &nbsp ; &nbsp ; &nbsp ; &nbsp ; &nbsp ; &nbsp ; 20090626 \r \n zend&nbsp ; module&nbsp ; api&nbsp ; no:&nbsp ; &nbsp ; &nbsp ; &nbsp ; &nbsp ; &nbsp ; 20090626 \r \n zend&nbsp ; extension&nbsp ; api&nbsp ; no:&nbsp ; &nbsp ; &nbsp ; 220090626 23433 35013 65292 22240 20026 26426 23376 19978 21487 33021 27809 26377 sasl 65292 36825 37324 26242 26102 19981 21551 29992 65292 21152 19978 21442 25968 --disable-memcached-sasl 65292 21542 21017 --enable-sasl [ root @ localhost&nbsp ; memcached-2.2.0 ] # &nbsp ; ./configure&nbsp ; --with-php-config = /usr/local/php/bin/php-config&nbsp ; --disable-memcached-saslmake&nbsp ; &amp ; &amp ; &nbsp ; make&nbsp ; install 21040 20123 23433 35013 23436 25104 6 12289 37197 32622 php 65292 21152 36733 memcahed 25193 23637 extension = memcached.so7 12289 37325 21551 httpd [ root @ localhost&nbsp ; no-debug-non-zts-20090626 ] # &nbsp ; service&nbsp ; httpd&nbsp ; restart \r \n stopping&nbsp ; httpd:&nbsp ; &nbsp ; &nbsp ; &nbsp ; &nbsp ; &nbsp ; &nbsp ; &nbsp ; &nbsp ; &nbsp ; &nbsp ; &nbsp ; &nbsp ; &nbsp ; &nbsp ; &nbsp ; &nbsp ; &nbsp ; &nbsp ; &nbsp ; &nbsp ; &nbsp ; &nbsp ; &nbsp ; &nbsp ; &nbsp ; &nbsp ; &nbsp ; &nbsp ; &nbsp ; &nbsp ; &nbsp ; &nbsp ; &nbsp ; &nbsp ; &nbsp ; &nbsp ; &nbsp ; &nbsp ; &nbsp ; &nbsp ; &nbsp ; &nbsp ; &nbsp ; [ &nbsp ; &nbsp ; ok&nbsp ; &nbsp ; ] \r \n starting&nbsp ; httpd:&nbsp ; &nbsp ; &nbsp ; &nbsp ; &nbsp ; &nbsp ; &nbsp ; &nbsp ; &nbsp ; &nbsp ; &nbsp ; &nbsp ; &nbsp ; &nbsp ; &nbsp ; &nbsp ; &nbsp ; &nbsp ; &nbsp ; &nbsp ; &nbsp ; &nbsp ; &nbsp ; &nbsp ; &nbsp ; &nbsp ; &nbsp ; &nbsp ; &nbsp ; &nbsp ; &nbsp ; &nbsp ; &nbsp ; &nbsp ; &nbsp ; &nbsp ; &nbsp ; &nbsp ; &nbsp ; &nbsp ; &nbsp ; &nbsp ; &nbsp ; &nbsp ; [ &nbsp ; &nbsp ; ok&nbsp ; &nbsp ; ] 8 12289 26597 30475 phpinfomemcachedmemcached   supportenabledversion2.2.0libmemcached   version1.0.18sasl   supportnosession   supportyesigbinary   supportnojson   supportnomsgpack   supportnodirectivelocal   valuemaster   valuememcached.compression_factor1.31.3memcached.compression_threshold20002000memcached.compression_typefastlzfastlzmemcached.serializerphpphpmemcached.sess_binary00memcached.sess_connect_timeout10001000memcached.sess_consistent_hash00memcached.sess_lock_expire00memcached.sess_lock_max_wait00memcached.sess_lock_wait150000150000memcached.sess_locking11memcached.sess_number_of_replicas00memcached.sess_prefixmemc.sess.key.memc.sess.key.memcached.sess_randomize_replica_read00memcached.sess_remove_failed00memcached.store_retry_count22 ', '1427100764', '1427198592');
INSERT INTO `bk_search_index` VALUES ('29', '60', ' [ centos 36719 20214 23433 35013 ] 23433 35013 memcached ', ' 31616 21333 30340 20171 32461 20102 22914 20309 23433 35013 memcached ', ' 23433 35013 35831 21442 32771 65306 https://code.google.com/p/memcached/wiki/newinstallfromsource 23433 35013 memcached 20043 21069 35831 20808 23433 35013 libevent-develyum&nbsp ; install&nbsp ; libevent-devel 24320 22987 23433 35013 ./configure&nbsp ; --prefix = /usr/local/memcached \r \n make&nbsp ; &amp ; &amp ; &nbsp ; make&nbsp ; install 21551 21160 65306 /usr/local/memcached/bin/memcached&nbsp ; -d&nbsp ; -m&nbsp ; 50&nbsp ; -u&nbsp ; root&nbsp ; -l&nbsp ; 127.0.0.1&nbsp ; -p&nbsp ; 11211telnet 27979 35797 65306 20808 23433 35013 telnet 22914 26524 27809 26377 telnetyum&nbsp ; install&nbsp ; telnet [ root @ localhost&nbsp ; bin ] # &nbsp ; telnet&nbsp ; 127.0.0.1&nbsp ; 11211 \r \n trying&nbsp ; 127.0.0.1... \r \n connected&nbsp ; to&nbsp ; 127.0.0.1. \r \n escape&nbsp ; character&nbsp ; is&nbsp ; & # 39 ; ^ ] & # 39 ; . \r \n set&nbsp ; u&nbsp ; 0&nbsp ; 0&nbsp ; 3 \r \n uuu \r \n stored \r \n get&nbsp ; u \r \n value&nbsp ; u&nbsp ; 0&nbsp ; 3 \r \n uuu \r \n end ', '1427100771', '1427198576');
INSERT INTO `bk_search_index` VALUES ('30', '61', ' [ centos 36719 20214 23433 35013 ] subversion 30340 23433 35013 19982 22810 39033 30446 26435 38480 37197 32622 ', ' 31616 21333 30340 20171 32461 20102 svn 36719 20214 30340 23433 35013 65292 24050 21450 37197 32622 26435 38480 30340 26041 27861 12290 ', ' 1 65306 23433 35013 36807 31243 65292 36825 37324 37319 29992 20102 yum 30340 26041 24335 23433 35013 65292 32534 35793 30340 35805 26377 28857 40635 28902 12290 [ root @ localhost&nbsp ; data ] # &nbsp ; yum&nbsp ; install&nbsp ; subversion 25191 34892 20197 19979 30340 21629 20196 65306 svn&nbsp ; --version 22914 26524 26174 31034 svn , &nbsp ; version&nbsp ; 1.6.11&nbsp ; ( r934486 ) 20043 31867 30340 20449 24687 65292 37027 20040 20195 34920 23433 35013 25104 21151 20102 12290 2 12289 24314 31435 29256 26412 24211 39318 20808 25105 20204 24314 31435 19968 20010 25991 20214 22841 26469 19987 38376 23384 25918 svn 39033 30446 65292 22914 19979 [ root @ localhost&nbsp ; data ] # &nbsp ; mkdir&nbsp ; /data 25105 20204 20351 29992 21629 20196 24314 31435 20004 20010 39033 30446 65306 [ root @ localhost&nbsp ; data ] # &nbsp ; svnadmin&nbsp ; create&nbsp ; /data/onethink \r \n [ root @ localhost&nbsp ; data ] # &nbsp ; svnadmin&nbsp ; create&nbsp ; /data/p2 27492 26102 20250 22312 25991 20214 22841 /data/ 19979 38754 29983 25104 20004 20010 39033 30446 onethink 21644 p2 65292 30446 24405 32467 26500 22914 19979 65306 drwxr-xr-x.&nbsp ; 6&nbsp ; root&nbsp ; root&nbsp ; 4096&nbsp ; may&nbsp ; 23&nbsp ; 22:10&nbsp ; onethink \r \n drwxr-xr-x.&nbsp ; 6&nbsp ; root&nbsp ; root&nbsp ; 4096&nbsp ; may&nbsp ; 24&nbsp ; 01:06&nbsp ; p2 27599 20010 39033 30446 30340 30446 24405 32467 26500 22914 19979 65306 drwxr-xr-x.&nbsp ; 2&nbsp ; root&nbsp ; root&nbsp ; 4096&nbsp ; may&nbsp ; 24&nbsp ; 01:15&nbsp ; conf \r \n drwxr-sr-x.&nbsp ; 6&nbsp ; root&nbsp ; root&nbsp ; 4096&nbsp ; may&nbsp ; 24&nbsp ; 01:24&nbsp ; db \r \n -r--r--r--.&nbsp ; 1&nbsp ; root&nbsp ; root&nbsp ; &nbsp ; &nbsp ; &nbsp ; 2&nbsp ; may&nbsp ; 24&nbsp ; 01:06&nbsp ; format \r \n drwxr-xr-x.&nbsp ; 2&nbsp ; root&nbsp ; root&nbsp ; 4096&nbsp ; may&nbsp ; 24&nbsp ; 01:06&nbsp ; hooks \r \n drwxr-xr-x.&nbsp ; 2&nbsp ; root&nbsp ; root&nbsp ; 4096&nbsp ; may&nbsp ; 24&nbsp ; 01:06&nbsp ; locks \r \n -rw-r--r--.&nbsp ; 1&nbsp ; root&nbsp ; root&nbsp ; &nbsp ; 229&nbsp ; may&nbsp ; 24&nbsp ; 01:06&nbsp ; readme.txt 20854 20013   conf   25991 20214 22841 20013 30340 19977 20010 25991 20214 20026 svn 30340 37197 32622 25991 20214 65292 21253 25324 65306 -rw-r--r--.&nbsp ; 1&nbsp ; root&nbsp ; root&nbsp ; 1093&nbsp ; may&nbsp ; &nbsp ; 7&nbsp ; 06:41&nbsp ; authz \r \n -rw-r--r--.&nbsp ; 1&nbsp ; root&nbsp ; root&nbsp ; &nbsp ; 320&nbsp ; may&nbsp ; &nbsp ; 7&nbsp ; 06:39&nbsp ; passwd \r \n -rw-r--r--.&nbsp ; 1&nbsp ; root&nbsp ; root&nbsp ; 2259&nbsp ; may&nbsp ; &nbsp ; 7&nbsp ; 06:43&nbsp ; svnserve.conf 20854 20013 authz 20026 26435 38480 25991 20214 65292 passwd 20026 29992 25143 39564 35777 25991 20214 65292 svnserve.conf 20026 39033 30446 37197 32622 25991 20214 12290 20026 20102 26041 20415 25105 20204 25226 authz   passwd 36825 20004 20010 25991 20214 29420 31435 24320 26469 65292 25104 20026 27599 20010 39033 30446 30340 20844 29992 26435 38480 21644 39564 35777 25991 20214 12290 25105 20204 25226 23427 20204 25918 22312 /data/conf 30446 24405 19979 12290 27492 26102 30340 30446 24405 32467 26500 22914 19979 65306 drwxr-xr-x.&nbsp ; 2&nbsp ; root&nbsp ; root&nbsp ; 4096&nbsp ; may&nbsp ; 24&nbsp ; 01:26&nbsp ; conf \r \n drwxr-xr-x.&nbsp ; 6&nbsp ; root&nbsp ; root&nbsp ; 4096&nbsp ; may&nbsp ; 23&nbsp ; 22:10&nbsp ; onethink \r \n drwxr-xr-x.&nbsp ; 6&nbsp ; root&nbsp ; root&nbsp ; 4096&nbsp ; may&nbsp ; 24&nbsp ; 01:06&nbsp ; p2 [ root @ localhost&nbsp ; data ] # &nbsp ; ll&nbsp ; conf&nbsp ; onethink/&nbsp ; p2/ \r \n conf: \r \n total&nbsp ; 8 \r \n -rw-r--r--.&nbsp ; 1&nbsp ; root&nbsp ; root&nbsp ; 1031&nbsp ; may&nbsp ; 24&nbsp ; 01:24&nbsp ; authz \r \n -rw-r--r--.&nbsp ; 1&nbsp ; root&nbsp ; root&nbsp ; &nbsp ; 338&nbsp ; may&nbsp ; 23&nbsp ; 22:08&nbsp ; passwd \r \n \r \n onethink/: \r \n total&nbsp ; 24 \r \n drwxr-xr-x.&nbsp ; 2&nbsp ; root&nbsp ; root&nbsp ; 4096&nbsp ; may&nbsp ; 23&nbsp ; 22:56&nbsp ; conf \r \n drwxr-sr-x.&nbsp ; 6&nbsp ; root&nbsp ; root&nbsp ; 4096&nbsp ; may&nbsp ; 24&nbsp ; 01:18&nbsp ; db \r \n -r--r--r--.&nbsp ; 1&nbsp ; root&nbsp ; root&nbsp ; &nbsp ; &nbsp ; &nbsp ; 2&nbsp ; may&nbsp ; 23&nbsp ; 21:50&nbsp ; format \r \n drwxr-xr-x.&nbsp ; 2&nbsp ; root&nbsp ; root&nbsp ; 4096&nbsp ; may&nbsp ; 23&nbsp ; 21:50&nbsp ; hooks \r \n drwxr-xr-x.&nbsp ; 2&nbsp ; root&nbsp ; root&nbsp ; 4096&nbsp ; may&nbsp ; 23&nbsp ; 21:50&nbsp ; locks \r \n -rw-r--r--.&nbsp ; 1&nbsp ; root&nbsp ; root&nbsp ; &nbsp ; 229&nbsp ; may&nbsp ; 23&nbsp ; 21:50&nbsp ; readme.txt \r \n \r \n p2/: \r \n total&nbsp ; 24 \r \n drwxr-xr-x.&nbsp ; 2&nbsp ; root&nbsp ; root&nbsp ; 4096&nbsp ; may&nbsp ; 24&nbsp ; 01:15&nbsp ; conf \r \n drwxr-sr-x.&nbsp ; 6&nbsp ; root&nbsp ; root&nbsp ; 4096&nbsp ; may&nbsp ; 24&nbsp ; 01:24&nbsp ; db \r \n -r--r--r--.&nbsp ; 1&nbsp ; root&nbsp ; root&nbsp ; &nbsp ; &nbsp ; &nbsp ; 2&nbsp ; may&nbsp ; 24&nbsp ; 01:06&nbsp ; format \r \n drwxr-xr-x.&nbsp ; 2&nbsp ; root&nbsp ; root&nbsp ; 4096&nbsp ; may&nbsp ; 24&nbsp ; 01:06&nbsp ; hooks \r \n drwxr-xr-x.&nbsp ; 2&nbsp ; root&nbsp ; root&nbsp ; 4096&nbsp ; may&nbsp ; 24&nbsp ; 01:06&nbsp ; locks \r \n -rw-r--r--.&nbsp ; 1&nbsp ; root&nbsp ; root&nbsp ; &nbsp ; 229&nbsp ; may&nbsp ; 24&nbsp ; 01:06&nbsp ; readme.txt 25509 19979 26469 25105 20204 37197 32622 29992 25143 21517 21450 23494 30721 25171 24320 /data/conf/passwd 25991 20214 65292 22686 21152 20004 20010 29992 25143 [ root @ localhost&nbsp ; conf ] # &nbsp ; cat&nbsp ; passwd&nbsp ; \r \n # # # &nbsp ; this&nbsp ; file&nbsp ; is&nbsp ; an&nbsp ; example&nbsp ; password&nbsp ; file&nbsp ; for&nbsp ; svnserve. \r \n # # # &nbsp ; its&nbsp ; format&nbsp ; is&nbsp ; similar&nbsp ; to&nbsp ; that&nbsp ; of&nbsp ; svnserve.conf.&nbsp ; as&nbsp ; shown&nbsp ; in&nbsp ; the \r \n # # # &nbsp ; example&nbsp ; below&nbsp ; it&nbsp ; contains&nbsp ; one&nbsp ; section&nbsp ; labelled&nbsp ; [ users ] . \r \n # # # &nbsp ; the&nbsp ; name&nbsp ; and&nbsp ; password&nbsp ; for&nbsp ; each&nbsp ; user&nbsp ; follow , &nbsp ; one&nbsp ; account&nbsp ; per&nbsp ; line. \r \n \r \n [ users ] \r \n # &nbsp ; harry&nbsp ; = &nbsp ; harryssecret \r \n # &nbsp ; sally&nbsp ; = &nbsp ; sallyssecret \r \n tttt&nbsp ; = &nbsp ; 111111&nbsp ; &nbsp ; # 29992 25143 1 \r \n tttt2&nbsp ; = &nbsp ; 111111&nbsp ; &nbsp ; &nbsp ; # 29992 25143 2 25509 30528 25105 20204 35774 32622 39033 30446 onethink 21644 p2 19979 38754 30340 conf/svnserve.conf 25991 20214 65292 20196 21040 23427 21487 20197 20351 29992 20844 20849 30340 /data/conf/passwd 21450 /data/conf/authzanon-access&nbsp ; = &nbsp ; none&nbsp ; // 26080 26435 38480 26102 \r \n auth-access&nbsp ; = &nbsp ; write&nbsp ; // 26377 26435 38480 26102 \r \n # # # &nbsp ; the&nbsp ; password-db&nbsp ; option&nbsp ; controls&nbsp ; the&nbsp ; location&nbsp ; of&nbsp ; the&nbsp ; password \r \n # # # &nbsp ; database&nbsp ; file.&nbsp ; &nbsp ; unless&nbsp ; you&nbsp ; specify&nbsp ; a&nbsp ; path&nbsp ; starting&nbsp ; with&nbsp ; a&nbsp ; / , \r \n # # # &nbsp ; the&nbsp ; file& # 39 ; s&nbsp ; location&nbsp ; is&nbsp ; relative&nbsp ; to&nbsp ; the&nbsp ; directory&nbsp ; containing \r \n # # # &nbsp ; this&nbsp ; configuration&nbsp ; file. \r \n # # # &nbsp ; if&nbsp ; sasl&nbsp ; is&nbsp ; enabled&nbsp ; ( see&nbsp ; below ) , &nbsp ; this&nbsp ; file&nbsp ; will&nbsp ; not&nbsp ; be&nbsp ; used. \r \n # # # &nbsp ; uncomment&nbsp ; the&nbsp ; line&nbsp ; below&nbsp ; to&nbsp ; use&nbsp ; the&nbsp ; default&nbsp ; password&nbsp ; file. \r \n password-db&nbsp ; = &nbsp ; /data/conf/passwd&nbsp ; // 25152 20351 29992 30340 29992 25143 23494 30721 25991 20214 \r \n # # # &nbsp ; the&nbsp ; authz-db&nbsp ; option&nbsp ; controls&nbsp ; the&nbsp ; location&nbsp ; of&nbsp ; the&nbsp ; authorization \r \n # # # &nbsp ; rules&nbsp ; for&nbsp ; path-based&nbsp ; access&nbsp ; control.&nbsp ; &nbsp ; unless&nbsp ; you&nbsp ; specify&nbsp ; a&nbsp ; path \r \n # # # &nbsp ; starting&nbsp ; with&nbsp ; a&nbsp ; / , &nbsp ; the&nbsp ; file& # 39 ; s&nbsp ; location&nbsp ; is&nbsp ; relative&nbsp ; to&nbsp ; the&nbsp ; the \r \n # # # &nbsp ; directory&nbsp ; containing&nbsp ; this&nbsp ; file.&nbsp ; &nbsp ; if&nbsp ; you&nbsp ; don& # 39 ; t&nbsp ; specify&nbsp ; an \r \n # # # &nbsp ; authz-db , &nbsp ; no&nbsp ; path-based&nbsp ; access&nbsp ; control&nbsp ; is&nbsp ; done. \r \n # # # &nbsp ; uncomment&nbsp ; the&nbsp ; line&nbsp ; below&nbsp ; to&nbsp ; use&nbsp ; the&nbsp ; default&nbsp ; authorization&nbsp ; file. \r \n authz-db&nbsp ; = &nbsp ; /data/conf/authz&nbsp ; // 26435 38480 31649 29702 25991 20214 \r \n # # # &nbsp ; this&nbsp ; option&nbsp ; specifies&nbsp ; the&nbsp ; authentication&nbsp ; realm&nbsp ; of&nbsp ; the&nbsp ; repository. \r \n # # # &nbsp ; if&nbsp ; two&nbsp ; repositories&nbsp ; have&nbsp ; the&nbsp ; same&nbsp ; authentication&nbsp ; realm , &nbsp ; they&nbsp ; should \r \n # # # &nbsp ; have&nbsp ; the&nbsp ; same&nbsp ; password&nbsp ; database , &nbsp ; and&nbsp ; vice&nbsp ; versa.&nbsp ; &nbsp ; the&nbsp ; default&nbsp ; realm \r \n # # # &nbsp ; is&nbsp ; repository& # 39 ; s&nbsp ; uuid. \r \n realm&nbsp ; = &nbsp ; p2&nbsp ; // 35980 20284 36825 20010 21483 20160 20040 26469 30528 65311 37197 32622 22909 21518 65292 25105 20204 36824 38656 35201 37197 32622 /data/conf/authz 26435 38480 31649 29702 25991 20214 [ groups ] \r \n g1&nbsp ; = &nbsp ; tttt&nbsp ; # 29992 25143 32452 1 \r \n g2&nbsp ; = &nbsp ; tttt2&nbsp ; # 29992 25143 32452 2 \r \n \r \n [ onethink:/ ] &nbsp ; # onethink 39033 30446 30340 26435 38480 35774 32622 \r \n @ g1&nbsp ; = &nbsp ; rw&nbsp ; # onethink 39033 30446 32452 65292 29992 25143 32452 1 26159 26377 35835 20889 30340 \r \n @ g2&nbsp ; = &nbsp ; # onethink 39033 30446 32452 65292 29992 25143 32452 2 26159 27809 26377 20219 20309 26435 38480 30340 \r \n \r \n [ p2:/ ] &nbsp ; # p2 39033 30446 32452 30340 26435 38480 65292 21516 19978 \r \n @ g2 = &nbsp ; rw \r \n \r \n [ p2:/txt ] &nbsp ; # 37197 32622 p2 39033 30446 19979 30340 txt 25991 20214 22841 30340 26435 38480 65292 36825 37324 29992 25143 32452 2 26159 27809 26377 26435 38480 30340 \r \n @ g2 = 37197 32622 22909 21518 65292 25105 20204 21551 21160 svn 26381 21153 [ root @ localhost&nbsp ; conf ] # &nbsp ; svnserve&nbsp ; -d&nbsp ; -r&nbsp ; /data/ 36825 26102 25105 20204 22312 window 29615 22659 19979 23601 21487 20197 20351 29992 36719 20214 26469 35775 38382 20102 65292 20004 20010 39033 30446 30340 35775 38382 22320 22336 20998 21035 20026 svn://192.168.110.129/p2svn://192.168.110.129/onethink ', '1427100778', '1427198568');
INSERT INTO `bk_search_index` VALUES ('36', '67', ' [ svn 30456 20851 ] 20351 29992 35760 24405 ', ' 36825 37324 35760 24405 20102 26377 20851 20010 20154 22312 20351 29992 svn 30340 19968 20123 38382 39064 65292 20197 21450 35299 20915 26041 27861 12290 ', ' 1 12289 22914 20309 22312 26356 26032 svn 20195 30721 30340 26102 20505 21516 26102 26356 26032 21644 svn 21516 19968 21488 26426 30340 web 31243 24207 12290 35299 20915 65306 22312 20179 24211 30446 24405 hooks 19979 24314 31435 19968 20010 25991 20214 post-commit 22686 21152 20197 19979 20869 23481 # ! /bin/sh \r \n export.utf-8 \r \n svn&nbsp ; update&nbsp ; --username&nbsp ; xx&nbsp ; --password&nbsp ; xxxx&nbsp ; /home/www/xx 22312 20351 29992 36825 20010 20195 30721 20043 21069 65292 38656 35201 22312 36335 24452 /home/www/xx 20808 25226 36825 20010 24211 25289 19979 26469 65292 20197 21518 27599 27425 26356 26032 20195 30721 21040 svn 30340 26102 20505 65292 20250 21516 26102 25191 34892 36825 27573 hooks 20195 30721 12290 36825 26679 23601 21487 20197 21516 26102 26356 26032 web 20013 30340 20195 30721 20102 12290 2 12289 22914 20309 22312 25552 20132 26356 26032 30340 26102 20505 24378 21046 20889 26085 24535 35299 20915 65306 22312 hooks 30446 24405 19979 25191 34892 19979 38754 30340 21629 20196 cp&nbsp ; pre-commit-tmpl&nbsp ; pre-commit \r \n chmod&nbsp ; + x&nbsp ; pre-commit 28982 21518 20462 25913 pre-commit 25991 20214 repos = &quot ; $ 1&quot ; \r \n txn = &quot ; $ 2&quot ; \r \n &nbsp ; \r \n # &nbsp ; make&nbsp ; sure&nbsp ; that&nbsp ; the&nbsp ; log&nbsp ; message&nbsp ; contains&nbsp ; some&nbsp ; text. \r \n svnlook = /usr/bin/svnlook \r \n logmsg = ` $ svnlook&nbsp ; log&nbsp ; -t&nbsp ; &quot ; $ txn&quot ; &nbsp ; &quot ; $ repos&quot ; &nbsp ; | &nbsp ; grep&nbsp ; &quot ; [ a-za-z0-9 ] &quot ; &nbsp ; | &nbsp ; wc&nbsp ; -c ` \r \n if&nbsp ; [ &nbsp ; &quot ; $ logmsg&quot ; &nbsp ; -lt&nbsp ; 10&nbsp ; ] ; \r \n then \r \n &nbsp ; &nbsp ; &nbsp ; &nbsp ; echo&nbsp ; & # 39 ; 26085 24535 21834 65281 20146 65281 & # 39 ; &nbsp ; 1&gt ; &amp ; 2 \r \n &nbsp ; &nbsp ; &nbsp ; &nbsp ; exit&nbsp ; 1 \r \n fi \r \n &nbsp ; \r \n # &nbsp ; check&nbsp ; that&nbsp ; the&nbsp ; author&nbsp ; of&nbsp ; this&nbsp ; commit&nbsp ; has&nbsp ; the&nbsp ; rights&nbsp ; to&nbsp ; perform \r \n # &nbsp ; the&nbsp ; commit&nbsp ; on&nbsp ; the&nbsp ; files&nbsp ; and&nbsp ; directories&nbsp ; being&nbsp ; modified. \r \n # &nbsp ; commit-access-control.pl&nbsp ; &quot ; $ repos&quot ; &nbsp ; &quot ; $ txn&quot ; &nbsp ; commit-access-control.cfg&nbsp ; | | &nbsp ; exit&nbsp ; 1 \r \n &nbsp ; \r \n # &nbsp ; all&nbsp ; checks&nbsp ; passed , &nbsp ; so&nbsp ; allow&nbsp ; the&nbsp ; commit. \r \n exit&nbsp ; 0 ', '1427207199', '1427208041');
INSERT INTO `bk_search_index` VALUES ('37', '68', ' zeroclipboard 25554 20214 22914 20309 25209 37327 21021 22987 21270 12290 ', ' 35760 24405 20102 zeroclipboard 25554 20214 25209 37327 21021 22987 21270 30340 26041 27861 12290 ', ' js 20195 30721 65306 &nbsp ; &nbsp ; zeroclipboard.config ( { &nbsp ; swfpath:&nbsp ; & # 39 ; /static/js/zeroclipboard/zeroclipboard.swf& # 39 ; &nbsp ; } ) ; &nbsp ; &nbsp ; \r \n &nbsp ; \r \n &nbsp ; &nbsp ; function&nbsp ; initcopy ( $ o ) &nbsp ; { &nbsp ; &nbsp ; \r \n &nbsp ; &nbsp ; &nbsp ; &nbsp ; var&nbsp ; text&nbsp ; = &nbsp ; $ o.html ( ) ; &nbsp ; \r \n &nbsp ; &nbsp ; &nbsp ; &nbsp ; var&nbsp ; k&nbsp ; = &nbsp ; $ o.attr ( & # 39 ; ids& # 39 ; ) ; \r \n &nbsp ; &nbsp ; &nbsp ; &nbsp ; if&nbsp ; ( text ) &nbsp ; { &nbsp ; &nbsp ; \r \n &nbsp ; &nbsp ; &nbsp ; &nbsp ; &nbsp ; &nbsp ; &nbsp ; &nbsp ; new&nbsp ; zeroclipboard ( $ ( & # 39 ; # cpbtn& # 39 ; + k ) ) .on ( &quot ; copy&quot ; , &nbsp ; function&nbsp ; ( event ) &nbsp ; { &nbsp ; &nbsp ; \r \n &nbsp ; &nbsp ; &nbsp ; &nbsp ; &nbsp ; &nbsp ; &nbsp ; &nbsp ; &nbsp ; &nbsp ; &nbsp ; &nbsp ; var&nbsp ; clipboard&nbsp ; = &nbsp ; event.clipboarddata ; &nbsp ; &nbsp ; \r \n &nbsp ; &nbsp ; &nbsp ; &nbsp ; &nbsp ; &nbsp ; &nbsp ; &nbsp ; &nbsp ; &nbsp ; &nbsp ; &nbsp ; clipboard.setdata ( &quot ; text/plain&quot ; , &nbsp ; text ) ; &nbsp ; &nbsp ; \r \n &nbsp ; &nbsp ; &nbsp ; &nbsp ; &nbsp ; &nbsp ; &nbsp ; &nbsp ; &nbsp ; &nbsp ; &nbsp ; &nbsp ; alert ( & # 39 ; 22797 21046 25104 21151 & # 39 ; ) ; &nbsp ; &nbsp ; \r \n &nbsp ; &nbsp ; &nbsp ; &nbsp ; &nbsp ; &nbsp ; &nbsp ; &nbsp ; } ) ; &nbsp ; &nbsp ; \r \n &nbsp ; &nbsp ; &nbsp ; &nbsp ; } &nbsp ; &nbsp ; \r \n &nbsp ; &nbsp ; } &nbsp ; &nbsp ; \r \n &nbsp ; &nbsp ; &nbsp ; &nbsp ; &nbsp ; \r \n &nbsp ; &nbsp ; $ ( & # 39 ; .cpcontent& # 39 ; ) .each ( function&nbsp ; ( i , &nbsp ; o ) &nbsp ; { &nbsp ; &nbsp ; \r \n &nbsp ; &nbsp ; &nbsp ; &nbsp ; &nbsp ; &nbsp ; initcopy ( $ ( o ) ) ; \r \n &nbsp ; &nbsp ; } ) ; html 20195 30721 65288 23454 38469 20013 65292 21487 33021 26377 22810 27573 24046 19981 22810 30340 20195 30721 65289 65306 &lt ; span&nbsp ; ids = &quot ; 1&quot ; &nbsp ; class = &quot ; cpcontent&quot ; &gt ; 25152 35201 22797 21046 30340 25991 23383 &lt ; /span&gt ; // 25991 23383 \r \n &lt ; input&nbsp ; id = &quot ; cpbtn1&quot ; &nbsp ; type = &quot ; button&quot ; &nbsp ; class = &quot ; chobtn&nbsp ; btn&nbsp ; cpbtn&quot ; &nbsp ; value = &quot ; 22797 21046 25991 26412 &quot ; &nbsp ; /&gt ; // 25353 38062 &lt ; span&nbsp ; ids = &quot ; 2&quot ; &nbsp ; class = &quot ; cpcontent&quot ; &gt ; 25152 35201 22797 21046 30340 25991 23383 &lt ; /span&gt ; // 25991 23383 \r \n &lt ; input&nbsp ; id = &quot ; cpbtn2&quot ; &nbsp ; type = &quot ; button&quot ; &nbsp ; class = &quot ; chobtn&nbsp ; btn&nbsp ; cpbtn&quot ; &nbsp ; value = &quot ; 22797 21046 25991 26412 &quot ; &nbsp ; /&gt ; // 25353 38062 20854 20013 65306 $ ( & # 39 ; .cpcontent& # 39 ; ) 20195 34920 30340 26159 38656 35201 22797 21046 30340 25991 23383 $ ( & # 39 ; # cpbtn& # 39 ; + k ) 20195 34920 26159 25991 23383 25152 32465 23450 30340 22797 21046 25353 38062 12290 ', '1427207602', '1427207602');
INSERT INTO `bk_search_index` VALUES ('38', '69', ' [ centos 36719 20214 23433 35013 ] iftop 30340 23433 35013 ', ' 31616 21333 30340 20171 32461 20102 22914 20309 23433 35013 iftop 36719 20214 12290 ', ' wget   http://www.ex-parrot.com/ ~ pdw/iftop/download/iftop-0.17.tar.gz 19979 36733 21518 35299 21387 tar&nbsp ; xzf&nbsp ; iftop-0.17.tar.gz 23433 35013 24517 35201 30340 25903 25345 yum&nbsp ; install&nbsp ; libpcap&nbsp ; flex&nbsp ; byacc&nbsp ; &nbsp ; libpcap&nbsp ; ncurses&nbsp ; ncurses-devel&nbsp ; libpcap-devel 28982 21518 ./configure&nbsp ; \r \n make \r \n make&nbsp ; install 21040 20123 24212 35813 23601 22909 20102 12290 ', '1427207907', '1427207907');
INSERT INTO `bk_search_index` VALUES ('35', '66', ' [ centos 38382 39064 38598 ] yum   install 26102 25253 warning:   rpmts_hdrfromfdno:   header   v3   rsa/sha256   signature ,   key   id   c105b9de:   nokey ', ' 35299 20915 65306 rpm   --import   /etc/pki/rpm-gpg/rpm-gpg-key-centos-6   ', ' 35299 20915 26041 27861 65306 rpm&nbsp ; --import&nbsp ; /etc/pki/rpm-gpg/rpm-gpg-key-centos-6 21518 38754 30340 6 35201 21644 20320 24403 21069 30340 31995 32479 29256 26412 26377 20851 ', '1427206838', '1427206838');
INSERT INTO `bk_search_index` VALUES ('34', '65', ' [ 38382 39064 38598 ] 37325 20889 session 31867 30340 26102 20505 21487 33021 20250 23548 33267 nginx   502 30340 38382 39064 30340 21407 22240 ', ' 37325 20889 session 31867 30340 26102 20505 21487 33021 20250 23548 33267 nginx   502 30340 38382 39064 30340 21407 22240 65292 22312 36825 37324 21487 20197 25214 21040 31572 26696 65306 http://cn2.php.net/manual/zh/function.session-set-save-handler.php # refsect1-function.session-set-save-handler-notes ', ' $ handler&nbsp ; = &nbsp ; new&nbsp ; filesessionhandler ( ) ; \r \n session_set_save_handler ( \r \n &nbsp ; &nbsp ; &nbsp ; &nbsp ; array ( $ handler , &nbsp ; & # 39 ; open& # 39 ; ) , \r \n &nbsp ; &nbsp ; &nbsp ; &nbsp ; array ( $ handler , &nbsp ; & # 39 ; close& # 39 ; ) , \r \n &nbsp ; &nbsp ; &nbsp ; &nbsp ; array ( $ handler , &nbsp ; & # 39 ; read& # 39 ; ) , \r \n &nbsp ; &nbsp ; &nbsp ; &nbsp ; array ( $ handler , &nbsp ; & # 39 ; write& # 39 ; ) , \r \n &nbsp ; &nbsp ; &nbsp ; &nbsp ; array ( $ handler , &nbsp ; & # 39 ; destroy& # 39 ; ) , \r \n &nbsp ; &nbsp ; &nbsp ; &nbsp ; array ( $ handler , &nbsp ; & # 39 ; gc& # 39 ; ) \r \n ) ; \r \n &nbsp ; \r \n //&nbsp ; 36825 20010 26159 37325 28857 20851 38190 22788 , 22914 26524 27809 26377 21152 36825 20010 35821 21477 65292 37027 20040 21487 33021 20250 26377 26426 29575 36896 25104 nginx&nbsp ; 502 30340 38382 39064 12290 \r \n register_shutdown_function ( & # 39 ; session_write_close& # 39 ; ) ; \r \n &nbsp ; \r \n session_start ( ) ; 25163 20876 37324 26377 35828 26126 65306 http://cn2.php.net/manual/zh/function.session-set-save-handler.php # refsect1-function.session-set-save-handler-notes&nbsp ; ', '1427206635', '1427206660');
INSERT INTO `bk_search_index` VALUES ('33', '64', ' [ 38382 39064 38598 ] 20004 20010 19981 21516 29992 25143 25191 34892 29983 25104 21516 19968 20010 25991 20214 25152 23548 33267 30340 35835 21462 26435 38480 38382 39064 12290 ', ' 35831 27880 24847 19981 21516 29992 25143 29992 25143 25805 20316 21516 19968 20010 25991 20214 30340 26102 20505 21487 33021 20250 23548 33268 31243 24207 27809 26377 26435 38480 36827 34892 25805 20316 12290 ', ' 26368 36817 22312 20351 29992 31243 24207 29983 25104 32531 23384 30340 26102 20505 21457 29616 26377 26102 20505 29983 25104 25104 21151 65292 26377 26102 20505 29983 25104 19981 25104 21151 65311 26816 26597 31243 24207 26159 27809 26377 38382 39064 30340 12290 26368 21518 26597 20986 26159 22240 20026 26377 33050 26412 22312 20197 root 29992 25143 26469 36305 php 33050 26412 29983 25104 21516 19968 20010 32531 23384 25991 20214 12290 32780 25105 20204 35775 38382 apache 30340 29992 25143 26159 21364 26159 www 12290 27604 22914 65306 24403 25105 20204 22312 20351 29992 26576 19968 31995 32479 21151 33021 30340 26102 20505 65292 20250 29983 25104 19968 20010 32531 23384 25991 20214 65292 24182 23545 36825 20010 25991 20214 26377 20889 30340 26435 38480 12290 20294 26159 30001 20110 26576 31181 21407 22240 65292 25105 20204 38656 35201 19968 20010 23450 26102 20219 21153 26469 23450 26102 26356 26032 36825 20010 32531 23384 25991 20214 12290 20294 26159 30001 20110 22312 36305 33050 26412 30340 26102 20505 29992 30340 26159 root 30340 29992 25143 26469 36305 30340 65292 32780 22240 20026 root 30340 umask 21407 22240 65292 21019 24314 25991 20214 30340 26102 20505 20250 20250 20943 25481 26435 38480 0022 65292 21363 755 12290 36825 26679 30340 19968 20010 32531 23384 25991 20214 65292 24403 apache 29992 www 29992 25143 20877 26469 29983 25104 30340 26102 20505 65292 20250 22240 20026 27809 26377 20889 30340 26435 38480 32780 26356 26032 22833 36133 12290 ', '1427206381', '1427206381');
INSERT INTO `bk_search_index` VALUES ('31', '62', ' [ centos 36719 20214 23433 35013 ] sphinx 30340 23433 35013 19982 37197 32622 20197 21450 php 26041 38754 30340 22788 29702 ', ' 31616 21333 30340 20171 32461 sphinx 30340 23433 35013 19982 37197 32622 20197 21450 php 26041 38754 30340 22788 29702 12290 ', ' 1 12289 19979 36733 sphinx:wget&nbsp ; http://sphinxsearch.com/files/sphinx-2.2.8-release.tar.gz2 12289 24320 22987 32534 35793 $ &nbsp ; tar&nbsp ; xzvf&nbsp ; sphinx-2.2.8-release.tar.gz \r \n $ &nbsp ; cd&nbsp ; sphinx \r \n $ &nbsp ; ./configure \r \n $ &nbsp ; make \r \n $ &nbsp ; make&nbsp ; install 32534 35793 30340 26102 20505 26377 20960 20010 21442 25968 21487 20197 36873 25321 65292 25105 23433 35013 30340 26102 20505 26159 40664 35748 30340 65292 27809 26377 21152 20197 19979 20219 20309 30340 21442 25968 65306 there& # 39 ; s&nbsp ; a&nbsp ; number&nbsp ; of&nbsp ; options&nbsp ; to&nbsp ; configure.&nbsp ; the&nbsp ; complete&nbsp ; listing&nbsp ; may&nbsp ; be&nbsp ; obtained&nbsp ; by&nbsp ; using&nbsp ; --help&nbsp ; switch.&nbsp ; the&nbsp ; most&nbsp ; important&nbsp ; ones&nbsp ; are: \r \n \r \n --prefix , &nbsp ; which&nbsp ; specifies&nbsp ; where&nbsp ; to&nbsp ; install&nbsp ; sphinx ; &nbsp ; such&nbsp ; as&nbsp ; --prefix = /usr/local/sphinx&nbsp ; ( all&nbsp ; of&nbsp ; the&nbsp ; examples&nbsp ; use&nbsp ; this&nbsp ; prefix ) \r \n \r \n --with-mysql , &nbsp ; which&nbsp ; specifies&nbsp ; where&nbsp ; to&nbsp ; look&nbsp ; for&nbsp ; mysql&nbsp ; include&nbsp ; and&nbsp ; library&nbsp ; files , &nbsp ; if&nbsp ; auto-detection&nbsp ; fails ; \r \n \r \n --with-static-mysql , &nbsp ; which&nbsp ; builds&nbsp ; sphinx&nbsp ; with&nbsp ; statically&nbsp ; linked&nbsp ; mysql&nbsp ; support ; \r \n \r \n --with-pgsql , &nbsp ; which&nbsp ; specifies&nbsp ; where&nbsp ; to&nbsp ; look&nbsp ; for&nbsp ; postgresql&nbsp ; include&nbsp ; and&nbsp ; library&nbsp ; files. \r \n \r \n --with-static-pgsql , &nbsp ; which&nbsp ; builds&nbsp ; sphinx&nbsp ; with&nbsp ; statically&nbsp ; linked&nbsp ; postgresql&nbsp ; support ; 22914 26524 24819 30693 36947 65292 23433 35013 30340 25991 20214 22312 21738 65311 21487 20197 20351 29992 20197 19979 30340 21629 20196 26597 30475 65306 $ &nbsp ; ./configure&nbsp ; --help 22914 26524 20320 19979 36733 30340 26159 rpm 21253 21487 20197 20351 29992 20197 19979 21629 20196 26597 30475 23433 35013 36335 24452 65306 $ &nbsp ; rpm&nbsp ; -qpl&nbsp ; sphinx-2.2.8-1.rhel7.x86_64.rpm&nbsp ; # 26597 30475 25991 20214 23433 35013 22312 21738 3 12289 37197 32622 25991 20214 22312 /usr/local/etc/sphinx.conf 65292 40664 35748 36825 20010 25991 20214 19981 23384 22312 65292 20294 26159 /usr/local/etc/ 30446 24405 19979 26377 sphinx.conf.distcopy&nbsp ; sphinx.conf.dist&nbsp ; sphinx.conf 37197 32622 25991 20214 31616 21333 30340 22914 19979 65306 # 28304 \r \n source&nbsp ; mrblog_article \r \n { \r \n &nbsp ; &nbsp ; &nbsp ; &nbsp ; &nbsp ; &nbsp ; &nbsp ; &nbsp ; type&nbsp ; &nbsp ; &nbsp ; &nbsp ; &nbsp ; &nbsp ; &nbsp ; &nbsp ; &nbsp ; &nbsp ; &nbsp ; &nbsp ; &nbsp ; &nbsp ; &nbsp ; &nbsp ; &nbsp ; &nbsp ; &nbsp ; &nbsp ; = &nbsp ; mysql \r \n &nbsp ; &nbsp ; &nbsp ; &nbsp ; &nbsp ; &nbsp ; &nbsp ; &nbsp ; sql_host&nbsp ; &nbsp ; &nbsp ; &nbsp ; &nbsp ; &nbsp ; &nbsp ; &nbsp ; &nbsp ; &nbsp ; &nbsp ; &nbsp ; &nbsp ; &nbsp ; &nbsp ; &nbsp ; = &nbsp ; localhost \r \n &nbsp ; &nbsp ; &nbsp ; &nbsp ; &nbsp ; &nbsp ; &nbsp ; &nbsp ; sql_user&nbsp ; &nbsp ; &nbsp ; &nbsp ; &nbsp ; &nbsp ; &nbsp ; &nbsp ; &nbsp ; &nbsp ; &nbsp ; &nbsp ; &nbsp ; &nbsp ; &nbsp ; &nbsp ; = &nbsp ; root \r \n &nbsp ; &nbsp ; &nbsp ; &nbsp ; &nbsp ; &nbsp ; &nbsp ; &nbsp ; sql_pass&nbsp ; &nbsp ; &nbsp ; &nbsp ; &nbsp ; &nbsp ; &nbsp ; &nbsp ; &nbsp ; &nbsp ; &nbsp ; &nbsp ; &nbsp ; &nbsp ; &nbsp ; &nbsp ; = &nbsp ; qqq111 ! ! ! \r \n &nbsp ; &nbsp ; &nbsp ; &nbsp ; &nbsp ; &nbsp ; &nbsp ; &nbsp ; sql_db&nbsp ; &nbsp ; &nbsp ; &nbsp ; &nbsp ; &nbsp ; &nbsp ; &nbsp ; &nbsp ; &nbsp ; &nbsp ; &nbsp ; &nbsp ; &nbsp ; &nbsp ; &nbsp ; &nbsp ; &nbsp ; = &nbsp ; mrblog \r \n &nbsp ; &nbsp ; &nbsp ; &nbsp ; &nbsp ; &nbsp ; &nbsp ; &nbsp ; sql_port&nbsp ; &nbsp ; &nbsp ; &nbsp ; &nbsp ; &nbsp ; &nbsp ; &nbsp ; &nbsp ; &nbsp ; &nbsp ; &nbsp ; &nbsp ; &nbsp ; &nbsp ; &nbsp ; = &nbsp ; 3306 \r \n &nbsp ; &nbsp ; &nbsp ; &nbsp ; &nbsp ; &nbsp ; &nbsp ; &nbsp ; sql_query_pre&nbsp ; &nbsp ; &nbsp ; = &nbsp ; set&nbsp ; names&nbsp ; utf8 \r \n &nbsp ; &nbsp ; &nbsp ; &nbsp ; &nbsp ; &nbsp ; &nbsp ; &nbsp ; sql_sock&nbsp ; &nbsp ; &nbsp ; &nbsp ; &nbsp ; &nbsp ; &nbsp ; &nbsp ; &nbsp ; &nbsp ; &nbsp ; &nbsp ; &nbsp ; &nbsp ; &nbsp ; &nbsp ; = &nbsp ; /tmp/mysql.sock \r \n \r \n &nbsp ; &nbsp ; &nbsp ; &nbsp ; &nbsp ; &nbsp ; &nbsp ; &nbsp ; sql_query&nbsp ; &nbsp ; &nbsp ; &nbsp ; &nbsp ; &nbsp ; &nbsp ; &nbsp ; &nbsp ; &nbsp ; &nbsp ; &nbsp ; &nbsp ; &nbsp ; &nbsp ; = &nbsp ; \\ \r \n &nbsp ; &nbsp ; &nbsp ; &nbsp ; &nbsp ; &nbsp ; &nbsp ; &nbsp ; &nbsp ; &nbsp ; &nbsp ; &nbsp ; &nbsp ; &nbsp ; &nbsp ; &nbsp ; select&nbsp ; id , &nbsp ; article_id , &nbsp ; title , &nbsp ; summary , &nbsp ; content , &nbsp ; added_date&nbsp ; \\ \r \n &nbsp ; &nbsp ; &nbsp ; &nbsp ; &nbsp ; &nbsp ; &nbsp ; &nbsp ; &nbsp ; &nbsp ; &nbsp ; &nbsp ; &nbsp ; &nbsp ; &nbsp ; &nbsp ; from&nbsp ; bk_search_index \r \n &nbsp ; &nbsp ; &nbsp ; &nbsp ; &nbsp ; &nbsp ; &nbsp ; &nbsp ; # # warning:&nbsp ; attribute&nbsp ; & # 39 ; id& # 39 ; &nbsp ; not&nbsp ; found&nbsp ; -&nbsp ; ignoring \r \n &nbsp ; &nbsp ; &nbsp ; &nbsp ; &nbsp ; &nbsp ; &nbsp ; &nbsp ; # 20986 29616 36825 20010 30340 21407 22240 26159 22240 20026 19981 33021 20351 29992 20027 38190 , 19988 19978 38754 30340 26597 35810 35821 21477 40664 35748 19988 24517 38656 31532 19968 20010 23383 27573 26159 id \r \n &nbsp ; &nbsp ; &nbsp ; &nbsp ; &nbsp ; &nbsp ; &nbsp ; &nbsp ; sql_attr_uint&nbsp ; &nbsp ; &nbsp ; &nbsp ; &nbsp ; &nbsp ; &nbsp ; &nbsp ; &nbsp ; &nbsp ; &nbsp ; = &nbsp ; article_id&nbsp ; \r \n &nbsp ; &nbsp ; &nbsp ; &nbsp ; &nbsp ; &nbsp ; &nbsp ; &nbsp ; sql_attr_timestamp&nbsp ; &nbsp ; &nbsp ; &nbsp ; &nbsp ; &nbsp ; = &nbsp ; added_date \r \n &nbsp ; &nbsp ; &nbsp ; &nbsp ; &nbsp ; &nbsp ; &nbsp ; &nbsp ; sql_ranged_throttle&nbsp ; &nbsp ; &nbsp ; &nbsp ; &nbsp ; = &nbsp ; 100 \r \n } \r \n # 32034 24341 \r \n index&nbsp ; mrblog_article_1 \r \n { \r \n &nbsp ; &nbsp ; &nbsp ; &nbsp ; &nbsp ; &nbsp ; &nbsp ; &nbsp ; source&nbsp ; &nbsp ; &nbsp ; &nbsp ; &nbsp ; &nbsp ; &nbsp ; &nbsp ; &nbsp ; &nbsp ; &nbsp ; &nbsp ; &nbsp ; &nbsp ; &nbsp ; &nbsp ; &nbsp ; &nbsp ; = &nbsp ; mrblog_article \r \n &nbsp ; &nbsp ; &nbsp ; &nbsp ; &nbsp ; &nbsp ; &nbsp ; &nbsp ; path&nbsp ; &nbsp ; &nbsp ; &nbsp ; &nbsp ; &nbsp ; &nbsp ; &nbsp ; &nbsp ; &nbsp ; &nbsp ; &nbsp ; &nbsp ; &nbsp ; &nbsp ; &nbsp ; &nbsp ; &nbsp ; &nbsp ; &nbsp ; = &nbsp ; /alidata/sphinx/data/mrblog_article_1 \r \n &nbsp ; &nbsp ; &nbsp ; &nbsp ; &nbsp ; &nbsp ; &nbsp ; &nbsp ; docinfo&nbsp ; &nbsp ; &nbsp ; &nbsp ; &nbsp ; &nbsp ; &nbsp ; &nbsp ; &nbsp ; &nbsp ; &nbsp ; &nbsp ; &nbsp ; &nbsp ; &nbsp ; &nbsp ; &nbsp ; = &nbsp ; extern \r \n &nbsp ; &nbsp ; &nbsp ; &nbsp ; &nbsp ; &nbsp ; &nbsp ; &nbsp ; dict&nbsp ; &nbsp ; &nbsp ; &nbsp ; &nbsp ; &nbsp ; &nbsp ; &nbsp ; &nbsp ; &nbsp ; &nbsp ; &nbsp ; &nbsp ; &nbsp ; &nbsp ; &nbsp ; &nbsp ; &nbsp ; &nbsp ; &nbsp ; = &nbsp ; keywords \r \n &nbsp ; &nbsp ; &nbsp ; &nbsp ; &nbsp ; &nbsp ; &nbsp ; &nbsp ; mlock&nbsp ; &nbsp ; &nbsp ; &nbsp ; &nbsp ; &nbsp ; &nbsp ; &nbsp ; &nbsp ; &nbsp ; &nbsp ; &nbsp ; &nbsp ; &nbsp ; &nbsp ; &nbsp ; &nbsp ; &nbsp ; &nbsp ; = &nbsp ; 0 \r \n &nbsp ; &nbsp ; &nbsp ; &nbsp ; &nbsp ; &nbsp ; &nbsp ; &nbsp ; morphology&nbsp ; &nbsp ; &nbsp ; &nbsp ; &nbsp ; &nbsp ; &nbsp ; &nbsp ; &nbsp ; &nbsp ; &nbsp ; &nbsp ; &nbsp ; &nbsp ; = &nbsp ; none \r \n &nbsp ; &nbsp ; &nbsp ; &nbsp ; &nbsp ; &nbsp ; &nbsp ; &nbsp ; min_word_len&nbsp ; &nbsp ; &nbsp ; &nbsp ; &nbsp ; &nbsp ; &nbsp ; &nbsp ; &nbsp ; &nbsp ; &nbsp ; &nbsp ; = &nbsp ; 1 \r \n &nbsp ; &nbsp ; &nbsp ; &nbsp ; &nbsp ; &nbsp ; &nbsp ; &nbsp ; ngram_len&nbsp ; &nbsp ; &nbsp ; &nbsp ; &nbsp ; &nbsp ; &nbsp ; &nbsp ; &nbsp ; &nbsp ; &nbsp ; &nbsp ; &nbsp ; &nbsp ; &nbsp ; = &nbsp ; 1 \r \n &nbsp ; &nbsp ; &nbsp ; &nbsp ; &nbsp ; &nbsp ; &nbsp ; &nbsp ; ngram_chars&nbsp ; &nbsp ; &nbsp ; &nbsp ; &nbsp ; &nbsp ; &nbsp ; &nbsp ; &nbsp ; &nbsp ; &nbsp ; &nbsp ; &nbsp ; = &nbsp ; u + 3000..u + 2fa1f \r \n &nbsp ; &nbsp ; &nbsp ; &nbsp ; &nbsp ; &nbsp ; &nbsp ; &nbsp ; html_strip&nbsp ; &nbsp ; &nbsp ; &nbsp ; &nbsp ; &nbsp ; &nbsp ; &nbsp ; &nbsp ; &nbsp ; &nbsp ; &nbsp ; &nbsp ; &nbsp ; = &nbsp ; 100 \r \n } \r \n \r \n \r \n source&nbsp ; mrblog_articlethrottled&nbsp ; :&nbsp ; mrblog_article \r \n { \r \n &nbsp ; &nbsp ; &nbsp ; &nbsp ; &nbsp ; &nbsp ; &nbsp ; &nbsp ; sql_ranged_throttle&nbsp ; &nbsp ; &nbsp ; &nbsp ; &nbsp ; = &nbsp ; 100 \r \n } \r \n \r \n index&nbsp ; rt \r \n { \r \n &nbsp ; &nbsp ; &nbsp ; &nbsp ; &nbsp ; &nbsp ; &nbsp ; &nbsp ; type&nbsp ; &nbsp ; &nbsp ; &nbsp ; &nbsp ; &nbsp ; &nbsp ; &nbsp ; &nbsp ; &nbsp ; &nbsp ; &nbsp ; &nbsp ; &nbsp ; &nbsp ; &nbsp ; &nbsp ; &nbsp ; &nbsp ; &nbsp ; = &nbsp ; rt \r \n &nbsp ; &nbsp ; &nbsp ; &nbsp ; &nbsp ; &nbsp ; &nbsp ; &nbsp ; path&nbsp ; &nbsp ; &nbsp ; &nbsp ; &nbsp ; &nbsp ; &nbsp ; &nbsp ; &nbsp ; &nbsp ; &nbsp ; &nbsp ; &nbsp ; &nbsp ; &nbsp ; &nbsp ; &nbsp ; &nbsp ; &nbsp ; &nbsp ; = &nbsp ; /alidata/sphinx/data/rt \r \n &nbsp ; &nbsp ; &nbsp ; &nbsp ; &nbsp ; &nbsp ; &nbsp ; &nbsp ; rt_field&nbsp ; &nbsp ; &nbsp ; &nbsp ; &nbsp ; &nbsp ; &nbsp ; &nbsp ; &nbsp ; &nbsp ; &nbsp ; &nbsp ; &nbsp ; &nbsp ; &nbsp ; &nbsp ; = &nbsp ; title \r \n &nbsp ; &nbsp ; &nbsp ; &nbsp ; &nbsp ; &nbsp ; &nbsp ; &nbsp ; rt_field&nbsp ; &nbsp ; &nbsp ; &nbsp ; &nbsp ; &nbsp ; &nbsp ; &nbsp ; &nbsp ; &nbsp ; &nbsp ; &nbsp ; &nbsp ; &nbsp ; &nbsp ; &nbsp ; = &nbsp ; content \r \n &nbsp ; &nbsp ; &nbsp ; &nbsp ; &nbsp ; &nbsp ; &nbsp ; &nbsp ; rt_attr_uint&nbsp ; &nbsp ; &nbsp ; &nbsp ; &nbsp ; &nbsp ; &nbsp ; &nbsp ; &nbsp ; &nbsp ; &nbsp ; &nbsp ; = &nbsp ; gid \r \n } \r \n \r \n indexer \r \n { \r \n &nbsp ; &nbsp ; &nbsp ; &nbsp ; &nbsp ; &nbsp ; &nbsp ; &nbsp ; mem_limit&nbsp ; &nbsp ; &nbsp ; &nbsp ; &nbsp ; &nbsp ; &nbsp ; &nbsp ; &nbsp ; &nbsp ; &nbsp ; &nbsp ; &nbsp ; &nbsp ; &nbsp ; = &nbsp ; 128m \r \n } \r \n \r \n searchd \r \n { \r \n &nbsp ; &nbsp ; &nbsp ; &nbsp ; &nbsp ; &nbsp ; &nbsp ; &nbsp ; listen&nbsp ; &nbsp ; &nbsp ; &nbsp ; &nbsp ; &nbsp ; &nbsp ; &nbsp ; &nbsp ; &nbsp ; &nbsp ; &nbsp ; &nbsp ; &nbsp ; &nbsp ; &nbsp ; &nbsp ; &nbsp ; = &nbsp ; 9312 \r \n &nbsp ; &nbsp ; &nbsp ; &nbsp ; &nbsp ; &nbsp ; &nbsp ; &nbsp ; log&nbsp ; &nbsp ; &nbsp ; &nbsp ; &nbsp ; &nbsp ; &nbsp ; &nbsp ; &nbsp ; &nbsp ; &nbsp ; &nbsp ; &nbsp ; &nbsp ; &nbsp ; &nbsp ; &nbsp ; &nbsp ; &nbsp ; &nbsp ; &nbsp ; = &nbsp ; /alidata/sphinx/log/searchd.log \r \n &nbsp ; &nbsp ; &nbsp ; &nbsp ; &nbsp ; &nbsp ; &nbsp ; &nbsp ; query_log&nbsp ; &nbsp ; &nbsp ; &nbsp ; &nbsp ; &nbsp ; &nbsp ; &nbsp ; &nbsp ; &nbsp ; &nbsp ; &nbsp ; &nbsp ; &nbsp ; &nbsp ; = &nbsp ; /alidata/sphinx/log/query.log \r \n &nbsp ; &nbsp ; &nbsp ; &nbsp ; &nbsp ; &nbsp ; &nbsp ; &nbsp ; read_timeout&nbsp ; &nbsp ; &nbsp ; &nbsp ; &nbsp ; &nbsp ; &nbsp ; &nbsp ; &nbsp ; &nbsp ; &nbsp ; &nbsp ; = &nbsp ; 5 \r \n &nbsp ; &nbsp ; &nbsp ; &nbsp ; &nbsp ; &nbsp ; &nbsp ; &nbsp ; client_timeout&nbsp ; &nbsp ; &nbsp ; &nbsp ; &nbsp ; &nbsp ; &nbsp ; &nbsp ; &nbsp ; &nbsp ; = &nbsp ; 300 \r \n &nbsp ; &nbsp ; &nbsp ; &nbsp ; &nbsp ; &nbsp ; &nbsp ; &nbsp ; max_children&nbsp ; &nbsp ; &nbsp ; &nbsp ; &nbsp ; &nbsp ; &nbsp ; &nbsp ; &nbsp ; &nbsp ; &nbsp ; &nbsp ; = &nbsp ; 30 \r \n &nbsp ; &nbsp ; &nbsp ; &nbsp ; &nbsp ; &nbsp ; &nbsp ; &nbsp ; persistent_connections_limit&nbsp ; &nbsp ; &nbsp ; &nbsp ; = &nbsp ; 30 \r \n &nbsp ; &nbsp ; &nbsp ; &nbsp ; &nbsp ; &nbsp ; &nbsp ; &nbsp ; pid_file&nbsp ; &nbsp ; &nbsp ; &nbsp ; &nbsp ; &nbsp ; &nbsp ; &nbsp ; &nbsp ; &nbsp ; &nbsp ; &nbsp ; &nbsp ; &nbsp ; &nbsp ; &nbsp ; = &nbsp ; /alidata/sphinx/data/searchd.pid \r \n &nbsp ; &nbsp ; &nbsp ; &nbsp ; &nbsp ; &nbsp ; &nbsp ; &nbsp ; preopen_indexes&nbsp ; &nbsp ; &nbsp ; &nbsp ; &nbsp ; &nbsp ; &nbsp ; &nbsp ; &nbsp ; = &nbsp ; 1 \r \n &nbsp ; &nbsp ; &nbsp ; &nbsp ; &nbsp ; &nbsp ; &nbsp ; &nbsp ; unlink_old&nbsp ; &nbsp ; &nbsp ; &nbsp ; &nbsp ; &nbsp ; &nbsp ; &nbsp ; &nbsp ; &nbsp ; &nbsp ; &nbsp ; &nbsp ; &nbsp ; = &nbsp ; 1 \r \n &nbsp ; &nbsp ; &nbsp ; &nbsp ; &nbsp ; &nbsp ; &nbsp ; &nbsp ; mva_updates_pool&nbsp ; &nbsp ; &nbsp ; &nbsp ; &nbsp ; &nbsp ; &nbsp ; &nbsp ; = &nbsp ; 1m \r \n &nbsp ; &nbsp ; &nbsp ; &nbsp ; &nbsp ; &nbsp ; &nbsp ; &nbsp ; max_packet_size&nbsp ; &nbsp ; &nbsp ; &nbsp ; &nbsp ; &nbsp ; &nbsp ; &nbsp ; &nbsp ; = &nbsp ; 8m \r \n &nbsp ; &nbsp ; &nbsp ; &nbsp ; &nbsp ; &nbsp ; &nbsp ; &nbsp ; max_filters&nbsp ; &nbsp ; &nbsp ; &nbsp ; &nbsp ; &nbsp ; &nbsp ; &nbsp ; &nbsp ; &nbsp ; &nbsp ; &nbsp ; &nbsp ; = &nbsp ; 256 \r \n &nbsp ; &nbsp ; &nbsp ; &nbsp ; &nbsp ; &nbsp ; &nbsp ; &nbsp ; max_filter_values&nbsp ; &nbsp ; &nbsp ; &nbsp ; &nbsp ; &nbsp ; &nbsp ; = &nbsp ; 4096 \r \n &nbsp ; &nbsp ; &nbsp ; &nbsp ; &nbsp ; &nbsp ; &nbsp ; &nbsp ; max_batch_queries&nbsp ; &nbsp ; &nbsp ; &nbsp ; &nbsp ; &nbsp ; &nbsp ; = &nbsp ; 32 \r \n &nbsp ; &nbsp ; &nbsp ; &nbsp ; &nbsp ; &nbsp ; &nbsp ; &nbsp ; workers&nbsp ; &nbsp ; &nbsp ; &nbsp ; &nbsp ; &nbsp ; &nbsp ; &nbsp ; &nbsp ; &nbsp ; &nbsp ; &nbsp ; &nbsp ; &nbsp ; &nbsp ; &nbsp ; &nbsp ; = &nbsp ; threads&nbsp ; # &nbsp ; for&nbsp ; rt&nbsp ; to&nbsp ; work \r \n } \r \n \r \n common \r \n { \r \n \r \n } 4 12289 29983 25104 32034 24341 /usr/local/bin/indexer&nbsp ; --config&nbsp ; /usr/local/etc/sphinx.conf&nbsp ; --all&nbsp ; --rotate6 12289 21551 21160 sphinx/usr/local/bin/searchd&nbsp ; --config&nbsp ; /usr/local/etc/sphinx.conf7 12289 23433 35013 php 25193 23637 65306 35831 31227 27493 65306 http://www.opcache.net/index/detail.html?id = 638 12289 php 22914 26524 22788 29702 65292 35831 31227 27493 65306 http://www.opcache.net/index/detail.html?id = 64&nbsp ;   ', '1427186776', '1427198558');
INSERT INTO `bk_search_index` VALUES ('39', '70', ' [ centos 20351 29992 35760 24405 ] 22914 20309 21551 21160 22810 20010 php-fpm 19988 20114 19981 24433 21709 65311 ', ' 22312 php 23433 35013 28304 30721 30340 30446 24405 sapi/fpm/init.d.php-fpm 37324 38754 30340 36825 20010 23601 26159 20102 12290 ', ' 22312 php 23433 35013 28304 30721 30340 30446 24405 sapi/fpm/init.d.php-fpm 37324 38754 30340 36825 20010 23601 26159 20102 12290 ', '1427208192', '1427208192');
INSERT INTO `bk_search_index` VALUES ('40', '71', ' sphinx 20840 25991 25628 32034 php 26041 38754 30340 22788 29702 ', ' 31616 21333 22320 20171 32461 sphinx 20840 25991 25628 32034 php 26041 38754 30340 22788 29702 65292 29616 22312 29256 26412 30340 sphinx 19981 30693 36947 25903 19981 25903 25345 20013 25991 20102 65292 38382 20102 32676 37324 30340 26379 21451 37117 35828 19981 25903 25345 65292 25152 26377 29992 20102 36825 31181 26041 27861 26469 20570 12290 ', ' 31532 19968 27425 23581 35797 29992 sphinx 26469 20570 20840 25991 25628 32034 65292 21487 33021 26377 24456 22810 35265 35299 37117 19981 26159 24456 27491 30830 12290 26377 19981 21516 30340 24819 27861 65292 22823 23478 21487 20197 25552 20986 26469 12290 29616 22312 29256 26412 30340 sphinx 19981 30693 36947 25903 19981 25903 25345 20013 25991 20102 65292 38382 20102 32676 37324 30340 26379 21451 37117 35828 19981 25903 25345 65292 25152 26377 29992 20102 20197 19979 30340 36825 31181 26041 27861 26469 20570 12290 1 12289 25991 31456 30340 22788 29702 12290 20551 22914 25991 31456 34920 20026 article_mainidtitlesummarycontenttime1 27979 35797 30340 26631 39064 27979 35797 30340 25688 35201 27979 35797 30340 20869 23481 123123123 30001 20110 sphinx 19981 25903 25345 20013 25991 65288 30495 30340 21527 65311 36825 37324 24403 23427 26159 21543 65289 25105 20204 26032 24314 31435 19968 20010 34920 article_unicodeidarticle_idtitlesummarycontenttime1123243   23123   1221312312   12312   1234512312   12312   12345123123123 36825 20010 26032 30340 34920 30340 32467 26500 21644 article_main 30340 20869 23481 26159 19968 26679 30340 65292 20294 26159 20648 23384 30340 26159 20013 25991 30340 utf-8 30340 unicode 30721 12290 36825 26679 25105 20204 22312 22686 21152 25991 31456 30340 26102 20505 21516 26102 25226 36755 20837 30340 26631 39064 12289 25688 35201 12289 20869 23481 22788 29702 25104 utf-8 30340 unicode 30721 65292 28982 21518 20877 20445 23384 21040 article_unicode 34920 20013 12290 22312 37197 32622 sphinx 30340 26102 20505 20877 20197 article_unicode 36825 20010 34920 20316 20026 28304 65288 35265 65306 http://www.opcache.net/index/detail.html?id = 62   65289 2 12289 25152 29992 21040 30340 22788 29702 utf-8   unicode 30340 31867 26377 22914 19979 65306 &lt ; ?php \r \n \r \n namespace&nbsp ; app \\ libraries ; \r \n \r \n / * * \r \n &nbsp ; * &nbsp ; class&nbsp ; from&nbsp ; chanzhi&nbsp ; &lt ; http://www.chanzhi.org/&gt ; , &nbsp ; and&nbsp ; modified&nbsp ; by&nbsp ; me&nbsp ; at&nbsp ; 2015.3.23 \r \n &nbsp ; * \r \n &nbsp ; * &nbsp ; @ author&nbsp ; jiang&nbsp ; &lt ; mylampblog @ 163.com&gt ; \r \n &nbsp ; * / \r \n class&nbsp ; spliter \r \n { \r \n &nbsp ; &nbsp ; &nbsp ; &nbsp ; / * * \r \n &nbsp ; &nbsp ; &nbsp ; &nbsp ; &nbsp ; * &nbsp ; split&nbsp ; a&nbsp ; utf-8&nbsp ; string&nbsp ; into&nbsp ; words , &nbsp ; computing&nbsp ; unicode&nbsp ; for&nbsp ; every&nbsp ; word. \r \n &nbsp ; &nbsp ; &nbsp ; &nbsp ; &nbsp ; * &nbsp ; \r \n &nbsp ; &nbsp ; &nbsp ; &nbsp ; &nbsp ; * &nbsp ; @ param&nbsp ; &nbsp ; string&nbsp ; &nbsp ; &nbsp ; &nbsp ; $ string&nbsp ; \r \n &nbsp ; &nbsp ; &nbsp ; &nbsp ; &nbsp ; * &nbsp ; @ access&nbsp ; public \r \n &nbsp ; &nbsp ; &nbsp ; &nbsp ; &nbsp ; * &nbsp ; @ return&nbsp ; array \r \n &nbsp ; &nbsp ; &nbsp ; &nbsp ; &nbsp ; * / \r \n &nbsp ; &nbsp ; &nbsp ; &nbsp ; public&nbsp ; function&nbsp ; utf8split ( $ string ) \r \n &nbsp ; &nbsp ; &nbsp ; &nbsp ; { \r \n &nbsp ; &nbsp ; &nbsp ; &nbsp ; &nbsp ; &nbsp ; &nbsp ; &nbsp ; $ string&nbsp ; = &nbsp ; strtolower ( $ string ) ; \r \n &nbsp ; &nbsp ; &nbsp ; &nbsp ; &nbsp ; &nbsp ; &nbsp ; &nbsp ; $ i&nbsp ; = &nbsp ; 0 ; &nbsp ; \r \n &nbsp ; &nbsp ; &nbsp ; &nbsp ; &nbsp ; &nbsp ; &nbsp ; &nbsp ; $ length&nbsp ; = &nbsp ; strlen ( $ string ) ; \r \n &nbsp ; &nbsp ; &nbsp ; &nbsp ; &nbsp ; &nbsp ; &nbsp ; &nbsp ; $ dict&nbsp ; &nbsp ; &nbsp ; = &nbsp ; array ( ) ; \r \n &nbsp ; &nbsp ; &nbsp ; &nbsp ; &nbsp ; &nbsp ; &nbsp ; &nbsp ; $ words&nbsp ; &nbsp ; = &nbsp ; & # 39 ; & # 39 ; ; \r \n &nbsp ; &nbsp ; &nbsp ; &nbsp ; &nbsp ; &nbsp ; &nbsp ; &nbsp ; $ offset&nbsp ; = &nbsp ; 0 ; \r \n \r \n &nbsp ; &nbsp ; &nbsp ; &nbsp ; &nbsp ; &nbsp ; &nbsp ; &nbsp ; while ( $ i&nbsp ; &lt ; = &nbsp ; $ length ) \r \n &nbsp ; &nbsp ; &nbsp ; &nbsp ; &nbsp ; &nbsp ; &nbsp ; &nbsp ; { \r \n &nbsp ; &nbsp ; &nbsp ; &nbsp ; &nbsp ; &nbsp ; &nbsp ; &nbsp ; &nbsp ; &nbsp ; &nbsp ; &nbsp ; $ letter&nbsp ; = &nbsp ; substr ( $ string , &nbsp ; $ i , &nbsp ; 1 ) ; \r \n &nbsp ; &nbsp ; &nbsp ; &nbsp ; &nbsp ; &nbsp ; &nbsp ; &nbsp ; &nbsp ; &nbsp ; &nbsp ; &nbsp ; $ ord&nbsp ; &nbsp ; &nbsp ; &nbsp ; = &nbsp ; ord ( $ letter ) ; \r \n \r \n &nbsp ; &nbsp ; &nbsp ; &nbsp ; &nbsp ; &nbsp ; &nbsp ; &nbsp ; &nbsp ; &nbsp ; &nbsp ; &nbsp ; / * &nbsp ; the&nbsp ; first&nbsp ; letter&nbsp ; is&nbsp ; ascii , &nbsp ; try&nbsp ; to&nbsp ; get&nbsp ; a&nbsp ; word.&nbsp ; * / \r \n &nbsp ; &nbsp ; &nbsp ; &nbsp ; &nbsp ; &nbsp ; &nbsp ; &nbsp ; &nbsp ; &nbsp ; &nbsp ; &nbsp ; if ( $ ord&nbsp ; &gt ; = &nbsp ; 0&nbsp ; &amp ; &amp ; &nbsp ; $ ord&nbsp ; &lt ; = &nbsp ; 191 ) \r \n &nbsp ; &nbsp ; &nbsp ; &nbsp ; &nbsp ; &nbsp ; &nbsp ; &nbsp ; &nbsp ; &nbsp ; &nbsp ; &nbsp ; { \r \n &nbsp ; &nbsp ; &nbsp ; &nbsp ; &nbsp ; &nbsp ; &nbsp ; &nbsp ; &nbsp ; &nbsp ; &nbsp ; &nbsp ; &nbsp ; &nbsp ; &nbsp ; &nbsp ; $ i&nbsp ; + + ; \r \n &nbsp ; &nbsp ; &nbsp ; &nbsp ; &nbsp ; &nbsp ; &nbsp ; &nbsp ; &nbsp ; &nbsp ; &nbsp ; &nbsp ; &nbsp ; &nbsp ; &nbsp ; &nbsp ; if ( $ this-&gt ; isletter ( $ letter ) ) \r \n &nbsp ; &nbsp ; &nbsp ; &nbsp ; &nbsp ; &nbsp ; &nbsp ; &nbsp ; &nbsp ; &nbsp ; &nbsp ; &nbsp ; &nbsp ; &nbsp ; &nbsp ; &nbsp ; { \r \n &nbsp ; &nbsp ; &nbsp ; &nbsp ; &nbsp ; &nbsp ; &nbsp ; &nbsp ; &nbsp ; &nbsp ; &nbsp ; &nbsp ; &nbsp ; &nbsp ; &nbsp ; &nbsp ; &nbsp ; &nbsp ; &nbsp ; &nbsp ; $ word&nbsp ; = &nbsp ; $ letter ; \r \n &nbsp ; &nbsp ; &nbsp ; &nbsp ; &nbsp ; &nbsp ; &nbsp ; &nbsp ; &nbsp ; &nbsp ; &nbsp ; &nbsp ; &nbsp ; &nbsp ; &nbsp ; &nbsp ; &nbsp ; &nbsp ; &nbsp ; &nbsp ; while&nbsp ; ( $ i&nbsp ; &lt ; = &nbsp ; $ length ) \r \n &nbsp ; &nbsp ; &nbsp ; &nbsp ; &nbsp ; &nbsp ; &nbsp ; &nbsp ; &nbsp ; &nbsp ; &nbsp ; &nbsp ; &nbsp ; &nbsp ; &nbsp ; &nbsp ; &nbsp ; &nbsp ; &nbsp ; &nbsp ; { \r \n &nbsp ; &nbsp ; &nbsp ; &nbsp ; &nbsp ; &nbsp ; &nbsp ; &nbsp ; &nbsp ; &nbsp ; &nbsp ; &nbsp ; &nbsp ; &nbsp ; &nbsp ; &nbsp ; &nbsp ; &nbsp ; &nbsp ; &nbsp ; &nbsp ; &nbsp ; &nbsp ; &nbsp ; $ letter&nbsp ; = &nbsp ; substr ( $ string , &nbsp ; $ i , &nbsp ; 1 ) ; \r \n &nbsp ; &nbsp ; &nbsp ; &nbsp ; &nbsp ; &nbsp ; &nbsp ; &nbsp ; &nbsp ; &nbsp ; &nbsp ; &nbsp ; &nbsp ; &nbsp ; &nbsp ; &nbsp ; &nbsp ; &nbsp ; &nbsp ; &nbsp ; &nbsp ; &nbsp ; &nbsp ; &nbsp ; if ( &nbsp ; ! &nbsp ; $ this-&gt ; isletter ( $ letter ) ) &nbsp ; break ; \r \n &nbsp ; &nbsp ; &nbsp ; &nbsp ; &nbsp ; &nbsp ; &nbsp ; &nbsp ; &nbsp ; &nbsp ; &nbsp ; &nbsp ; &nbsp ; &nbsp ; &nbsp ; &nbsp ; &nbsp ; &nbsp ; &nbsp ; &nbsp ; &nbsp ; &nbsp ; &nbsp ; &nbsp ; $ word&nbsp ; . = &nbsp ; $ letter ; \r \n &nbsp ; &nbsp ; &nbsp ; &nbsp ; &nbsp ; &nbsp ; &nbsp ; &nbsp ; &nbsp ; &nbsp ; &nbsp ; &nbsp ; &nbsp ; &nbsp ; &nbsp ; &nbsp ; &nbsp ; &nbsp ; &nbsp ; &nbsp ; &nbsp ; &nbsp ; &nbsp ; &nbsp ; $ i + + ; \r \n &nbsp ; &nbsp ; &nbsp ; &nbsp ; &nbsp ; &nbsp ; &nbsp ; &nbsp ; &nbsp ; &nbsp ; &nbsp ; &nbsp ; &nbsp ; &nbsp ; &nbsp ; &nbsp ; &nbsp ; &nbsp ; &nbsp ; &nbsp ; } \r \n &nbsp ; &nbsp ; &nbsp ; &nbsp ; &nbsp ; &nbsp ; &nbsp ; &nbsp ; &nbsp ; &nbsp ; &nbsp ; &nbsp ; &nbsp ; &nbsp ; &nbsp ; &nbsp ; &nbsp ; &nbsp ; &nbsp ; &nbsp ; $ words&nbsp ; . = &nbsp ; & # 39 ; &nbsp ; & # 39 ; &nbsp ; .&nbsp ; $ word ; \r \n &nbsp ; &nbsp ; &nbsp ; &nbsp ; &nbsp ; &nbsp ; &nbsp ; &nbsp ; &nbsp ; &nbsp ; &nbsp ; &nbsp ; &nbsp ; &nbsp ; &nbsp ; &nbsp ; &nbsp ; &nbsp ; &nbsp ; &nbsp ; continue ; \r \n &nbsp ; &nbsp ; &nbsp ; &nbsp ; &nbsp ; &nbsp ; &nbsp ; &nbsp ; &nbsp ; &nbsp ; &nbsp ; &nbsp ; &nbsp ; &nbsp ; &nbsp ; &nbsp ; } \r \n &nbsp ; &nbsp ; &nbsp ; &nbsp ; &nbsp ; &nbsp ; &nbsp ; &nbsp ; &nbsp ; &nbsp ; &nbsp ; &nbsp ; &nbsp ; &nbsp ; &nbsp ; &nbsp ; $ words&nbsp ; . = &nbsp ; & # 39 ; &nbsp ; & # 39 ; &nbsp ; .&nbsp ; $ letter ; \r \n &nbsp ; &nbsp ; &nbsp ; &nbsp ; &nbsp ; &nbsp ; &nbsp ; &nbsp ; &nbsp ; &nbsp ; &nbsp ; &nbsp ; &nbsp ; &nbsp ; &nbsp ; &nbsp ; continue ; \r \n &nbsp ; &nbsp ; &nbsp ; &nbsp ; &nbsp ; &nbsp ; &nbsp ; &nbsp ; &nbsp ; &nbsp ; &nbsp ; &nbsp ; } \r \n \r \n &nbsp ; &nbsp ; &nbsp ; &nbsp ; &nbsp ; &nbsp ; &nbsp ; &nbsp ; &nbsp ; &nbsp ; &nbsp ; &nbsp ; if ( $ ord&nbsp ; &gt ; = &nbsp ; 192&nbsp ; &amp ; &amp ; &nbsp ; $ ord&nbsp ; &lt ; = &nbsp ; 223 ) &nbsp ; $ offset&nbsp ; = &nbsp ; 2 ; \r \n &nbsp ; &nbsp ; &nbsp ; &nbsp ; &nbsp ; &nbsp ; &nbsp ; &nbsp ; &nbsp ; &nbsp ; &nbsp ; &nbsp ; if ( $ ord&nbsp ; &gt ; = &nbsp ; 224&nbsp ; &amp ; &amp ; &nbsp ; $ ord&nbsp ; &lt ; = &nbsp ; 239 ) &nbsp ; $ offset&nbsp ; = &nbsp ; 3 ; \r \n &nbsp ; &nbsp ; &nbsp ; &nbsp ; &nbsp ; &nbsp ; &nbsp ; &nbsp ; &nbsp ; &nbsp ; &nbsp ; &nbsp ; if ( $ ord&nbsp ; &gt ; = &nbsp ; 240&nbsp ; &amp ; &amp ; &nbsp ; $ ord&nbsp ; &lt ; = &nbsp ; 247 ) &nbsp ; $ offset&nbsp ; = &nbsp ; 4 ; \r \n &nbsp ; &nbsp ; &nbsp ; &nbsp ; &nbsp ; &nbsp ; &nbsp ; &nbsp ; &nbsp ; &nbsp ; &nbsp ; &nbsp ; if ( $ ord&nbsp ; &gt ; = &nbsp ; 248&nbsp ; &amp ; &amp ; &nbsp ; $ ord&nbsp ; &lt ; = &nbsp ; 251 ) &nbsp ; $ offset&nbsp ; = &nbsp ; 5 ; \r \n &nbsp ; &nbsp ; &nbsp ; &nbsp ; &nbsp ; &nbsp ; &nbsp ; &nbsp ; &nbsp ; &nbsp ; &nbsp ; &nbsp ; if ( $ ord&nbsp ; &gt ; = &nbsp ; 252&nbsp ; &amp ; &amp ; &nbsp ; $ ord&nbsp ; &lt ; = &nbsp ; 253 ) &nbsp ; $ offset&nbsp ; = &nbsp ; 6 ; \r \n \r \n &nbsp ; &nbsp ; &nbsp ; &nbsp ; &nbsp ; &nbsp ; &nbsp ; &nbsp ; &nbsp ; &nbsp ; &nbsp ; &nbsp ; if ( $ offset&nbsp ; &gt ; = &nbsp ; 2 ) \r \n &nbsp ; &nbsp ; &nbsp ; &nbsp ; &nbsp ; &nbsp ; &nbsp ; &nbsp ; &nbsp ; &nbsp ; &nbsp ; &nbsp ; { \r \n &nbsp ; &nbsp ; &nbsp ; &nbsp ; &nbsp ; &nbsp ; &nbsp ; &nbsp ; &nbsp ; &nbsp ; &nbsp ; &nbsp ; &nbsp ; &nbsp ; &nbsp ; &nbsp ; $ dict [ $ this-&gt ; unicode ( substr ( $ string , &nbsp ; $ i , &nbsp ; $ offset ) ) ] &nbsp ; = &nbsp ; substr ( $ string , &nbsp ; $ i , &nbsp ; $ offset ) ; \r \n &nbsp ; &nbsp ; &nbsp ; &nbsp ; &nbsp ; &nbsp ; &nbsp ; &nbsp ; &nbsp ; &nbsp ; &nbsp ; &nbsp ; &nbsp ; &nbsp ; &nbsp ; &nbsp ; $ words&nbsp ; . = &nbsp ; & # 39 ; &nbsp ; & # 39 ; &nbsp ; .&nbsp ; $ this-&gt ; unicode ( substr ( $ string , &nbsp ; $ i , &nbsp ; $ offset ) ) ; \r \n &nbsp ; &nbsp ; &nbsp ; &nbsp ; &nbsp ; &nbsp ; &nbsp ; &nbsp ; &nbsp ; &nbsp ; &nbsp ; &nbsp ; &nbsp ; &nbsp ; &nbsp ; &nbsp ; $ i&nbsp ; + = &nbsp ; $ offset ; \r \n &nbsp ; &nbsp ; &nbsp ; &nbsp ; &nbsp ; &nbsp ; &nbsp ; &nbsp ; &nbsp ; &nbsp ; &nbsp ; &nbsp ; } \r \n &nbsp ; &nbsp ; &nbsp ; &nbsp ; &nbsp ; &nbsp ; &nbsp ; &nbsp ; } \r \n \r \n &nbsp ; &nbsp ; &nbsp ; &nbsp ; &nbsp ; &nbsp ; &nbsp ; &nbsp ; return&nbsp ; array ( & # 39 ; dict& # 39 ; &nbsp ; = &gt ; &nbsp ; $ dict , &nbsp ; & # 39 ; words& # 39 ; &nbsp ; = &gt ; &nbsp ; $ words ) ; \r \n &nbsp ; &nbsp ; &nbsp ; &nbsp ; } \r \n \r \n &nbsp ; &nbsp ; &nbsp ; &nbsp ; / * * \r \n &nbsp ; &nbsp ; &nbsp ; &nbsp ; &nbsp ; * &nbsp ; return&nbsp ; unicode&nbsp ; value&nbsp ; for&nbsp ; a&nbsp ; char.&nbsp ; \r \n &nbsp ; &nbsp ; &nbsp ; &nbsp ; &nbsp ; * &nbsp ; \r \n &nbsp ; &nbsp ; &nbsp ; &nbsp ; &nbsp ; * &nbsp ; @ param&nbsp ; &nbsp ; string&nbsp ; &nbsp ; &nbsp ; &nbsp ; $ c&nbsp ; \r \n &nbsp ; &nbsp ; &nbsp ; &nbsp ; &nbsp ; * &nbsp ; @ access&nbsp ; public \r \n &nbsp ; &nbsp ; &nbsp ; &nbsp ; &nbsp ; * &nbsp ; @ return&nbsp ; int \r \n &nbsp ; &nbsp ; &nbsp ; &nbsp ; &nbsp ; * / \r \n &nbsp ; &nbsp ; &nbsp ; &nbsp ; public&nbsp ; function&nbsp ; unicode ( $ c ) &nbsp ; \r \n &nbsp ; &nbsp ; &nbsp ; &nbsp ; { \r \n &nbsp ; &nbsp ; &nbsp ; &nbsp ; &nbsp ; &nbsp ; &nbsp ; &nbsp ; if ( ord ( $ c { 0 } ) &nbsp ; &gt ; = &nbsp ; 0&nbsp ; &nbsp ; &nbsp ; &amp ; &amp ; &nbsp ; ord ( $ c { 0 } ) &nbsp ; &lt ; = &nbsp ; 127 ) &nbsp ; return&nbsp ; &nbsp ; ord ( $ c { 0 } ) ; \r \n &nbsp ; &nbsp ; &nbsp ; &nbsp ; &nbsp ; &nbsp ; &nbsp ; &nbsp ; if ( ord ( $ c { 0 } ) &nbsp ; &gt ; = &nbsp ; 192&nbsp ; &amp ; &amp ; &nbsp ; ord ( $ c { 0 } ) &nbsp ; &lt ; = &nbsp ; 223 ) &nbsp ; return&nbsp ; ( ord ( $ c { 0 } ) &nbsp ; -&nbsp ; 192 ) &nbsp ; * &nbsp ; 64&nbsp ; &nbsp ; &nbsp ; &nbsp ; &nbsp ; &nbsp ; &nbsp ; &nbsp ; &nbsp ; + &nbsp ; ( ord ( $ c { 1 } ) &nbsp ; -&nbsp ; 128 ) ; \r \n &nbsp ; &nbsp ; &nbsp ; &nbsp ; &nbsp ; &nbsp ; &nbsp ; &nbsp ; if ( ord ( $ c { 0 } ) &nbsp ; &gt ; = &nbsp ; 224&nbsp ; &amp ; &amp ; &nbsp ; ord ( $ c { 0 } ) &nbsp ; &lt ; = &nbsp ; 239 ) &nbsp ; return&nbsp ; ( ord ( $ c { 0 } ) &nbsp ; -&nbsp ; 224 ) &nbsp ; * &nbsp ; 4096&nbsp ; &nbsp ; &nbsp ; &nbsp ; &nbsp ; &nbsp ; &nbsp ; + &nbsp ; ( ord ( $ c { 1 } ) &nbsp ; -&nbsp ; 128 ) &nbsp ; * &nbsp ; 64&nbsp ; &nbsp ; &nbsp ; &nbsp ; &nbsp ; &nbsp ; &nbsp ; + &nbsp ; ( ord ( $ c { 2 } ) &nbsp ; -&nbsp ; 128 ) ; \r \n &nbsp ; &nbsp ; &nbsp ; &nbsp ; &nbsp ; &nbsp ; &nbsp ; &nbsp ; if ( ord ( $ c { 0 } ) &nbsp ; &gt ; = &nbsp ; 240&nbsp ; &amp ; &amp ; &nbsp ; ord ( $ c { 0 } ) &nbsp ; &lt ; = &nbsp ; 247 ) &nbsp ; return&nbsp ; ( ord ( $ c { 0 } ) &nbsp ; -&nbsp ; 240 ) &nbsp ; * &nbsp ; 262144&nbsp ; &nbsp ; &nbsp ; &nbsp ; &nbsp ; + &nbsp ; ( ord ( $ c { 1 } ) &nbsp ; -&nbsp ; 128 ) &nbsp ; * &nbsp ; 4096&nbsp ; &nbsp ; &nbsp ; &nbsp ; &nbsp ; + &nbsp ; ( ord ( $ c { 2 } ) &nbsp ; -&nbsp ; 128 ) &nbsp ; * &nbsp ; 64&nbsp ; &nbsp ; &nbsp ; &nbsp ; &nbsp ; + &nbsp ; ( ord ( $ c { 3 } ) &nbsp ; -&nbsp ; 128 ) ; \r \n &nbsp ; &nbsp ; &nbsp ; &nbsp ; &nbsp ; &nbsp ; &nbsp ; &nbsp ; if ( ord ( $ c { 0 } ) &nbsp ; &gt ; = &nbsp ; 248&nbsp ; &amp ; &amp ; &nbsp ; ord ( $ c { 0 } ) &nbsp ; &lt ; = &nbsp ; 251 ) &nbsp ; return&nbsp ; ( ord ( $ c { 0 } ) &nbsp ; -&nbsp ; 248 ) &nbsp ; * &nbsp ; 16777216&nbsp ; &nbsp ; &nbsp ; + &nbsp ; ( ord ( $ c { 1 } ) &nbsp ; -&nbsp ; 128 ) &nbsp ; * &nbsp ; 262144&nbsp ; &nbsp ; &nbsp ; + &nbsp ; ( ord ( $ c { 2 } ) &nbsp ; -&nbsp ; 128 ) &nbsp ; * &nbsp ; 4096&nbsp ; &nbsp ; &nbsp ; + &nbsp ; ( ord ( $ c { 3 } ) &nbsp ; -&nbsp ; 128 ) &nbsp ; * &nbsp ; 64&nbsp ; &nbsp ; &nbsp ; + &nbsp ; ( ord ( $ c { 4 } ) &nbsp ; -&nbsp ; 128 ) ; \r \n &nbsp ; &nbsp ; &nbsp ; &nbsp ; &nbsp ; &nbsp ; &nbsp ; &nbsp ; if ( ord ( $ c { 0 } ) &nbsp ; &gt ; = &nbsp ; 252&nbsp ; &amp ; &amp ; &nbsp ; ord ( $ c { 0 } ) &nbsp ; &lt ; = &nbsp ; 253 ) &nbsp ; return&nbsp ; ( ord ( $ c { 0 } ) &nbsp ; -&nbsp ; 252 ) &nbsp ; * &nbsp ; 1073741824&nbsp ; + &nbsp ; ( ord ( $ c { 1 } ) &nbsp ; -&nbsp ; 128 ) &nbsp ; * &nbsp ; 16777216&nbsp ; + &nbsp ; ( ord ( $ c { 2 } ) &nbsp ; -&nbsp ; 128 ) &nbsp ; * &nbsp ; 262144&nbsp ; + &nbsp ; ( ord ( $ c { 3 } ) &nbsp ; -&nbsp ; 128 ) &nbsp ; * &nbsp ; 4096&nbsp ; + &nbsp ; ( ord ( $ c { 4 } ) &nbsp ; -&nbsp ; 128 ) &nbsp ; * &nbsp ; 64&nbsp ; + &nbsp ; ( ord ( $ c { 5 } ) &nbsp ; -&nbsp ; 128 ) ; \r \n \r \n &nbsp ; &nbsp ; &nbsp ; &nbsp ; &nbsp ; &nbsp ; &nbsp ; &nbsp ; if ( ord ( $ c { 0 } ) &nbsp ; &gt ; = &nbsp ; 254&nbsp ; &amp ; &amp ; &nbsp ; ord ( $ c { 0 } ) &nbsp ; &lt ; = &nbsp ; 255 ) &nbsp ; return&nbsp ; false ; \r \n &nbsp ; &nbsp ; &nbsp ; &nbsp ; &nbsp ; &nbsp ; &nbsp ; &nbsp ; return&nbsp ; false ; \r \n &nbsp ; &nbsp ; &nbsp ; &nbsp ; } \r \n \r \n &nbsp ; &nbsp ; &nbsp ; &nbsp ; / * * \r \n &nbsp ; &nbsp ; &nbsp ; &nbsp ; &nbsp ; * &nbsp ; judge&nbsp ; a&nbsp ; char&nbsp ; is&nbsp ; letter&nbsp ; or&nbsp ; not. \r \n &nbsp ; &nbsp ; &nbsp ; &nbsp ; &nbsp ; * &nbsp ; \r \n &nbsp ; &nbsp ; &nbsp ; &nbsp ; &nbsp ; * &nbsp ; @ param&nbsp ; &nbsp ; string&nbsp ; &nbsp ; &nbsp ; &nbsp ; $ letter&nbsp ; \r \n &nbsp ; &nbsp ; &nbsp ; &nbsp ; &nbsp ; * &nbsp ; @ access&nbsp ; public \r \n &nbsp ; &nbsp ; &nbsp ; &nbsp ; &nbsp ; * &nbsp ; @ return&nbsp ; bool \r \n &nbsp ; &nbsp ; &nbsp ; &nbsp ; &nbsp ; * / \r \n &nbsp ; &nbsp ; &nbsp ; &nbsp ; public&nbsp ; function&nbsp ; isletter ( $ letter ) \r \n &nbsp ; &nbsp ; &nbsp ; &nbsp ; { \r \n &nbsp ; &nbsp ; &nbsp ; &nbsp ; &nbsp ; &nbsp ; &nbsp ; &nbsp ; $ ord&nbsp ; = &nbsp ; ord ( $ letter ) ; \r \n &nbsp ; &nbsp ; &nbsp ; &nbsp ; &nbsp ; &nbsp ; &nbsp ; &nbsp ; if ( $ ord&nbsp ; &gt ; = &nbsp ; ord ( & # 39 ; a& # 39 ; ) &nbsp ; and&nbsp ; $ ord&nbsp ; &lt ; = &nbsp ; ord ( & # 39 ; z& # 39 ; ) ) &nbsp ; return&nbsp ; true ; \r \n &nbsp ; &nbsp ; &nbsp ; &nbsp ; &nbsp ; &nbsp ; &nbsp ; &nbsp ; if ( $ ord&nbsp ; &gt ; = &nbsp ; ord ( & # 39 ; a& # 39 ; ) &nbsp ; and&nbsp ; $ ord&nbsp ; &lt ; = &nbsp ; ord ( & # 39 ; z& # 39 ; ) ) &nbsp ; return&nbsp ; true ; \r \n &nbsp ; &nbsp ; &nbsp ; &nbsp ; &nbsp ; &nbsp ; &nbsp ; &nbsp ; if ( $ ord&nbsp ; &gt ; = &nbsp ; ord ( 0 ) &nbsp ; &nbsp ; &nbsp ; and&nbsp ; $ ord&nbsp ; &lt ; = &nbsp ; ord ( 9 ) ) &nbsp ; &nbsp ; &nbsp ; &nbsp ; return&nbsp ; true ; \r \n &nbsp ; &nbsp ; &nbsp ; &nbsp ; &nbsp ; &nbsp ; &nbsp ; &nbsp ; if ( strpos ( & # 39 ; ._/-&gt ; :&lt ; ?&amp ; & # 39 ; , &nbsp ; $ letter ) &nbsp ; ! = = &nbsp ; false ) &nbsp ; &nbsp ; &nbsp ; &nbsp ; &nbsp ; &nbsp ; return&nbsp ; true ; \r \n &nbsp ; &nbsp ; &nbsp ; &nbsp ; &nbsp ; &nbsp ; &nbsp ; &nbsp ; return&nbsp ; false ; \r \n &nbsp ; &nbsp ; &nbsp ; &nbsp ; } \r \n \r \n } 35843 29992 26041 27861 22914 19979 65306 $ titlesplited&nbsp ; &nbsp ; &nbsp ; = &nbsp ; $ spliterobject-&gt ; utf8split ( $ data [ & # 39 ; title& # 39 ; ] ) ; // 25991 31456 26631 39064 \r \n $ index [ & # 39 ; title& # 39 ; ] &nbsp ; &nbsp ; &nbsp ; = &nbsp ; $ titlesplited [ & # 39 ; words& # 39 ; ] ; &nbsp ; // 36825 26679 24471 21040 30340 20540 23601 26159 25991 31456 26631 39064 30340 utf-8 30340 unicode 30721 20102 12290 28982 21518 20445 23384 21040 34920 20013 12290 3 12289 24403 25105 20204 20316 25628 32034 30340 26102 20505 65292 21516 26679 30340 20808 25226 25628 32034 35789 36716 21270 20026 unicode 30721 65292 20877 29992 36825 20010 30721 26469 20316 sphinx 30340 25628 32034 $ object&nbsp ; = &nbsp ; new&nbsp ; \\ stdclass ( ) ; \r \n $ object-&gt ; keyword&nbsp ; = &nbsp ; request::input ( & # 39 ; keyword& # 39 ; ) ; \r \n $ searchprocess&nbsp ; = &nbsp ; new&nbsp ; process ( ) ; \r \n \r \n // 36825 37324 20854 23454 23601 26159 25226 keyword 36716 20026 unicode , 25105 23553 35013 20102 19968 19979 12290 \r \n $ keywordunicode&nbsp ; = &nbsp ; $ searchprocess-&gt ; preparekeyword ( $ object-&gt ; keyword ) ; \r \n \r \n // 28982 21518 36890 36807 sphinx 25628 32034 22788 29702 25968 25454 65292 26368 21518 25343 21040 25991 31456 30340 id , 21363 article_unicode 34920 20013 30340 article_id \r \n $ object-&gt ; sphinxresult_articleids&nbsp ; = &nbsp ; $ searchprocess-&gt ; sphinxsearch ( $ keywordunicode ) ; \r \n \r \n // 36890 36807 article_id 20877 26469 20570 24120 35268 30340 26597 35810 12290 \r \n $ articlelist&nbsp ; = &nbsp ; ( new&nbsp ; searchmodel ( ) ) -&gt ; activearticleinfobysearch ( $ object ) ; 36825 26679 23601 21487 20197 20102 12290 ', '1427256396', '1427285900');
INSERT INTO `bk_search_index` VALUES ('32', '63', ' [ php 25193 23637 30340 23433 35013 ] sphinx 25193 23637 30340 23433 35013 ', ' 31616 21333 30340 20171 32461 sphinx 25193 23637 30340 23433 35013 12290 ', ' 1 12289 19979 36733 25991 20214 wget&nbsp ; http://pecl.php.net/get/sphinx-1.3.2.tgz2 12289 32534 35793 23433 35013 tar&nbsp ; xzf&nbsp ; sphinx-1.3.2.tgz&nbsp ; \r \n phpize&nbsp ; # 25110 27491 30830 30340 phpize 23436 25972 21629 20196 \r \n ./configure 22914 26524 22312 25191 34892 configure 21629 20196 30340 26102 20505 20986 38169 65306 configure:&nbsp ; error:&nbsp ; cannot&nbsp ; find&nbsp ; libsphinxclient&nbsp ; headers 37027 20040 22312 sphinx 30340 23433 35013 21253 20013 65288 http://www.opcache.net/index/detail.html?id = 62   20013 30340 23433 35013 21253   65289 26377 /sphinx-2.2.8-release/api/libsphinxclient/ 36827 20837 21040 36825 20010 30446 24405 cd&nbsp ; 20320 30340 30446 24405 /sphinx-2.2.8-release/api/libsphinxclient/ 23433 35013 libsphinxclient./configure \r \n make&nbsp ; &amp ; &amp ; &nbsp ; make&nbsp ; install 23433 35013 23436 25104 21518 32487 32493 23433 35013 php 30340 sphinx 25193 23637 65292 35831 36820 22238 21018 25165 30340 36335 24452 19979 ./configure&nbsp ; --with-php-config = /alidata/server/php/bin/php-config \r \n make \r \n make&nbsp ; install 21040 27492 23433 35013 25104 21151 12290 3 12289 22914 26524 24819 30693 36947 22914 20309 23433 35013 sphinx , 35831 31227 27493 65306 http://www.opcache.net/index/detail.html?id = 62   22914 26524 24819 30693 36947 php 20013 22914 20309 22788 29702 65306 35831 31227 27493 65306 http://www.opcache.net/index/detail.html?id = 64&nbsp ; ', '1427187494', '1427198544');

-- ----------------------------
-- Table structure for `bk_users`
-- ----------------------------
DROP TABLE IF EXISTS `bk_users`;
CREATE TABLE `bk_users` (
  `id` int(11) NOT NULL AUTO_INCREMENT,
  `name` varchar(50) NOT NULL COMMENT '用户名',
  `password` varchar(255) NOT NULL COMMENT '用户密码',
  `group_id` int(11) NOT NULL,
  `realname` varchar(255) DEFAULT '' COMMENT '真实性名',
  `token` varchar(255) NOT NULL COMMENT '用户注册时的密钥',
  `add_time` bigint(20) NOT NULL COMMENT '用户注册的时间',
  `modify_time` bigint(20) DEFAULT NULL COMMENT '用户信息所修改的时间',
  `mobile` varchar(11) DEFAULT NULL COMMENT '手机',
  `status` tinyint(1) NOT NULL DEFAULT '1' COMMENT '用户禁用0正常的1',
  `mark` varchar(255) DEFAULT '' COMMENT '备注',
  `last_login_ip` varchar(255) DEFAULT NULL COMMENT '最后登录ip',
  `last_login_time` bigint(20) DEFAULT NULL,
  PRIMARY KEY (`id`),
  UNIQUE KEY `name` (`name`) USING BTREE,
  KEY `password` (`password`) USING BTREE,
  KEY `group_id` (`group_id`) USING BTREE
) ENGINE=InnoDB AUTO_INCREMENT=3 DEFAULT CHARSET=utf8 COMMENT='用户表_by_jiang';

-- ----------------------------
-- Records of bk_users
-- ----------------------------
INSERT INTO `bk_users` VALUES ('1', 'admin', '21614e55d78509f5b42bc10237c319c2', '1', '管理员', 'oyzzO7YxmgJHlAfdK5HaZMscegJPcTrw5drPQRS6bjlfAkTB6NELPvqpc12q', '0', null, '1', '1', '超级用户组', null, null);
INSERT INTO `bk_users` VALUES ('2', 'test', '96e79218965eb72c92a549dd5a330112', '4', 'test', '', '1427273006', null, '1', '1', '1', null, null);
